--
-- PostgreSQL database dump
--

\restrict T1WubeVDtVmMalJ7MjpLnKTy1gIBNQg4Air4eqT8QEd3LI5LLML7GwL4yjdhG1u

-- Dumped from database version 18.1 (Debian 18.1-1.pgdg12+2)
-- Dumped by pg_dump version 18.2 (Homebrew)

SET statement_timeout = 0;
SET lock_timeout = 0;
SET idle_in_transaction_session_timeout = 0;
SET client_encoding = 'UTF8';
SET standard_conforming_strings = on;
SELECT pg_catalog.set_config('search_path', '', false);
SET check_function_bodies = false;
SET xmloption = content;
SET client_min_messages = warning;
SET row_security = off;

--
-- Name: public; Type: SCHEMA; Schema: -; Owner: -
--

-- *not* creating schema, since initdb creates it


SET default_tablespace = '';

SET default_table_access_method = heap;

--
-- Name: actualizacion_datos_miembros_accesoactualizaciondatos; Type: TABLE; Schema: public; Owner: -
--

CREATE TABLE public.actualizacion_datos_miembros_accesoactualizaciondatos (
    id bigint CONSTRAINT actualizacion_datos_miembros_accesoactualizaciondat_id_not_null NOT NULL,
    token uuid CONSTRAINT actualizacion_datos_miembros_accesoactualizacion_token_not_null NOT NULL,
    activo boolean CONSTRAINT actualizacion_datos_miembros_accesoactualizacio_activo_not_null NOT NULL,
    creado_en timestamp with time zone CONSTRAINT actualizacion_datos_miembros_accesoactualiza_creado_en_not_null NOT NULL,
    actualizado_en timestamp with time zone CONSTRAINT actualizacion_datos_miembros_accesoactu_actualizado_en_not_null NOT NULL,
    ultimo_envio_en timestamp with time zone,
    miembro_id bigint CONSTRAINT actualizacion_datos_miembros_accesoactualiz_miembro_id_not_null NOT NULL
);


--
-- Name: actualizacion_datos_miembros_accesoactualizaciondatos_id_seq; Type: SEQUENCE; Schema: public; Owner: -
--

ALTER TABLE public.actualizacion_datos_miembros_accesoactualizaciondatos ALTER COLUMN id ADD GENERATED BY DEFAULT AS IDENTITY (
    SEQUENCE NAME public.actualizacion_datos_miembros_accesoactualizaciondatos_id_seq
    START WITH 1
    INCREMENT BY 1
    NO MINVALUE
    NO MAXVALUE
    CACHE 1
);


--
-- Name: actualizacion_datos_miembros_accesoaltafamilia; Type: TABLE; Schema: public; Owner: -
--

CREATE TABLE public.actualizacion_datos_miembros_accesoaltafamilia (
    id bigint NOT NULL,
    token uuid NOT NULL,
    activo boolean NOT NULL,
    creado_en timestamp with time zone CONSTRAINT actualizacion_datos_miembros_accesoaltafamil_creado_en_not_null NOT NULL,
    actualizado_en timestamp with time zone CONSTRAINT actualizacion_datos_miembros_accesoalta_actualizado_en_not_null NOT NULL,
    ultimo_envio_en timestamp with time zone
);


--
-- Name: actualizacion_datos_miembros_accesoaltafamilia_id_seq; Type: SEQUENCE; Schema: public; Owner: -
--

ALTER TABLE public.actualizacion_datos_miembros_accesoaltafamilia ALTER COLUMN id ADD GENERATED BY DEFAULT AS IDENTITY (
    SEQUENCE NAME public.actualizacion_datos_miembros_accesoaltafamilia_id_seq
    START WITH 1
    INCREMENT BY 1
    NO MINVALUE
    NO MAXVALUE
    CACHE 1
);


--
-- Name: actualizacion_datos_miembros_actualizaciondatosconfig; Type: TABLE; Schema: public; Owner: -
--

CREATE TABLE public.actualizacion_datos_miembros_actualizaciondatosconfig (
    id bigint CONSTRAINT actualizacion_datos_miembros_actualizaciondatosconf_id_not_null NOT NULL,
    activo boolean CONSTRAINT actualizacion_datos_miembros_actualizaciondatos_activo_not_null NOT NULL,
    campos_permitidos jsonb CONSTRAINT actualizacion_datos_miembros_actuali_campos_permitidos_not_null NOT NULL,
    actualizado_en timestamp with time zone CONSTRAINT actualizacion_datos_miembros_actualizac_actualizado_en_not_null NOT NULL
);


--
-- Name: actualizacion_datos_miembros_actualizaciondatosconfig_id_seq; Type: SEQUENCE; Schema: public; Owner: -
--

ALTER TABLE public.actualizacion_datos_miembros_actualizaciondatosconfig ALTER COLUMN id ADD GENERATED BY DEFAULT AS IDENTITY (
    SEQUENCE NAME public.actualizacion_datos_miembros_actualizaciondatosconfig_id_seq
    START WITH 1
    INCREMENT BY 1
    NO MINVALUE
    NO MAXVALUE
    CACHE 1
);


--
-- Name: actualizacion_datos_miembros_altafamilialog; Type: TABLE; Schema: public; Owner: -
--

CREATE TABLE public.actualizacion_datos_miembros_altafamilialog (
    id bigint NOT NULL,
    creado_en timestamp with time zone NOT NULL,
    conyuge_id integer,
    padre_id integer,
    madre_id integer,
    hijos_ids jsonb NOT NULL,
    relaciones_creadas jsonb CONSTRAINT actualizacion_datos_miembros_altafa_relaciones_creadas_not_null NOT NULL,
    alertas jsonb NOT NULL,
    acceso_id bigint,
    principal_id bigint,
    estado character varying(20) NOT NULL,
    ip_origen inet,
    nota_admin text NOT NULL,
    revisado_en timestamp with time zone,
    revisado_por_id integer,
    user_agent character varying(255) NOT NULL
);


--
-- Name: actualizacion_datos_miembros_altafamilialog_id_seq; Type: SEQUENCE; Schema: public; Owner: -
--

ALTER TABLE public.actualizacion_datos_miembros_altafamilialog ALTER COLUMN id ADD GENERATED BY DEFAULT AS IDENTITY (
    SEQUENCE NAME public.actualizacion_datos_miembros_altafamilialog_id_seq
    START WITH 1
    INCREMENT BY 1
    NO MINVALUE
    NO MAXVALUE
    CACHE 1
);


--
-- Name: actualizacion_datos_miembros_altamasivaconfig; Type: TABLE; Schema: public; Owner: -
--

CREATE TABLE public.actualizacion_datos_miembros_altamasivaconfig (
    id bigint NOT NULL,
    activo boolean NOT NULL,
    actualizado_en timestamp with time zone CONSTRAINT actualizacion_datos_miembros_altamasiva_actualizado_en_not_null NOT NULL,
    mensaje_compartir text CONSTRAINT actualizacion_datos_miembros_altamas_mensaje_compartir_not_null NOT NULL
);


--
-- Name: actualizacion_datos_miembros_altamasivaconfig_id_seq; Type: SEQUENCE; Schema: public; Owner: -
--

ALTER TABLE public.actualizacion_datos_miembros_altamasivaconfig ALTER COLUMN id ADD GENERATED BY DEFAULT AS IDENTITY (
    SEQUENCE NAME public.actualizacion_datos_miembros_altamasivaconfig_id_seq
    START WITH 1
    INCREMENT BY 1
    NO MINVALUE
    NO MAXVALUE
    CACHE 1
);


--
-- Name: actualizacion_datos_miembros_solicitudactualizacionmiembro; Type: TABLE; Schema: public; Owner: -
--

CREATE TABLE public.actualizacion_datos_miembros_solicitudactualizacionmiembro (
    id bigint CONSTRAINT actualizacion_datos_miembros_solicitudactualizacion_id_not_null NOT NULL,
    estado character varying(20) CONSTRAINT actualizacion_datos_miembros_solicitudactualiza_estado_not_null NOT NULL,
    telefono character varying(20) CONSTRAINT actualizacion_datos_miembros_solicitudactuali_telefono_not_null NOT NULL,
    whatsapp character varying(20) CONSTRAINT actualizacion_datos_miembros_solicitudactuali_whatsapp_not_null NOT NULL,
    email character varying(254) CONSTRAINT actualizacion_datos_miembros_solicitudactualizac_email_not_null NOT NULL,
    direccion text CONSTRAINT actualizacion_datos_miembros_solicitudactual_direccion_not_null NOT NULL,
    sector character varying(100) CONSTRAINT actualizacion_datos_miembros_solicitudactualiza_sector_not_null NOT NULL,
    ciudad character varying(100) CONSTRAINT actualizacion_datos_miembros_solicitudactualiza_ciudad_not_null NOT NULL,
    provincia character varying(100) CONSTRAINT actualizacion_datos_miembros_solicitudactual_provincia_not_null NOT NULL,
    codigo_postal character varying(20) CONSTRAINT actualizacion_datos_miembros_solicitudac_codigo_postal_not_null NOT NULL,
    empleador character varying(150) CONSTRAINT actualizacion_datos_miembros_solicitudactual_empleador_not_null NOT NULL,
    puesto character varying(100) CONSTRAINT actualizacion_datos_miembros_solicitudactualiza_puesto_not_null NOT NULL,
    telefono_trabajo character varying(20) CONSTRAINT actualizacion_datos_miembros_solicitu_telefono_trabajo_not_null NOT NULL,
    direccion_trabajo text CONSTRAINT actualizacion_datos_miembros_solicit_direccion_trabajo_not_null NOT NULL,
    contacto_emergencia_nombre character varying(150) CONSTRAINT actualizacion_datos_miembro_contacto_emergencia_nombre_not_null NOT NULL,
    contacto_emergencia_telefono character varying(20) CONSTRAINT actualizacion_datos_miembro_contacto_emergencia_telefo_not_null NOT NULL,
    contacto_emergencia_relacion character varying(50) CONSTRAINT actualizacion_datos_miembro_contacto_emergencia_relaci_not_null NOT NULL,
    tipo_sangre character varying(10) CONSTRAINT actualizacion_datos_miembros_solicitudactu_tipo_sangre_not_null NOT NULL,
    alergias text CONSTRAINT actualizacion_datos_miembros_solicitudactuali_alergias_not_null NOT NULL,
    condiciones_medicas text CONSTRAINT actualizacion_datos_miembros_solic_condiciones_medicas_not_null NOT NULL,
    medicamentos text CONSTRAINT actualizacion_datos_miembros_solicitudact_medicamentos_not_null NOT NULL,
    creado_en timestamp with time zone CONSTRAINT actualizacion_datos_miembros_solicitudactual_creado_en_not_null NOT NULL,
    ip_origen inet,
    user_agent character varying(255) CONSTRAINT actualizacion_datos_miembros_solicitudactua_user_agent_not_null NOT NULL,
    revisado_en timestamp with time zone,
    nota_admin text CONSTRAINT actualizacion_datos_miembros_solicitudactua_nota_admin_not_null NOT NULL,
    miembro_id bigint CONSTRAINT actualizacion_datos_miembros_solicitudactua_miembro_id_not_null NOT NULL,
    revisado_por_id integer,
    fecha_bautismo date,
    fecha_conversion date,
    fecha_ingreso_iglesia date,
    iglesia_anterior character varying(150) CONSTRAINT actualizacion_datos_miembros_solicitu_iglesia_anterior_not_null NOT NULL,
    estado_civil character varying(20) CONSTRAINT actualizacion_datos_miembros_solicitudact_estado_civil_not_null NOT NULL,
    lugar_nacimiento character varying(150) CONSTRAINT actualizacion_datos_miembros_solicitu_lugar_nacimiento_not_null NOT NULL,
    nacionalidad character varying(100) CONSTRAINT actualizacion_datos_miembros_solicitudact_nacionalidad_not_null NOT NULL,
    nivel_educativo character varying(50) CONSTRAINT actualizacion_datos_miembros_solicitud_nivel_educativo_not_null NOT NULL,
    pasaporte character varying(30) CONSTRAINT actualizacion_datos_miembros_solicitudactual_pasaporte_not_null NOT NULL,
    profesion character varying(100) CONSTRAINT actualizacion_datos_miembros_solicitudactual_profesion_not_null NOT NULL,
    telefono_secundario character varying(20) CONSTRAINT actualizacion_datos_miembros_solic_telefono_secundario_not_null NOT NULL
);


--
-- Name: actualizacion_datos_miembros_solicitudactualizacionmiemb_id_seq; Type: SEQUENCE; Schema: public; Owner: -
--

ALTER TABLE public.actualizacion_datos_miembros_solicitudactualizacionmiembro ALTER COLUMN id ADD GENERATED BY DEFAULT AS IDENTITY (
    SEQUENCE NAME public.actualizacion_datos_miembros_solicitudactualizacionmiemb_id_seq
    START WITH 1
    INCREMENT BY 1
    NO MINVALUE
    NO MAXVALUE
    CACHE 1
);


--
-- Name: actualizacion_datos_miembros_solicitudaltamiembro; Type: TABLE; Schema: public; Owner: -
--

CREATE TABLE public.actualizacion_datos_miembros_solicitudaltamiembro (
    id bigint NOT NULL,
    estado character varying(20) CONSTRAINT actualizacion_datos_miembros_solicitudaltamiemb_estado_not_null NOT NULL,
    nombres character varying(100) CONSTRAINT actualizacion_datos_miembros_solicitudaltamiem_nombres_not_null NOT NULL,
    apellidos character varying(100) CONSTRAINT actualizacion_datos_miembros_solicitudaltami_apellidos_not_null NOT NULL,
    genero character varying(20) CONSTRAINT actualizacion_datos_miembros_solicitudaltamiemb_genero_not_null NOT NULL,
    fecha_nacimiento date CONSTRAINT actualizacion_datos_miembros_solicitu_fecha_nacimiento_not_null NOT NULL,
    estado_miembro character varying(30) CONSTRAINT actualizacion_datos_miembros_solicituda_estado_miembro_not_null NOT NULL,
    telefono character varying(20) CONSTRAINT actualizacion_datos_miembros_solicitudaltamie_telefono_not_null NOT NULL,
    creado_en timestamp with time zone CONSTRAINT actualizacion_datos_miembros_solicitudaltami_creado_en_not_null NOT NULL,
    ip_origen inet,
    user_agent character varying(255) CONSTRAINT actualizacion_datos_miembros_solicitudaltam_user_agent_not_null NOT NULL,
    revisado_en timestamp with time zone,
    nota_admin text CONSTRAINT actualizacion_datos_miembros_solicitudaltam_nota_admin_not_null NOT NULL,
    revisado_por_id integer,
    direccion text CONSTRAINT actualizacion_datos_miembros_solicitudaltami_direccion_not_null NOT NULL,
    sector character varying(100) CONSTRAINT actualizacion_datos_miembros_solicitudaltamiemb_sector_not_null NOT NULL,
    whatsapp character varying(20) CONSTRAINT actualizacion_datos_miembros_solicitudaltamie_whatsapp_not_null NOT NULL,
    cedula character varying(20) CONSTRAINT actualizacion_datos_miembros_solicitudaltamiemb_cedula_not_null NOT NULL,
    foto character varying(100)
);


--
-- Name: actualizacion_datos_miembros_solicitudaltamiembro_id_seq; Type: SEQUENCE; Schema: public; Owner: -
--

ALTER TABLE public.actualizacion_datos_miembros_solicitudaltamiembro ALTER COLUMN id ADD GENERATED BY DEFAULT AS IDENTITY (
    SEQUENCE NAME public.actualizacion_datos_miembros_solicitudaltamiembro_id_seq
    START WITH 1
    INCREMENT BY 1
    NO MINVALUE
    NO MAXVALUE
    CACHE 1
);


--
-- Name: agenda_app_actividad; Type: TABLE; Schema: public; Owner: -
--

CREATE TABLE public.agenda_app_actividad (
    id bigint NOT NULL,
    titulo character varying(120) NOT NULL,
    fecha date NOT NULL,
    hora_inicio time without time zone,
    hora_fin time without time zone,
    tipo character varying(20) NOT NULL,
    lugar character varying(120) NOT NULL,
    responsable_texto character varying(120) NOT NULL,
    descripcion text NOT NULL,
    estado character varying(20) NOT NULL,
    created_at timestamp with time zone NOT NULL,
    updated_at timestamp with time zone NOT NULL,
    unidad_id bigint,
    visibilidad character varying(10) NOT NULL
);


--
-- Name: agenda_app_actividad_id_seq; Type: SEQUENCE; Schema: public; Owner: -
--

ALTER TABLE public.agenda_app_actividad ALTER COLUMN id ADD GENERATED BY DEFAULT AS IDENTITY (
    SEQUENCE NAME public.agenda_app_actividad_id_seq
    START WITH 1
    INCREMENT BY 1
    NO MINVALUE
    NO MAXVALUE
    CACHE 1
);


--
-- Name: agenda_app_actividadrecordatorio; Type: TABLE; Schema: public; Owner: -
--

CREATE TABLE public.agenda_app_actividadrecordatorio (
    id bigint NOT NULL,
    minutos_antes integer NOT NULL,
    enviado_en timestamp with time zone,
    creado_en timestamp with time zone NOT NULL,
    actividad_id bigint NOT NULL,
    CONSTRAINT agenda_app_actividadrecordatorio_minutos_antes_check CHECK ((minutos_antes >= 0))
);


--
-- Name: agenda_app_actividadrecordatorio_id_seq; Type: SEQUENCE; Schema: public; Owner: -
--

ALTER TABLE public.agenda_app_actividadrecordatorio ALTER COLUMN id ADD GENERATED BY DEFAULT AS IDENTITY (
    SEQUENCE NAME public.agenda_app_actividadrecordatorio_id_seq
    START WITH 1
    INCREMENT BY 1
    NO MINVALUE
    NO MAXVALUE
    CACHE 1
);


--
-- Name: auth_group; Type: TABLE; Schema: public; Owner: -
--

CREATE TABLE public.auth_group (
    id integer NOT NULL,
    name character varying(150) NOT NULL
);


--
-- Name: auth_group_id_seq; Type: SEQUENCE; Schema: public; Owner: -
--

ALTER TABLE public.auth_group ALTER COLUMN id ADD GENERATED BY DEFAULT AS IDENTITY (
    SEQUENCE NAME public.auth_group_id_seq
    START WITH 1
    INCREMENT BY 1
    NO MINVALUE
    NO MAXVALUE
    CACHE 1
);


--
-- Name: auth_group_permissions; Type: TABLE; Schema: public; Owner: -
--

CREATE TABLE public.auth_group_permissions (
    id bigint NOT NULL,
    group_id integer NOT NULL,
    permission_id integer NOT NULL
);


--
-- Name: auth_group_permissions_id_seq; Type: SEQUENCE; Schema: public; Owner: -
--

ALTER TABLE public.auth_group_permissions ALTER COLUMN id ADD GENERATED BY DEFAULT AS IDENTITY (
    SEQUENCE NAME public.auth_group_permissions_id_seq
    START WITH 1
    INCREMENT BY 1
    NO MINVALUE
    NO MAXVALUE
    CACHE 1
);


--
-- Name: auth_permission; Type: TABLE; Schema: public; Owner: -
--

CREATE TABLE public.auth_permission (
    id integer NOT NULL,
    name character varying(255) NOT NULL,
    content_type_id integer NOT NULL,
    codename character varying(100) NOT NULL
);


--
-- Name: auth_permission_id_seq; Type: SEQUENCE; Schema: public; Owner: -
--

ALTER TABLE public.auth_permission ALTER COLUMN id ADD GENERATED BY DEFAULT AS IDENTITY (
    SEQUENCE NAME public.auth_permission_id_seq
    START WITH 1
    INCREMENT BY 1
    NO MINVALUE
    NO MAXVALUE
    CACHE 1
);


--
-- Name: auth_user; Type: TABLE; Schema: public; Owner: -
--

CREATE TABLE public.auth_user (
    id integer NOT NULL,
    password character varying(128) NOT NULL,
    last_login timestamp with time zone,
    is_superuser boolean NOT NULL,
    username character varying(150) NOT NULL,
    first_name character varying(150) NOT NULL,
    last_name character varying(150) NOT NULL,
    email character varying(254) NOT NULL,
    is_staff boolean NOT NULL,
    is_active boolean NOT NULL,
    date_joined timestamp with time zone NOT NULL
);


--
-- Name: auth_user_groups; Type: TABLE; Schema: public; Owner: -
--

CREATE TABLE public.auth_user_groups (
    id bigint NOT NULL,
    user_id integer NOT NULL,
    group_id integer NOT NULL
);


--
-- Name: auth_user_groups_id_seq; Type: SEQUENCE; Schema: public; Owner: -
--

ALTER TABLE public.auth_user_groups ALTER COLUMN id ADD GENERATED BY DEFAULT AS IDENTITY (
    SEQUENCE NAME public.auth_user_groups_id_seq
    START WITH 1
    INCREMENT BY 1
    NO MINVALUE
    NO MAXVALUE
    CACHE 1
);


--
-- Name: auth_user_id_seq; Type: SEQUENCE; Schema: public; Owner: -
--

ALTER TABLE public.auth_user ALTER COLUMN id ADD GENERATED BY DEFAULT AS IDENTITY (
    SEQUENCE NAME public.auth_user_id_seq
    START WITH 1
    INCREMENT BY 1
    NO MINVALUE
    NO MAXVALUE
    CACHE 1
);


--
-- Name: auth_user_user_permissions; Type: TABLE; Schema: public; Owner: -
--

CREATE TABLE public.auth_user_user_permissions (
    id bigint NOT NULL,
    user_id integer NOT NULL,
    permission_id integer NOT NULL
);


--
-- Name: auth_user_user_permissions_id_seq; Type: SEQUENCE; Schema: public; Owner: -
--

ALTER TABLE public.auth_user_user_permissions ALTER COLUMN id ADD GENERATED BY DEFAULT AS IDENTITY (
    SEQUENCE NAME public.auth_user_user_permissions_id_seq
    START WITH 1
    INCREMENT BY 1
    NO MINVALUE
    NO MAXVALUE
    CACHE 1
);


--
-- Name: codigo_qr_qrenvio; Type: TABLE; Schema: public; Owner: -
--

CREATE TABLE public.codigo_qr_qrenvio (
    id bigint NOT NULL,
    telefono character varying(30) NOT NULL,
    mensaje text NOT NULL,
    estado character varying(20) NOT NULL,
    creado_en timestamp with time zone NOT NULL,
    enviado_en timestamp with time zone,
    creado_por_id integer,
    enviado_por_id integer,
    miembro_id bigint NOT NULL,
    token_id bigint NOT NULL
);


--
-- Name: codigo_qr_qrenvio_id_seq; Type: SEQUENCE; Schema: public; Owner: -
--

ALTER TABLE public.codigo_qr_qrenvio ALTER COLUMN id ADD GENERATED BY DEFAULT AS IDENTITY (
    SEQUENCE NAME public.codigo_qr_qrenvio_id_seq
    START WITH 1
    INCREMENT BY 1
    NO MINVALUE
    NO MAXVALUE
    CACHE 1
);


--
-- Name: codigo_qr_qrscanlog; Type: TABLE; Schema: public; Owner: -
--

CREATE TABLE public.codigo_qr_qrscanlog (
    id bigint NOT NULL,
    modo character varying(30) NOT NULL,
    resultado character varying(30) NOT NULL,
    ip inet,
    user_agent text NOT NULL,
    creado_en timestamp with time zone NOT NULL,
    escaneado_por_id integer,
    token_id bigint NOT NULL
);


--
-- Name: codigo_qr_qrscanlog_id_seq; Type: SEQUENCE; Schema: public; Owner: -
--

ALTER TABLE public.codigo_qr_qrscanlog ALTER COLUMN id ADD GENERATED BY DEFAULT AS IDENTITY (
    SEQUENCE NAME public.codigo_qr_qrscanlog_id_seq
    START WITH 1
    INCREMENT BY 1
    NO MINVALUE
    NO MAXVALUE
    CACHE 1
);


--
-- Name: codigo_qr_qrtoken; Type: TABLE; Schema: public; Owner: -
--

CREATE TABLE public.codigo_qr_qrtoken (
    id bigint NOT NULL,
    token character varying(64) NOT NULL,
    activo boolean NOT NULL,
    creado_en timestamp with time zone NOT NULL,
    expira_en timestamp with time zone,
    miembro_id bigint
);


--
-- Name: codigo_qr_qrtoken_id_seq; Type: SEQUENCE; Schema: public; Owner: -
--

ALTER TABLE public.codigo_qr_qrtoken ALTER COLUMN id ADD GENERATED BY DEFAULT AS IDENTITY (
    SEQUENCE NAME public.codigo_qr_qrtoken_id_seq
    START WITH 1
    INCREMENT BY 1
    NO MINVALUE
    NO MAXVALUE
    CACHE 1
);


--
-- Name: core_configuracionsistema; Type: TABLE; Schema: public; Owner: -
--

CREATE TABLE public.core_configuracionsistema (
    id bigint NOT NULL,
    nombre_iglesia character varying(150) NOT NULL,
    email_oficial character varying(254) NOT NULL,
    telefono_oficial character varying(50) NOT NULL,
    direccion text NOT NULL,
    logo character varying(100),
    edad_minima_miembro_oficial integer NOT NULL,
    whatsapp_oficial character varying(50) NOT NULL,
    pie_cartas text NOT NULL,
    color_primario character varying(20) NOT NULL,
    color_secundario character varying(20) NOT NULL,
    denominacion character varying(100) NOT NULL,
    formato_fecha_corta character varying(20) NOT NULL,
    formato_fecha_larga character varying(50) NOT NULL,
    lema character varying(150) NOT NULL,
    logo_oscuro character varying(100),
    modo_impresion character varying(20) NOT NULL,
    nombre_corto character varying(100) NOT NULL,
    plantilla_pdf_fondo character varying(100),
    zona_horaria character varying(50) NOT NULL,
    email_from_address character varying(254) NOT NULL,
    email_from_name character varying(100) NOT NULL,
    email_pastor character varying(254) NOT NULL,
    enviar_copia_a_pastor boolean NOT NULL,
    mostrar_direccion_en_reportes boolean CONSTRAINT core_configuracionsistema_mostrar_direccion_en_reporte_not_null NOT NULL,
    mostrar_logo_en_reportes boolean NOT NULL,
    pastor_principal character varying(150) NOT NULL,
    encargado_comunicaciones character varying(150) NOT NULL,
    facebook_url character varying(200) NOT NULL,
    horario_atencion character varying(150) NOT NULL,
    instagram_url character varying(200) NOT NULL,
    mensaje_institucional_corto character varying(150) NOT NULL,
    sitio_web character varying(200) NOT NULL,
    codigo_miembro_prefijo character varying(20) NOT NULL,
    codigo_iglesia character varying(50) NOT NULL,
    conyuge_pastor character varying(150) NOT NULL,
    credencial_conyuge character varying(30) NOT NULL,
    credencial_pastor character varying(30) NOT NULL,
    presbiterio_nombre character varying(150) NOT NULL,
    presbitero_nombre character varying(150) NOT NULL,
    CONSTRAINT core_configuracionsistema_edad_minima_miembro_oficial_check CHECK ((edad_minima_miembro_oficial >= 0))
);


--
-- Name: core_configuracionsistema_id_seq; Type: SEQUENCE; Schema: public; Owner: -
--

ALTER TABLE public.core_configuracionsistema ALTER COLUMN id ADD GENERATED BY DEFAULT AS IDENTITY (
    SEQUENCE NAME public.core_configuracionsistema_id_seq
    START WITH 1
    INCREMENT BY 1
    NO MINVALUE
    NO MAXVALUE
    CACHE 1
);


--
-- Name: core_documentocompartido; Type: TABLE; Schema: public; Owner: -
--

CREATE TABLE public.core_documentocompartido (
    id bigint NOT NULL,
    token character varying(64) NOT NULL,
    titulo character varying(200) NOT NULL,
    descripcion text NOT NULL,
    archivo character varying(100) NOT NULL,
    creado_en timestamp with time zone NOT NULL,
    expira_en timestamp with time zone,
    activo boolean NOT NULL,
    creado_por_id integer
);


--
-- Name: core_documentocompartido_id_seq; Type: SEQUENCE; Schema: public; Owner: -
--

ALTER TABLE public.core_documentocompartido ALTER COLUMN id ADD GENERATED BY DEFAULT AS IDENTITY (
    SEQUENCE NAME public.core_documentocompartido_id_seq
    START WITH 1
    INCREMENT BY 1
    NO MINVALUE
    NO MAXVALUE
    CACHE 1
);


--
-- Name: core_module; Type: TABLE; Schema: public; Owner: -
--

CREATE TABLE public.core_module (
    id bigint NOT NULL,
    name character varying(100) NOT NULL,
    code character varying(50) NOT NULL,
    description text NOT NULL,
    icon character varying(100) NOT NULL,
    color character varying(20) NOT NULL,
    url_name character varying(100) NOT NULL,
    is_enabled boolean NOT NULL,
    "order" integer NOT NULL,
    CONSTRAINT core_module_order_check CHECK (("order" >= 0))
);


--
-- Name: core_module_id_seq; Type: SEQUENCE; Schema: public; Owner: -
--

ALTER TABLE public.core_module ALTER COLUMN id ADD GENERATED BY DEFAULT AS IDENTITY (
    SEQUENCE NAME public.core_module_id_seq
    START WITH 1
    INCREMENT BY 1
    NO MINVALUE
    NO MAXVALUE
    CACHE 1
);


--
-- Name: core_userengagement; Type: TABLE; Schema: public; Owner: -
--

CREATE TABLE public.core_userengagement (
    id bigint NOT NULL,
    login_count integer NOT NULL,
    current_streak integer NOT NULL,
    max_streak integer NOT NULL,
    last_login_date date,
    shown_message_ids jsonb NOT NULL,
    user_id integer NOT NULL,
    CONSTRAINT core_userengagement_current_streak_check CHECK ((current_streak >= 0)),
    CONSTRAINT core_userengagement_login_count_check CHECK ((login_count >= 0)),
    CONSTRAINT core_userengagement_max_streak_check CHECK ((max_streak >= 0))
);


--
-- Name: core_userengagement_id_seq; Type: SEQUENCE; Schema: public; Owner: -
--

ALTER TABLE public.core_userengagement ALTER COLUMN id ADD GENERATED BY DEFAULT AS IDENTITY (
    SEQUENCE NAME public.core_userengagement_id_seq
    START WITH 1
    INCREMENT BY 1
    NO MINVALUE
    NO MAXVALUE
    CACHE 1
);


--
-- Name: core_userloginhistory; Type: TABLE; Schema: public; Owner: -
--

CREATE TABLE public.core_userloginhistory (
    id bigint NOT NULL,
    login_at timestamp with time zone NOT NULL,
    ip_address inet,
    user_agent text NOT NULL,
    user_id integer NOT NULL
);


--
-- Name: core_userloginhistory_id_seq; Type: SEQUENCE; Schema: public; Owner: -
--

ALTER TABLE public.core_userloginhistory ALTER COLUMN id ADD GENERATED BY DEFAULT AS IDENTITY (
    SEQUENCE NAME public.core_userloginhistory_id_seq
    START WITH 1
    INCREMENT BY 1
    NO MINVALUE
    NO MAXVALUE
    CACHE 1
);


--
-- Name: core_usuariotemporal; Type: TABLE; Schema: public; Owner: -
--

CREATE TABLE public.core_usuariotemporal (
    id bigint NOT NULL,
    fecha_creacion timestamp with time zone NOT NULL,
    fecha_expiracion timestamp with time zone NOT NULL,
    motivo character varying(200) NOT NULL,
    notas text NOT NULL,
    activo boolean NOT NULL,
    password_temporal character varying(50) NOT NULL,
    ultimo_acceso timestamp with time zone,
    accesos_count integer NOT NULL,
    creado_por_id integer,
    user_id integer NOT NULL,
    CONSTRAINT core_usuariotemporal_accesos_count_check CHECK ((accesos_count >= 0))
);


--
-- Name: core_usuariotemporal_id_seq; Type: SEQUENCE; Schema: public; Owner: -
--

ALTER TABLE public.core_usuariotemporal ALTER COLUMN id ADD GENERATED BY DEFAULT AS IDENTITY (
    SEQUENCE NAME public.core_usuariotemporal_id_seq
    START WITH 1
    INCREMENT BY 1
    NO MINVALUE
    NO MAXVALUE
    CACHE 1
);


--
-- Name: django_admin_log; Type: TABLE; Schema: public; Owner: -
--

CREATE TABLE public.django_admin_log (
    id integer NOT NULL,
    action_time timestamp with time zone NOT NULL,
    object_id text,
    object_repr character varying(200) NOT NULL,
    action_flag smallint NOT NULL,
    change_message text NOT NULL,
    content_type_id integer,
    user_id integer NOT NULL,
    CONSTRAINT django_admin_log_action_flag_check CHECK ((action_flag >= 0))
);


--
-- Name: django_admin_log_id_seq; Type: SEQUENCE; Schema: public; Owner: -
--

ALTER TABLE public.django_admin_log ALTER COLUMN id ADD GENERATED BY DEFAULT AS IDENTITY (
    SEQUENCE NAME public.django_admin_log_id_seq
    START WITH 1
    INCREMENT BY 1
    NO MINVALUE
    NO MAXVALUE
    CACHE 1
);


--
-- Name: django_content_type; Type: TABLE; Schema: public; Owner: -
--

CREATE TABLE public.django_content_type (
    id integer NOT NULL,
    app_label character varying(100) NOT NULL,
    model character varying(100) NOT NULL
);


--
-- Name: django_content_type_id_seq; Type: SEQUENCE; Schema: public; Owner: -
--

ALTER TABLE public.django_content_type ALTER COLUMN id ADD GENERATED BY DEFAULT AS IDENTITY (
    SEQUENCE NAME public.django_content_type_id_seq
    START WITH 1
    INCREMENT BY 1
    NO MINVALUE
    NO MAXVALUE
    CACHE 1
);


--
-- Name: django_migrations; Type: TABLE; Schema: public; Owner: -
--

CREATE TABLE public.django_migrations (
    id bigint NOT NULL,
    app character varying(255) NOT NULL,
    name character varying(255) NOT NULL,
    applied timestamp with time zone NOT NULL
);


--
-- Name: django_migrations_id_seq; Type: SEQUENCE; Schema: public; Owner: -
--

ALTER TABLE public.django_migrations ALTER COLUMN id ADD GENERATED BY DEFAULT AS IDENTITY (
    SEQUENCE NAME public.django_migrations_id_seq
    START WITH 1
    INCREMENT BY 1
    NO MINVALUE
    NO MAXVALUE
    CACHE 1
);


--
-- Name: django_session; Type: TABLE; Schema: public; Owner: -
--

CREATE TABLE public.django_session (
    session_key character varying(40) NOT NULL,
    session_data text NOT NULL,
    expire_date timestamp with time zone NOT NULL
);


--
-- Name: estructura_app_actividadunidad; Type: TABLE; Schema: public; Owner: -
--

CREATE TABLE public.estructura_app_actividadunidad (
    id bigint NOT NULL,
    fecha date NOT NULL,
    titulo character varying(120) NOT NULL,
    tipo character varying(20) NOT NULL,
    lugar character varying(120) NOT NULL,
    datos jsonb NOT NULL,
    notas text NOT NULL,
    creado_en timestamp with time zone NOT NULL,
    creado_por_id integer,
    responsable_id bigint,
    unidad_id bigint NOT NULL
);


--
-- Name: estructura_app_actividadunidad_id_seq; Type: SEQUENCE; Schema: public; Owner: -
--

ALTER TABLE public.estructura_app_actividadunidad ALTER COLUMN id ADD GENERATED BY DEFAULT AS IDENTITY (
    SEQUENCE NAME public.estructura_app_actividadunidad_id_seq
    START WITH 1
    INCREMENT BY 1
    NO MINVALUE
    NO MAXVALUE
    CACHE 1
);


--
-- Name: estructura_app_actividadunidad_participantes; Type: TABLE; Schema: public; Owner: -
--

CREATE TABLE public.estructura_app_actividadunidad_participantes (
    id bigint NOT NULL,
    actividadunidad_id bigint CONSTRAINT estructura_app_actividadunidad_part_actividadunidad_id_not_null NOT NULL,
    miembro_id bigint CONSTRAINT estructura_app_actividadunidad_participante_miembro_id_not_null NOT NULL
);


--
-- Name: estructura_app_actividadunidad_participantes_id_seq; Type: SEQUENCE; Schema: public; Owner: -
--

ALTER TABLE public.estructura_app_actividadunidad_participantes ALTER COLUMN id ADD GENERATED BY DEFAULT AS IDENTITY (
    SEQUENCE NAME public.estructura_app_actividadunidad_participantes_id_seq
    START WITH 1
    INCREMENT BY 1
    NO MINVALUE
    NO MAXVALUE
    CACHE 1
);


--
-- Name: estructura_app_categoriaunidad; Type: TABLE; Schema: public; Owner: -
--

CREATE TABLE public.estructura_app_categoriaunidad (
    id bigint NOT NULL,
    codigo character varying(30) NOT NULL,
    nombre character varying(60) NOT NULL,
    orden integer NOT NULL,
    activo boolean NOT NULL,
    CONSTRAINT estructura_app_categoriaunidad_orden_check CHECK ((orden >= 0))
);


--
-- Name: estructura_app_categoriaunidad_id_seq; Type: SEQUENCE; Schema: public; Owner: -
--

ALTER TABLE public.estructura_app_categoriaunidad ALTER COLUMN id ADD GENERATED BY DEFAULT AS IDENTITY (
    SEQUENCE NAME public.estructura_app_categoriaunidad_id_seq
    START WITH 1
    INCREMENT BY 1
    NO MINVALUE
    NO MAXVALUE
    CACHE 1
);


--
-- Name: estructura_app_movimientounidad; Type: TABLE; Schema: public; Owner: -
--

CREATE TABLE public.estructura_app_movimientounidad (
    id bigint NOT NULL,
    tipo character varying(10) NOT NULL,
    fecha date NOT NULL,
    monto numeric(12,2) NOT NULL,
    concepto character varying(180) NOT NULL,
    descripcion text NOT NULL,
    anulado boolean NOT NULL,
    motivo_anulacion character varying(180) NOT NULL,
    creado_en timestamp with time zone NOT NULL,
    actualizado_en timestamp with time zone NOT NULL,
    creado_por_id integer,
    unidad_id bigint NOT NULL,
    actualizado_por_id integer
);


--
-- Name: estructura_app_movimientounidad_id_seq; Type: SEQUENCE; Schema: public; Owner: -
--

ALTER TABLE public.estructura_app_movimientounidad ALTER COLUMN id ADD GENERATED BY DEFAULT AS IDENTITY (
    SEQUENCE NAME public.estructura_app_movimientounidad_id_seq
    START WITH 1
    INCREMENT BY 1
    NO MINVALUE
    NO MAXVALUE
    CACHE 1
);


--
-- Name: estructura_app_movimientounidadlog; Type: TABLE; Schema: public; Owner: -
--

CREATE TABLE public.estructura_app_movimientounidadlog (
    id bigint NOT NULL,
    accion character varying(10) NOT NULL,
    creado_en timestamp with time zone NOT NULL,
    fecha_antes date,
    fecha_despues date,
    concepto_antes character varying(255) NOT NULL,
    concepto_despues character varying(255) NOT NULL,
    ip inet,
    user_agent character varying(255) NOT NULL,
    movimiento_id bigint NOT NULL,
    usuario_id integer
);


--
-- Name: estructura_app_movimientounidadlog_id_seq; Type: SEQUENCE; Schema: public; Owner: -
--

ALTER TABLE public.estructura_app_movimientounidadlog ALTER COLUMN id ADD GENERATED BY DEFAULT AS IDENTITY (
    SEQUENCE NAME public.estructura_app_movimientounidadlog_id_seq
    START WITH 1
    INCREMENT BY 1
    NO MINVALUE
    NO MAXVALUE
    CACHE 1
);


--
-- Name: estructura_app_reporteunidadcierre; Type: TABLE; Schema: public; Owner: -
--

CREATE TABLE public.estructura_app_reporteunidadcierre (
    id bigint NOT NULL,
    anio integer NOT NULL,
    tipo character varying(12) NOT NULL,
    trimestre smallint,
    resumen jsonb NOT NULL,
    reflexion text NOT NULL,
    necesidades text NOT NULL,
    plan_proximo text NOT NULL,
    creado_en timestamp with time zone NOT NULL,
    actualizado_en timestamp with time zone NOT NULL,
    creado_por_id integer,
    unidad_id bigint NOT NULL,
    CONSTRAINT estructura_app_reporteunidadcierre_anio_check CHECK ((anio >= 0)),
    CONSTRAINT estructura_app_reporteunidadcierre_trimestre_check CHECK ((trimestre >= 0))
);


--
-- Name: estructura_app_reporteunidadcierre_id_seq; Type: SEQUENCE; Schema: public; Owner: -
--

ALTER TABLE public.estructura_app_reporteunidadcierre ALTER COLUMN id ADD GENERATED BY DEFAULT AS IDENTITY (
    SEQUENCE NAME public.estructura_app_reporteunidadcierre_id_seq
    START WITH 1
    INCREMENT BY 1
    NO MINVALUE
    NO MAXVALUE
    CACHE 1
);


--
-- Name: estructura_app_reporteunidadperiodo; Type: TABLE; Schema: public; Owner: -
--

CREATE TABLE public.estructura_app_reporteunidadperiodo (
    id bigint NOT NULL,
    anio integer NOT NULL,
    mes smallint NOT NULL,
    resumen jsonb NOT NULL,
    reflexion text NOT NULL,
    necesidades text NOT NULL,
    plan_proximo text NOT NULL,
    creado_en timestamp with time zone NOT NULL,
    actualizado_en timestamp with time zone NOT NULL,
    creado_por_id integer,
    unidad_id bigint NOT NULL,
    CONSTRAINT estructura_app_reporteunidadperiodo_anio_check CHECK ((anio >= 0)),
    CONSTRAINT estructura_app_reporteunidadperiodo_mes_check CHECK ((mes >= 0))
);


--
-- Name: estructura_app_reporteunidadperiodo_id_seq; Type: SEQUENCE; Schema: public; Owner: -
--

ALTER TABLE public.estructura_app_reporteunidadperiodo ALTER COLUMN id ADD GENERATED BY DEFAULT AS IDENTITY (
    SEQUENCE NAME public.estructura_app_reporteunidadperiodo_id_seq
    START WITH 1
    INCREMENT BY 1
    NO MINVALUE
    NO MAXVALUE
    CACHE 1
);


--
-- Name: estructura_app_rolunidad; Type: TABLE; Schema: public; Owner: -
--

CREATE TABLE public.estructura_app_rolunidad (
    id bigint NOT NULL,
    nombre character varying(60) NOT NULL,
    orden integer NOT NULL,
    activo boolean NOT NULL,
    descripcion text NOT NULL,
    tipo character varying(20) NOT NULL,
    CONSTRAINT estructura_app_rolunidad_orden_check CHECK ((orden >= 0))
);


--
-- Name: estructura_app_rolunidad_id_seq; Type: SEQUENCE; Schema: public; Owner: -
--

ALTER TABLE public.estructura_app_rolunidad ALTER COLUMN id ADD GENERATED BY DEFAULT AS IDENTITY (
    SEQUENCE NAME public.estructura_app_rolunidad_id_seq
    START WITH 1
    INCREMENT BY 1
    NO MINVALUE
    NO MAXVALUE
    CACHE 1
);


--
-- Name: estructura_app_tipounidad; Type: TABLE; Schema: public; Owner: -
--

CREATE TABLE public.estructura_app_tipounidad (
    id bigint NOT NULL,
    nombre character varying(60) NOT NULL,
    orden integer NOT NULL,
    activo boolean NOT NULL,
    icono character varying(40) NOT NULL,
    CONSTRAINT estructura_app_tipounidad_orden_check CHECK ((orden >= 0))
);


--
-- Name: estructura_app_tipounidad_id_seq; Type: SEQUENCE; Schema: public; Owner: -
--

ALTER TABLE public.estructura_app_tipounidad ALTER COLUMN id ADD GENERATED BY DEFAULT AS IDENTITY (
    SEQUENCE NAME public.estructura_app_tipounidad_id_seq
    START WITH 1
    INCREMENT BY 1
    NO MINVALUE
    NO MAXVALUE
    CACHE 1
);


--
-- Name: estructura_app_unidad; Type: TABLE; Schema: public; Owner: -
--

CREATE TABLE public.estructura_app_unidad (
    id bigint NOT NULL,
    nombre character varying(120) NOT NULL,
    descripcion text NOT NULL,
    activa boolean NOT NULL,
    creado_en timestamp with time zone NOT NULL,
    actualizado_en timestamp with time zone NOT NULL,
    padre_id bigint,
    tipo_id bigint NOT NULL,
    categoria_id bigint CONSTRAINT estructura_app_unidad_categoria_not_null NOT NULL,
    codigo character varying(30) NOT NULL,
    fecha_cierre date,
    motivo_cierre character varying(180) NOT NULL,
    notas text NOT NULL,
    orden integer NOT NULL,
    visible boolean NOT NULL,
    reglas jsonb NOT NULL,
    edad_max integer,
    edad_min integer,
    imagen character varying(100),
    hereda_liderazgo boolean NOT NULL,
    CONSTRAINT estructura_app_unidad_edad_max_check CHECK ((edad_max >= 0)),
    CONSTRAINT estructura_app_unidad_edad_min_check CHECK ((edad_min >= 0)),
    CONSTRAINT estructura_app_unidad_orden_check CHECK ((orden >= 0))
);


--
-- Name: estructura_app_unidad_id_seq; Type: SEQUENCE; Schema: public; Owner: -
--

ALTER TABLE public.estructura_app_unidad ALTER COLUMN id ADD GENERATED BY DEFAULT AS IDENTITY (
    SEQUENCE NAME public.estructura_app_unidad_id_seq
    START WITH 1
    INCREMENT BY 1
    NO MINVALUE
    NO MAXVALUE
    CACHE 1
);


--
-- Name: estructura_app_unidadcargo; Type: TABLE; Schema: public; Owner: -
--

CREATE TABLE public.estructura_app_unidadcargo (
    id bigint NOT NULL,
    fecha_inicio date,
    fecha_fin date,
    vigente boolean NOT NULL,
    notas text NOT NULL,
    creado_en timestamp with time zone NOT NULL,
    miembo_fk_id bigint NOT NULL,
    rol_id bigint NOT NULL,
    unidad_id bigint NOT NULL
);


--
-- Name: estructura_app_unidadcargo_id_seq; Type: SEQUENCE; Schema: public; Owner: -
--

ALTER TABLE public.estructura_app_unidadcargo ALTER COLUMN id ADD GENERATED BY DEFAULT AS IDENTITY (
    SEQUENCE NAME public.estructura_app_unidadcargo_id_seq
    START WITH 1
    INCREMENT BY 1
    NO MINVALUE
    NO MAXVALUE
    CACHE 1
);


--
-- Name: estructura_app_unidadmembresia; Type: TABLE; Schema: public; Owner: -
--

CREATE TABLE public.estructura_app_unidadmembresia (
    id bigint NOT NULL,
    fecha_ingreso date,
    fecha_salida date,
    tipo character varying(20) NOT NULL,
    activo boolean NOT NULL,
    notas text NOT NULL,
    creado_en timestamp with time zone NOT NULL,
    miembo_fk_id bigint NOT NULL,
    unidad_id bigint NOT NULL,
    rol_id bigint
);


--
-- Name: estructura_app_unidadmembresia_id_seq; Type: SEQUENCE; Schema: public; Owner: -
--

ALTER TABLE public.estructura_app_unidadmembresia ALTER COLUMN id ADD GENERATED BY DEFAULT AS IDENTITY (
    SEQUENCE NAME public.estructura_app_unidadmembresia_id_seq
    START WITH 1
    INCREMENT BY 1
    NO MINVALUE
    NO MAXVALUE
    CACHE 1
);


--
-- Name: evaluaciones_app_evaluacionmiembro; Type: TABLE; Schema: public; Owner: -
--

CREATE TABLE public.evaluaciones_app_evaluacionmiembro (
    id bigint NOT NULL,
    asistencia smallint NOT NULL,
    participacion smallint NOT NULL,
    creado_en timestamp with time zone NOT NULL,
    miembro_id bigint NOT NULL,
    actualizado_en timestamp with time zone NOT NULL,
    evaluado_por_id integer,
    observacion character varying(255) NOT NULL,
    puntaje_general smallint NOT NULL,
    evaluacion_id bigint,
    actitud smallint NOT NULL,
    compromiso smallint NOT NULL,
    estado_espiritual character varying(20) NOT NULL,
    integracion smallint NOT NULL,
    madurez_espiritual smallint NOT NULL,
    liderazgo smallint NOT NULL,
    CONSTRAINT evaluaciones_app_evaluacionmiembro_actitud_check CHECK ((actitud >= 0)),
    CONSTRAINT evaluaciones_app_evaluacionmiembro_asistencia_check CHECK ((asistencia >= 0)),
    CONSTRAINT evaluaciones_app_evaluacionmiembro_compromiso_check CHECK ((compromiso >= 0)),
    CONSTRAINT evaluaciones_app_evaluacionmiembro_integracion_check CHECK ((integracion >= 0)),
    CONSTRAINT evaluaciones_app_evaluacionmiembro_liderazgo_check CHECK ((liderazgo >= 0)),
    CONSTRAINT evaluaciones_app_evaluacionmiembro_madurez_espiritual_check CHECK ((madurez_espiritual >= 0)),
    CONSTRAINT evaluaciones_app_evaluacionmiembro_participacion_check CHECK ((participacion >= 0)),
    CONSTRAINT evaluaciones_app_evaluacionmiembro_puntaje_general_check CHECK ((puntaje_general >= 0))
);


--
-- Name: evaluaciones_app_evaluacionmiembro_id_seq; Type: SEQUENCE; Schema: public; Owner: -
--

ALTER TABLE public.evaluaciones_app_evaluacionmiembro ALTER COLUMN id ADD GENERATED BY DEFAULT AS IDENTITY (
    SEQUENCE NAME public.evaluaciones_app_evaluacionmiembro_id_seq
    START WITH 1
    INCREMENT BY 1
    NO MINVALUE
    NO MAXVALUE
    CACHE 1
);


--
-- Name: evaluaciones_app_evaluacionperfilunidad; Type: TABLE; Schema: public; Owner: -
--

CREATE TABLE public.evaluaciones_app_evaluacionperfilunidad (
    id bigint NOT NULL,
    modo character varying(10) NOT NULL,
    w_asistencia integer NOT NULL,
    w_participacion integer CONSTRAINT evaluaciones_app_evaluacionperfilunida_w_participacion_not_null NOT NULL,
    w_compromiso integer NOT NULL,
    w_actitud integer NOT NULL,
    w_integracion integer NOT NULL,
    excluir_evaluador boolean CONSTRAINT evaluaciones_app_evaluacionperfiluni_excluir_evaluador_not_null NOT NULL,
    actualizado_en timestamp with time zone NOT NULL,
    unidad_id bigint NOT NULL,
    w_madurez_espiritual integer CONSTRAINT evaluaciones_app_evaluacionperfil_w_madurez_espiritual_not_null NOT NULL,
    dia_cierre smallint NOT NULL,
    frecuencia character varying(12) NOT NULL,
    permitir_editar_cerrada boolean CONSTRAINT evaluaciones_app_evaluacionper_permitir_editar_cerrada_not_null NOT NULL,
    usar_actitud boolean NOT NULL,
    usar_asistencia boolean CONSTRAINT evaluaciones_app_evaluacionperfilunida_usar_asistencia_not_null NOT NULL,
    usar_compromiso boolean CONSTRAINT evaluaciones_app_evaluacionperfilunida_usar_compromiso_not_null NOT NULL,
    usar_estado_espiritual boolean CONSTRAINT evaluaciones_app_evaluacionperf_usar_estado_espiritual_not_null NOT NULL,
    usar_integracion boolean CONSTRAINT evaluaciones_app_evaluacionperfilunid_usar_integracion_not_null NOT NULL,
    usar_madurez_espiritual boolean CONSTRAINT evaluaciones_app_evaluacionper_usar_madurez_espiritual_not_null NOT NULL,
    usar_participacion boolean CONSTRAINT evaluaciones_app_evaluacionperfilun_usar_participacion_not_null NOT NULL,
    creado_en timestamp with time zone NOT NULL,
    usar_liderazgo boolean NOT NULL,
    w_liderazgo integer NOT NULL,
    usar_pesos boolean NOT NULL,
    CONSTRAINT evaluaciones_app_evalua_w_actitud_a2e67e2a_check CHECK ((w_actitud >= 0)),
    CONSTRAINT evaluaciones_app_evalua_w_asistencia_cbe9515d_check CHECK ((w_asistencia >= 0)),
    CONSTRAINT evaluaciones_app_evalua_w_compromiso_41d4b97c_check CHECK ((w_compromiso >= 0)),
    CONSTRAINT evaluaciones_app_evalua_w_integracion_0651680e_check CHECK ((w_integracion >= 0)),
    CONSTRAINT evaluaciones_app_evalua_w_liderazgo_dfe8b9a6_check CHECK ((w_liderazgo >= 0)),
    CONSTRAINT evaluaciones_app_evalua_w_madurez_espiritual_6c6ca562_check CHECK ((w_madurez_espiritual >= 0)),
    CONSTRAINT evaluaciones_app_evalua_w_participacion_5f3f3350_check CHECK ((w_participacion >= 0)),
    CONSTRAINT evaluaciones_app_evaluacionperfilunidad_dia_cierre_check CHECK ((dia_cierre >= 0))
);


--
-- Name: evaluaciones_app_evaluacionperfilunidad_id_seq; Type: SEQUENCE; Schema: public; Owner: -
--

ALTER TABLE public.evaluaciones_app_evaluacionperfilunidad ALTER COLUMN id ADD GENERATED BY DEFAULT AS IDENTITY (
    SEQUENCE NAME public.evaluaciones_app_evaluacionperfilunidad_id_seq
    START WITH 1
    INCREMENT BY 1
    NO MINVALUE
    NO MAXVALUE
    CACHE 1
);


--
-- Name: evaluaciones_app_evaluacionunidad; Type: TABLE; Schema: public; Owner: -
--

CREATE TABLE public.evaluaciones_app_evaluacionunidad (
    id bigint NOT NULL,
    anio integer NOT NULL,
    mes smallint NOT NULL,
    estado_workflow character varying(20) CONSTRAINT evaluaciones_app_evaluacionunidad_estado_not_null NOT NULL,
    creado_en timestamp with time zone NOT NULL,
    actualizado_en timestamp with time zone NOT NULL,
    creado_por_id integer,
    unidad_id bigint NOT NULL,
    diagnostico character varying(20) NOT NULL,
    observaciones text,
    perfil_id bigint,
    numero_secuencia smallint NOT NULL,
    CONSTRAINT evaluaciones_app_evaluacionunidad_anio_check CHECK ((anio >= 0)),
    CONSTRAINT evaluaciones_app_evaluacionunidad_mes_check CHECK ((mes >= 0)),
    CONSTRAINT evaluaciones_app_evaluacionunidad_numero_secuencia_check CHECK ((numero_secuencia >= 0))
);


--
-- Name: evaluaciones_app_evaluacionunidad_id_seq; Type: SEQUENCE; Schema: public; Owner: -
--

ALTER TABLE public.evaluaciones_app_evaluacionunidad ALTER COLUMN id ADD GENERATED BY DEFAULT AS IDENTITY (
    SEQUENCE NAME public.evaluaciones_app_evaluacionunidad_id_seq
    START WITH 1
    INCREMENT BY 1
    NO MINVALUE
    NO MAXVALUE
    CACHE 1
);


--
-- Name: finanzas_app_adjuntomovimiento; Type: TABLE; Schema: public; Owner: -
--

CREATE TABLE public.finanzas_app_adjuntomovimiento (
    id bigint NOT NULL,
    archivo character varying(100) NOT NULL,
    nombre_original character varying(255) NOT NULL,
    "tamaño" integer NOT NULL,
    tipo_mime character varying(100) NOT NULL,
    subido_en timestamp with time zone NOT NULL,
    movimiento_id bigint NOT NULL,
    subido_por_id integer,
    CONSTRAINT "finanzas_app_adjuntomovimiento_tamaño_check" CHECK (("tamaño" >= 0))
);


--
-- Name: finanzas_app_adjuntomovimiento_id_seq; Type: SEQUENCE; Schema: public; Owner: -
--

ALTER TABLE public.finanzas_app_adjuntomovimiento ALTER COLUMN id ADD GENERATED BY DEFAULT AS IDENTITY (
    SEQUENCE NAME public.finanzas_app_adjuntomovimiento_id_seq
    START WITH 1
    INCREMENT BY 1
    NO MINVALUE
    NO MAXVALUE
    CACHE 1
);


--
-- Name: finanzas_app_casillaf001; Type: TABLE; Schema: public; Owner: -
--

CREATE TABLE public.finanzas_app_casillaf001 (
    id bigint NOT NULL,
    codigo character varying(60) NOT NULL,
    nombre character varying(120) NOT NULL,
    seccion character varying(30) NOT NULL,
    orden integer NOT NULL,
    activo boolean NOT NULL,
    CONSTRAINT finanzas_app_casillaf001_orden_check CHECK ((orden >= 0))
);


--
-- Name: finanzas_app_casillaf001_id_seq; Type: SEQUENCE; Schema: public; Owner: -
--

ALTER TABLE public.finanzas_app_casillaf001 ALTER COLUMN id ADD GENERATED BY DEFAULT AS IDENTITY (
    SEQUENCE NAME public.finanzas_app_casillaf001_id_seq
    START WITH 1
    INCREMENT BY 1
    NO MINVALUE
    NO MAXVALUE
    CACHE 1
);


--
-- Name: finanzas_app_categoriamovimiento; Type: TABLE; Schema: public; Owner: -
--

CREATE TABLE public.finanzas_app_categoriamovimiento (
    id bigint NOT NULL,
    nombre character varying(100) NOT NULL,
    tipo character varying(10) NOT NULL,
    es_editable boolean NOT NULL,
    activo boolean NOT NULL,
    descripcion character varying(255) NOT NULL,
    codigo character varying(60),
    casilla_f001_id bigint
);


--
-- Name: finanzas_app_categoriamovimiento_id_seq; Type: SEQUENCE; Schema: public; Owner: -
--

ALTER TABLE public.finanzas_app_categoriamovimiento ALTER COLUMN id ADD GENERATED BY DEFAULT AS IDENTITY (
    SEQUENCE NAME public.finanzas_app_categoriamovimiento_id_seq
    START WITH 1
    INCREMENT BY 1
    NO MINVALUE
    NO MAXVALUE
    CACHE 1
);


--
-- Name: finanzas_app_cuentafinanciera; Type: TABLE; Schema: public; Owner: -
--

CREATE TABLE public.finanzas_app_cuentafinanciera (
    id bigint NOT NULL,
    nombre character varying(100) NOT NULL,
    tipo character varying(20) NOT NULL,
    moneda character varying(10) NOT NULL,
    saldo_inicial numeric(12,2) NOT NULL,
    esta_activa boolean NOT NULL,
    descripcion character varying(255) NOT NULL
);


--
-- Name: finanzas_app_cuentafinanciera_id_seq; Type: SEQUENCE; Schema: public; Owner: -
--

ALTER TABLE public.finanzas_app_cuentafinanciera ALTER COLUMN id ADD GENERATED BY DEFAULT AS IDENTITY (
    SEQUENCE NAME public.finanzas_app_cuentafinanciera_id_seq
    START WITH 1
    INCREMENT BY 1
    NO MINVALUE
    NO MAXVALUE
    CACHE 1
);


--
-- Name: finanzas_app_cuentaporpagar; Type: TABLE; Schema: public; Owner: -
--

CREATE TABLE public.finanzas_app_cuentaporpagar (
    id bigint NOT NULL,
    uid uuid NOT NULL,
    fecha_emision date NOT NULL,
    fecha_vencimiento date,
    concepto character varying(200) NOT NULL,
    descripcion text NOT NULL,
    referencia character varying(100) NOT NULL,
    monto_total numeric(12,2) NOT NULL,
    monto_pagado numeric(12,2) NOT NULL,
    estado character varying(20) NOT NULL,
    creado_en timestamp with time zone NOT NULL,
    actualizado_en timestamp with time zone NOT NULL,
    categoria_id bigint NOT NULL,
    creado_por_id integer,
    cuenta_sugerida_id bigint,
    proveedor_id bigint NOT NULL
);


--
-- Name: finanzas_app_cuentaporpagar_id_seq; Type: SEQUENCE; Schema: public; Owner: -
--

ALTER TABLE public.finanzas_app_cuentaporpagar ALTER COLUMN id ADD GENERATED BY DEFAULT AS IDENTITY (
    SEQUENCE NAME public.finanzas_app_cuentaporpagar_id_seq
    START WITH 1
    INCREMENT BY 1
    NO MINVALUE
    NO MAXVALUE
    CACHE 1
);


--
-- Name: finanzas_app_movimientofinanciero; Type: TABLE; Schema: public; Owner: -
--

CREATE TABLE public.finanzas_app_movimientofinanciero (
    id bigint NOT NULL,
    fecha date NOT NULL,
    tipo character varying(10) NOT NULL,
    monto numeric(12,2) NOT NULL,
    descripcion character varying(255) NOT NULL,
    referencia character varying(100) NOT NULL,
    creado_en timestamp with time zone NOT NULL,
    actualizado_en timestamp with time zone NOT NULL,
    categoria_id bigint NOT NULL,
    creado_por_id integer,
    cuenta_id bigint NOT NULL,
    cantidad_sobres integer,
    estado character varying(20) NOT NULL,
    evento character varying(150) NOT NULL,
    forma_pago character varying(20) NOT NULL,
    ministerio character varying(150) NOT NULL,
    origen character varying(30) NOT NULL,
    persona_asociada_id bigint,
    servicio character varying(100) NOT NULL,
    es_transferencia boolean NOT NULL,
    transferencia_id uuid,
    anulado_en timestamp with time zone,
    anulado_por_id integer,
    motivo_anulacion text NOT NULL,
    unidad_id bigint,
    cuenta_por_pagar_id bigint,
    CONSTRAINT finanzas_app_movimientofinanciero_cantidad_sobres_check CHECK ((cantidad_sobres >= 0))
);


--
-- Name: finanzas_app_movimientofinanciero_id_seq; Type: SEQUENCE; Schema: public; Owner: -
--

ALTER TABLE public.finanzas_app_movimientofinanciero ALTER COLUMN id ADD GENERATED BY DEFAULT AS IDENTITY (
    SEQUENCE NAME public.finanzas_app_movimientofinanciero_id_seq
    START WITH 1
    INCREMENT BY 1
    NO MINVALUE
    NO MAXVALUE
    CACHE 1
);


--
-- Name: finanzas_app_proveedorfinanciero; Type: TABLE; Schema: public; Owner: -
--

CREATE TABLE public.finanzas_app_proveedorfinanciero (
    id bigint NOT NULL,
    tipo character varying(10) NOT NULL,
    nombre character varying(150) NOT NULL,
    telefono character varying(30) NOT NULL,
    email character varying(254) NOT NULL,
    notas text NOT NULL,
    activo boolean NOT NULL,
    creado_en timestamp with time zone NOT NULL,
    actualizado_en timestamp with time zone NOT NULL,
    miembro_id bigint,
    banco character varying(80) NOT NULL,
    bloqueado boolean NOT NULL,
    direccion character varying(255) NOT NULL,
    documento character varying(25),
    metodo_pago_preferido character varying(20) NOT NULL,
    numero_cuenta character varying(34) NOT NULL,
    plazo_dias_pago integer NOT NULL,
    tipo_cuenta character varying(15) NOT NULL,
    tipo_documento character varying(15) NOT NULL,
    tipo_proveedor character varying(12) NOT NULL,
    titular_cuenta character varying(150) NOT NULL,
    CONSTRAINT finanzas_app_proveedorfinanciero_plazo_dias_pago_check CHECK ((plazo_dias_pago >= 0))
);


--
-- Name: finanzas_app_proveedorfinanciero_id_seq; Type: SEQUENCE; Schema: public; Owner: -
--

ALTER TABLE public.finanzas_app_proveedorfinanciero ALTER COLUMN id ADD GENERATED BY DEFAULT AS IDENTITY (
    SEQUENCE NAME public.finanzas_app_proveedorfinanciero_id_seq
    START WITH 1
    INCREMENT BY 1
    NO MINVALUE
    NO MAXVALUE
    CACHE 1
);


--
-- Name: formacion_app_asistenciasesion; Type: TABLE; Schema: public; Owner: -
--

CREATE TABLE public.formacion_app_asistenciasesion (
    id bigint NOT NULL,
    marcado_en timestamp with time zone NOT NULL,
    metodo character varying(10) NOT NULL,
    miembro_id bigint NOT NULL,
    sesion_id bigint NOT NULL
);


--
-- Name: formacion_app_asistenciasesion_id_seq; Type: SEQUENCE; Schema: public; Owner: -
--

ALTER TABLE public.formacion_app_asistenciasesion ALTER COLUMN id ADD GENERATED BY DEFAULT AS IDENTITY (
    SEQUENCE NAME public.formacion_app_asistenciasesion_id_seq
    START WITH 1
    INCREMENT BY 1
    NO MINVALUE
    NO MAXVALUE
    CACHE 1
);


--
-- Name: formacion_app_cicloprograma; Type: TABLE; Schema: public; Owner: -
--

CREATE TABLE public.formacion_app_cicloprograma (
    id bigint NOT NULL,
    nombre character varying(120) NOT NULL,
    fecha_inicio date,
    fecha_fin date,
    activo boolean NOT NULL,
    programa_id bigint NOT NULL
);


--
-- Name: formacion_app_cicloprograma_id_seq; Type: SEQUENCE; Schema: public; Owner: -
--

ALTER TABLE public.formacion_app_cicloprograma ALTER COLUMN id ADD GENERATED BY DEFAULT AS IDENTITY (
    SEQUENCE NAME public.formacion_app_cicloprograma_id_seq
    START WITH 1
    INCREMENT BY 1
    NO MINVALUE
    NO MAXVALUE
    CACHE 1
);


--
-- Name: formacion_app_grupoformativo; Type: TABLE; Schema: public; Owner: -
--

CREATE TABLE public.formacion_app_grupoformativo (
    id bigint NOT NULL,
    nombre character varying(120) NOT NULL,
    sexo_permitido character varying(10) NOT NULL,
    edad_min smallint,
    edad_max smallint,
    horario character varying(120) NOT NULL,
    lugar character varying(120) NOT NULL,
    cupo smallint,
    activo boolean NOT NULL,
    ciclo_id bigint,
    maestro_id integer,
    creado_en timestamp with time zone NOT NULL,
    programa_id bigint,
    estado_civil_permitido character varying(15) NOT NULL,
    CONSTRAINT formacion_app_grupoformativo_cupo_check CHECK ((cupo >= 0)),
    CONSTRAINT formacion_app_grupoformativo_edad_max_check CHECK ((edad_max >= 0)),
    CONSTRAINT formacion_app_grupoformativo_edad_min_check CHECK ((edad_min >= 0))
);


--
-- Name: formacion_app_grupoformativo_ayudantes; Type: TABLE; Schema: public; Owner: -
--

CREATE TABLE public.formacion_app_grupoformativo_ayudantes (
    id bigint NOT NULL,
    grupoformativo_id bigint CONSTRAINT formacion_app_grupoformativo_ayudant_grupoformativo_id_not_null NOT NULL,
    miembro_id bigint NOT NULL
);


--
-- Name: formacion_app_grupoformativo_ayudantes_id_seq; Type: SEQUENCE; Schema: public; Owner: -
--

ALTER TABLE public.formacion_app_grupoformativo_ayudantes ALTER COLUMN id ADD GENERATED BY DEFAULT AS IDENTITY (
    SEQUENCE NAME public.formacion_app_grupoformativo_ayudantes_id_seq
    START WITH 1
    INCREMENT BY 1
    NO MINVALUE
    NO MAXVALUE
    CACHE 1
);


--
-- Name: formacion_app_grupoformativo_id_seq; Type: SEQUENCE; Schema: public; Owner: -
--

ALTER TABLE public.formacion_app_grupoformativo ALTER COLUMN id ADD GENERATED BY DEFAULT AS IDENTITY (
    SEQUENCE NAME public.formacion_app_grupoformativo_id_seq
    START WITH 1
    INCREMENT BY 1
    NO MINVALUE
    NO MAXVALUE
    CACHE 1
);


--
-- Name: formacion_app_grupoformativo_maestros; Type: TABLE; Schema: public; Owner: -
--

CREATE TABLE public.formacion_app_grupoformativo_maestros (
    id bigint NOT NULL,
    grupoformativo_id bigint CONSTRAINT formacion_app_grupoformativo_maestro_grupoformativo_id_not_null NOT NULL,
    miembro_id bigint NOT NULL
);


--
-- Name: formacion_app_grupoformativo_maestros_id_seq; Type: SEQUENCE; Schema: public; Owner: -
--

ALTER TABLE public.formacion_app_grupoformativo_maestros ALTER COLUMN id ADD GENERATED BY DEFAULT AS IDENTITY (
    SEQUENCE NAME public.formacion_app_grupoformativo_maestros_id_seq
    START WITH 1
    INCREMENT BY 1
    NO MINVALUE
    NO MAXVALUE
    CACHE 1
);


--
-- Name: formacion_app_inscripciongrupo; Type: TABLE; Schema: public; Owner: -
--

CREATE TABLE public.formacion_app_inscripciongrupo (
    id bigint NOT NULL,
    estado character varying(12) NOT NULL,
    fecha_inscripcion date NOT NULL,
    nota character varying(255) NOT NULL,
    grupo_id bigint NOT NULL,
    miembro_id bigint NOT NULL
);


--
-- Name: formacion_app_inscripciongrupo_id_seq; Type: SEQUENCE; Schema: public; Owner: -
--

ALTER TABLE public.formacion_app_inscripciongrupo ALTER COLUMN id ADD GENERATED BY DEFAULT AS IDENTITY (
    SEQUENCE NAME public.formacion_app_inscripciongrupo_id_seq
    START WITH 1
    INCREMENT BY 1
    NO MINVALUE
    NO MAXVALUE
    CACHE 1
);


--
-- Name: formacion_app_programaeducativo; Type: TABLE; Schema: public; Owner: -
--

CREATE TABLE public.formacion_app_programaeducativo (
    id bigint NOT NULL,
    nombre character varying(120) NOT NULL,
    descripcion text NOT NULL,
    activo boolean NOT NULL,
    tipo character varying(20) NOT NULL,
    creado_en timestamp with time zone NOT NULL,
    unidad_responsable_id bigint
);


--
-- Name: formacion_app_programaeducativo_id_seq; Type: SEQUENCE; Schema: public; Owner: -
--

ALTER TABLE public.formacion_app_programaeducativo ALTER COLUMN id ADD GENERATED BY DEFAULT AS IDENTITY (
    SEQUENCE NAME public.formacion_app_programaeducativo_id_seq
    START WITH 1
    INCREMENT BY 1
    NO MINVALUE
    NO MAXVALUE
    CACHE 1
);


--
-- Name: formacion_app_rolformativo; Type: TABLE; Schema: public; Owner: -
--

CREATE TABLE public.formacion_app_rolformativo (
    id bigint NOT NULL,
    tipo character varying(10) NOT NULL,
    activo boolean NOT NULL,
    creado_en timestamp with time zone NOT NULL,
    miembro_id bigint NOT NULL
);


--
-- Name: formacion_app_rolformativo_id_seq; Type: SEQUENCE; Schema: public; Owner: -
--

ALTER TABLE public.formacion_app_rolformativo ALTER COLUMN id ADD GENERATED BY DEFAULT AS IDENTITY (
    SEQUENCE NAME public.formacion_app_rolformativo_id_seq
    START WITH 1
    INCREMENT BY 1
    NO MINVALUE
    NO MAXVALUE
    CACHE 1
);


--
-- Name: formacion_app_sesiongrupo; Type: TABLE; Schema: public; Owner: -
--

CREATE TABLE public.formacion_app_sesiongrupo (
    id bigint NOT NULL,
    estado character varying(10) NOT NULL,
    fecha date NOT NULL,
    inicio timestamp with time zone NOT NULL,
    fin timestamp with time zone,
    creada_por_id integer,
    grupo_id bigint NOT NULL
);


--
-- Name: formacion_app_sesiongrupo_id_seq; Type: SEQUENCE; Schema: public; Owner: -
--

ALTER TABLE public.formacion_app_sesiongrupo ALTER COLUMN id ADD GENERATED BY DEFAULT AS IDENTITY (
    SEQUENCE NAME public.formacion_app_sesiongrupo_id_seq
    START WITH 1
    INCREMENT BY 1
    NO MINVALUE
    NO MAXVALUE
    CACHE 1
);


--
-- Name: inventario_app_categoriarecurso; Type: TABLE; Schema: public; Owner: -
--

CREATE TABLE public.inventario_app_categoriarecurso (
    id bigint NOT NULL,
    nombre character varying(120) NOT NULL,
    descripcion character varying(255) NOT NULL,
    activo boolean NOT NULL
);


--
-- Name: inventario_app_categoriarecurso_id_seq; Type: SEQUENCE; Schema: public; Owner: -
--

ALTER TABLE public.inventario_app_categoriarecurso ALTER COLUMN id ADD GENERATED BY DEFAULT AS IDENTITY (
    SEQUENCE NAME public.inventario_app_categoriarecurso_id_seq
    START WITH 1
    INCREMENT BY 1
    NO MINVALUE
    NO MAXVALUE
    CACHE 1
);


--
-- Name: inventario_app_movimientorecurso; Type: TABLE; Schema: public; Owner: -
--

CREATE TABLE public.inventario_app_movimientorecurso (
    id bigint NOT NULL,
    tipo character varying(20) NOT NULL,
    cantidad integer NOT NULL,
    motivo character varying(255) NOT NULL,
    notas text NOT NULL,
    fecha timestamp with time zone NOT NULL,
    recurso_id bigint NOT NULL,
    ubicacion_destino_id bigint,
    ubicacion_origen_id bigint,
    CONSTRAINT inventario_app_movimientorecurso_cantidad_check CHECK ((cantidad >= 0))
);


--
-- Name: inventario_app_movimientorecurso_id_seq; Type: SEQUENCE; Schema: public; Owner: -
--

ALTER TABLE public.inventario_app_movimientorecurso ALTER COLUMN id ADD GENERATED BY DEFAULT AS IDENTITY (
    SEQUENCE NAME public.inventario_app_movimientorecurso_id_seq
    START WITH 1
    INCREMENT BY 1
    NO MINVALUE
    NO MAXVALUE
    CACHE 1
);


--
-- Name: inventario_app_recurso; Type: TABLE; Schema: public; Owner: -
--

CREATE TABLE public.inventario_app_recurso (
    id bigint NOT NULL,
    codigo character varying(30) NOT NULL,
    nombre character varying(150) NOT NULL,
    cantidad_total integer NOT NULL,
    estado character varying(20) NOT NULL,
    descripcion text NOT NULL,
    foto character varying(100),
    creado_en timestamp with time zone NOT NULL,
    actualizado_en timestamp with time zone NOT NULL,
    categoria_id bigint NOT NULL,
    ubicacion_id bigint NOT NULL,
    condicion_fisica character varying(20) NOT NULL,
    costo_unitario numeric(12,2),
    es_consumible boolean NOT NULL,
    fecha_compra date,
    garantia_hasta date,
    marca character varying(120) NOT NULL,
    modelo character varying(120) NOT NULL,
    numero_serie character varying(120) NOT NULL,
    proveedor character varying(150) NOT NULL,
    requiere_mantenimiento boolean NOT NULL,
    deprecia boolean NOT NULL,
    fecha_inicio_depreciacion date,
    metodo_depreciacion character varying(20) NOT NULL,
    valor_residual_unitario numeric(12,2),
    vida_util_anios integer,
    CONSTRAINT inventario_app_recurso_cantidad_total_check CHECK ((cantidad_total >= 0)),
    CONSTRAINT inventario_app_recurso_vida_util_anios_check CHECK ((vida_util_anios >= 0))
);


--
-- Name: inventario_app_recurso_id_seq; Type: SEQUENCE; Schema: public; Owner: -
--

ALTER TABLE public.inventario_app_recurso ALTER COLUMN id ADD GENERATED BY DEFAULT AS IDENTITY (
    SEQUENCE NAME public.inventario_app_recurso_id_seq
    START WITH 1
    INCREMENT BY 1
    NO MINVALUE
    NO MAXVALUE
    CACHE 1
);


--
-- Name: inventario_app_ubicacion; Type: TABLE; Schema: public; Owner: -
--

CREATE TABLE public.inventario_app_ubicacion (
    id bigint NOT NULL,
    nombre character varying(120) NOT NULL,
    descripcion character varying(255) NOT NULL
);


--
-- Name: inventario_app_ubicacion_id_seq; Type: SEQUENCE; Schema: public; Owner: -
--

ALTER TABLE public.inventario_app_ubicacion ALTER COLUMN id ADD GENERATED BY DEFAULT AS IDENTITY (
    SEQUENCE NAME public.inventario_app_ubicacion_id_seq
    START WITH 1
    INCREMENT BY 1
    NO MINVALUE
    NO MAXVALUE
    CACHE 1
);


--
-- Name: miembros_app_clanfamiliar; Type: TABLE; Schema: public; Owner: -
--

CREATE TABLE public.miembros_app_clanfamiliar (
    id bigint NOT NULL,
    nombre character varying(150) NOT NULL,
    creado_en timestamp with time zone NOT NULL
);


--
-- Name: miembros_app_clanfamiliar_id_seq; Type: SEQUENCE; Schema: public; Owner: -
--

ALTER TABLE public.miembros_app_clanfamiliar ALTER COLUMN id ADD GENERATED BY DEFAULT AS IDENTITY (
    SEQUENCE NAME public.miembros_app_clanfamiliar_id_seq
    START WITH 1
    INCREMENT BY 1
    NO MINVALUE
    NO MAXVALUE
    CACHE 1
);


--
-- Name: miembros_app_hogarfamiliar; Type: TABLE; Schema: public; Owner: -
--

CREATE TABLE public.miembros_app_hogarfamiliar (
    id bigint NOT NULL,
    nombre character varying(150),
    creado_en timestamp with time zone NOT NULL,
    clan_id bigint
);


--
-- Name: miembros_app_hogarfamiliar_id_seq; Type: SEQUENCE; Schema: public; Owner: -
--

ALTER TABLE public.miembros_app_hogarfamiliar ALTER COLUMN id ADD GENERATED BY DEFAULT AS IDENTITY (
    SEQUENCE NAME public.miembros_app_hogarfamiliar_id_seq
    START WITH 1
    INCREMENT BY 1
    NO MINVALUE
    NO MAXVALUE
    CACHE 1
);


--
-- Name: miembros_app_hogarmiembro; Type: TABLE; Schema: public; Owner: -
--

CREATE TABLE public.miembros_app_hogarmiembro (
    id bigint NOT NULL,
    rol character varying(20) NOT NULL,
    es_principal boolean NOT NULL,
    hogar_id bigint NOT NULL,
    miembro_id bigint NOT NULL
);


--
-- Name: miembros_app_hogarmiembro_id_seq; Type: SEQUENCE; Schema: public; Owner: -
--

ALTER TABLE public.miembros_app_hogarmiembro ALTER COLUMN id ADD GENERATED BY DEFAULT AS IDENTITY (
    SEQUENCE NAME public.miembros_app_hogarmiembro_id_seq
    START WITH 1
    INCREMENT BY 1
    NO MINVALUE
    NO MAXVALUE
    CACHE 1
);


--
-- Name: miembros_app_miembro; Type: TABLE; Schema: public; Owner: -
--

CREATE TABLE public.miembros_app_miembro (
    id bigint NOT NULL,
    foto character varying(100),
    nombres character varying(100) NOT NULL,
    apellidos character varying(100) NOT NULL,
    genero character varying(20) NOT NULL,
    fecha_nacimiento date,
    lugar_nacimiento character varying(255) NOT NULL,
    nacionalidad character varying(100) NOT NULL,
    estado_civil character varying(20) NOT NULL,
    nivel_educativo character varying(50) NOT NULL,
    profesion character varying(100) NOT NULL,
    telefono character varying(20) NOT NULL,
    telefono_secundario character varying(20) NOT NULL,
    whatsapp character varying(20) NOT NULL,
    email character varying(254) NOT NULL,
    direccion text NOT NULL,
    sector character varying(100) NOT NULL,
    ciudad character varying(100) NOT NULL,
    provincia character varying(100) NOT NULL,
    codigo_postal character varying(20) NOT NULL,
    contacto_emergencia_nombre character varying(150) NOT NULL,
    contacto_emergencia_telefono character varying(20) NOT NULL,
    contacto_emergencia_relacion character varying(50) NOT NULL,
    tipo_sangre character varying(10) NOT NULL,
    alergias text NOT NULL,
    condiciones_medicas text NOT NULL,
    medicamentos text NOT NULL,
    empleador character varying(150) NOT NULL,
    puesto character varying(100) NOT NULL,
    telefono_trabajo character varying(20) NOT NULL,
    direccion_trabajo text NOT NULL,
    estado_miembro character varying(20) NOT NULL,
    fecha_ingreso_iglesia date NOT NULL,
    iglesia_anterior character varying(150) NOT NULL,
    fecha_conversion date,
    fecha_bautismo date,
    bautizado_confirmado boolean NOT NULL,
    categoria_miembro character varying(50) NOT NULL,
    mentor character varying(150) NOT NULL,
    lider_celula character varying(150) NOT NULL,
    intereses text NOT NULL,
    habilidades text NOT NULL,
    otros_intereses text NOT NULL,
    otras_habilidades text NOT NULL,
    notas text NOT NULL,
    fecha_creacion timestamp with time zone NOT NULL,
    fecha_actualizacion timestamp with time zone NOT NULL,
    categoria_edad character varying(20) NOT NULL,
    es_trasladado boolean NOT NULL,
    activo boolean NOT NULL,
    comentario_salida text NOT NULL,
    fecha_salida date,
    razon_salida_id bigint,
    cedula character varying(20),
    pasaporte character varying(20),
    nuevo_creyente boolean NOT NULL,
    numero_miembro integer,
    codigo_miembro character varying(50),
    codigo_seguimiento character varying(20),
    numero_seguimiento integer,
    situacion_economica character varying(20) NOT NULL,
    tiene_vehiculo boolean NOT NULL,
    tipo_vivienda character varying(20) NOT NULL,
    vehiculo_marca character varying(50) NOT NULL,
    vehiculo_placa character varying(20) NOT NULL,
    vehiculo_tipo character varying(20) NOT NULL,
    usuario_id integer,
    carta_traslado_recibida boolean NOT NULL,
    estado_pastoral_reingreso character varying(20),
    etapa_actual character varying(20) NOT NULL,
    fecha_reingreso date,
    nota_pastoral_reingreso text NOT NULL,
    origen_reingreso character varying(20),
    telefono_norm character varying(10),
    bautizado_espiritu_santo boolean NOT NULL,
    donde_estudio_teologia character varying(255) NOT NULL,
    mision_ciudad character varying(100) NOT NULL,
    mision_pais character varying(100) NOT NULL,
    misionero_activo boolean NOT NULL,
    obrero_ordenado boolean NOT NULL,
    preparacion_teologica character varying(255) NOT NULL,
    rol_ministerial character varying(20) NOT NULL,
    tiene_credenciales boolean NOT NULL,
    area_formacion character varying(30) NOT NULL,
    credencial_fecha_emision date,
    credencial_fecha_vencimiento date,
    cursos_certificaciones text NOT NULL,
    estado_ministerial character varying(20) NOT NULL,
    mision_fecha_fin date,
    mision_fecha_inicio date,
    mision_tipo character varying(20) NOT NULL,
    nivel_formacion character varying(20) NOT NULL,
    numero_credencial character varying(60) NOT NULL,
    CONSTRAINT miembros_app_miembro_numero_miembro_check CHECK ((numero_miembro >= 0)),
    CONSTRAINT miembros_app_miembro_numero_seguimiento_check CHECK ((numero_seguimiento >= 0))
);


--
-- Name: miembros_app_miembro_id_seq; Type: SEQUENCE; Schema: public; Owner: -
--

ALTER TABLE public.miembros_app_miembro ALTER COLUMN id ADD GENERATED BY DEFAULT AS IDENTITY (
    SEQUENCE NAME public.miembros_app_miembro_id_seq
    START WITH 1
    INCREMENT BY 1
    NO MINVALUE
    NO MAXVALUE
    CACHE 1
);


--
-- Name: miembros_app_miembro_padres_espirituales; Type: TABLE; Schema: public; Owner: -
--

CREATE TABLE public.miembros_app_miembro_padres_espirituales (
    id bigint NOT NULL,
    from_miembro_id bigint CONSTRAINT miembros_app_miembro_padres_espiritual_from_miembro_id_not_null NOT NULL,
    to_miembro_id bigint NOT NULL
);


--
-- Name: miembros_app_miembro_padres_espirituales_id_seq; Type: SEQUENCE; Schema: public; Owner: -
--

ALTER TABLE public.miembros_app_miembro_padres_espirituales ALTER COLUMN id ADD GENERATED BY DEFAULT AS IDENTITY (
    SEQUENCE NAME public.miembros_app_miembro_padres_espirituales_id_seq
    START WITH 1
    INCREMENT BY 1
    NO MINVALUE
    NO MAXVALUE
    CACHE 1
);


--
-- Name: miembros_app_miembrobitacora; Type: TABLE; Schema: public; Owner: -
--

CREATE TABLE public.miembros_app_miembrobitacora (
    id bigint NOT NULL,
    tipo character varying(30) NOT NULL,
    titulo character varying(140) NOT NULL,
    detalle text NOT NULL,
    estado_from character varying(40) NOT NULL,
    estado_to character varying(40) NOT NULL,
    etapa_from character varying(40) NOT NULL,
    etapa_to character varying(40) NOT NULL,
    fecha timestamp with time zone NOT NULL,
    creado_por_id integer,
    miembro_id bigint NOT NULL
);


--
-- Name: miembros_app_miembrobitacora_id_seq; Type: SEQUENCE; Schema: public; Owner: -
--

ALTER TABLE public.miembros_app_miembrobitacora ALTER COLUMN id ADD GENERATED BY DEFAULT AS IDENTITY (
    SEQUENCE NAME public.miembros_app_miembrobitacora_id_seq
    START WITH 1
    INCREMENT BY 1
    NO MINVALUE
    NO MAXVALUE
    CACHE 1
);


--
-- Name: miembros_app_miembrorelacion; Type: TABLE; Schema: public; Owner: -
--

CREATE TABLE public.miembros_app_miembrorelacion (
    id bigint NOT NULL,
    tipo_relacion character varying(20) NOT NULL,
    vive_junto boolean NOT NULL,
    es_responsable boolean NOT NULL,
    notas text NOT NULL,
    familiar_id bigint NOT NULL,
    miembro_id bigint NOT NULL,
    es_inferida boolean NOT NULL
);


--
-- Name: miembros_app_miembrorelacion_id_seq; Type: SEQUENCE; Schema: public; Owner: -
--

ALTER TABLE public.miembros_app_miembrorelacion ALTER COLUMN id ADD GENERATED BY DEFAULT AS IDENTITY (
    SEQUENCE NAME public.miembros_app_miembrorelacion_id_seq
    START WITH 1
    INCREMENT BY 1
    NO MINVALUE
    NO MAXVALUE
    CACHE 1
);


--
-- Name: miembros_app_razonsalidamiembro; Type: TABLE; Schema: public; Owner: -
--

CREATE TABLE public.miembros_app_razonsalidamiembro (
    id bigint NOT NULL,
    nombre character varying(100) NOT NULL,
    descripcion text NOT NULL,
    activo boolean NOT NULL,
    orden integer NOT NULL,
    aplica_a character varying(20) NOT NULL,
    permite_carta boolean NOT NULL,
    estado_resultante character varying(20) NOT NULL,
    CONSTRAINT miembros_app_razonsalidamiembro_orden_check CHECK ((orden >= 0))
);


--
-- Name: miembros_app_razonsalidamiembro_id_seq; Type: SEQUENCE; Schema: public; Owner: -
--

ALTER TABLE public.miembros_app_razonsalidamiembro ALTER COLUMN id ADD GENERATED BY DEFAULT AS IDENTITY (
    SEQUENCE NAME public.miembros_app_razonsalidamiembro_id_seq
    START WITH 1
    INCREMENT BY 1
    NO MINVALUE
    NO MAXVALUE
    CACHE 1
);


--
-- Name: miembros_app_timelineevent; Type: TABLE; Schema: public; Owner: -
--

CREATE TABLE public.miembros_app_timelineevent (
    id bigint NOT NULL,
    tipo character varying(20) NOT NULL,
    descripcion character varying(255) NOT NULL,
    detalle text NOT NULL,
    valor_anterior character varying(100) NOT NULL,
    valor_nuevo character varying(100) NOT NULL,
    fecha timestamp with time zone NOT NULL,
    referencia_tipo character varying(50) NOT NULL,
    referencia_id integer,
    miembro_id bigint NOT NULL,
    usuario_id integer,
    CONSTRAINT miembros_app_timelineevent_referencia_id_check CHECK ((referencia_id >= 0))
);


--
-- Name: miembros_app_timelineevent_id_seq; Type: SEQUENCE; Schema: public; Owner: -
--

ALTER TABLE public.miembros_app_timelineevent ALTER COLUMN id ADD GENERATED BY DEFAULT AS IDENTITY (
    SEQUENCE NAME public.miembros_app_timelineevent_id_seq
    START WITH 1
    INCREMENT BY 1
    NO MINVALUE
    NO MAXVALUE
    CACHE 1
);


--
-- Name: miembros_app_zonageo; Type: TABLE; Schema: public; Owner: -
--

CREATE TABLE public.miembros_app_zonageo (
    id bigint NOT NULL,
    sector character varying(100) NOT NULL,
    ciudad character varying(50) NOT NULL,
    provincia character varying(50) NOT NULL,
    lat double precision,
    lng double precision,
    actualizado timestamp with time zone NOT NULL
);


--
-- Name: miembros_app_zonageo_id_seq; Type: SEQUENCE; Schema: public; Owner: -
--

ALTER TABLE public.miembros_app_zonageo ALTER COLUMN id ADD GENERATED BY DEFAULT AS IDENTITY (
    SEQUENCE NAME public.miembros_app_zonageo_id_seq
    START WITH 1
    INCREMENT BY 1
    NO MINVALUE
    NO MAXVALUE
    CACHE 1
);


--
-- Name: notificaciones_app_notification; Type: TABLE; Schema: public; Owner: -
--

CREATE TABLE public.notificaciones_app_notification (
    id bigint NOT NULL,
    titulo character varying(150) NOT NULL,
    mensaje text NOT NULL,
    url_destino character varying(255) NOT NULL,
    tipo character varying(20) NOT NULL,
    leida boolean NOT NULL,
    fecha_creacion timestamp with time zone NOT NULL,
    usuario_id integer NOT NULL
);


--
-- Name: notificaciones_app_notification_id_seq; Type: SEQUENCE; Schema: public; Owner: -
--

ALTER TABLE public.notificaciones_app_notification ALTER COLUMN id ADD GENERATED BY DEFAULT AS IDENTITY (
    SEQUENCE NAME public.notificaciones_app_notification_id_seq
    START WITH 1
    INCREMENT BY 1
    NO MINVALUE
    NO MAXVALUE
    CACHE 1
);


--
-- Name: notificaciones_app_pushsubscription; Type: TABLE; Schema: public; Owner: -
--

CREATE TABLE public.notificaciones_app_pushsubscription (
    id bigint NOT NULL,
    endpoint text NOT NULL,
    p256dh character varying(255) NOT NULL,
    auth character varying(255) NOT NULL,
    user_agent character varying(255) NOT NULL,
    activo boolean NOT NULL,
    creado_en timestamp with time zone NOT NULL,
    actualizado_en timestamp with time zone NOT NULL,
    user_id integer NOT NULL
);


--
-- Name: notificaciones_app_pushsubscription_id_seq; Type: SEQUENCE; Schema: public; Owner: -
--

ALTER TABLE public.notificaciones_app_pushsubscription ALTER COLUMN id ADD GENERATED BY DEFAULT AS IDENTITY (
    SEQUENCE NAME public.notificaciones_app_pushsubscription_id_seq
    START WITH 1
    INCREMENT BY 1
    NO MINVALUE
    NO MAXVALUE
    CACHE 1
);


--
-- Name: nuevo_creyente_app_nuevocreyentebitacora; Type: TABLE; Schema: public; Owner: -
--

CREATE TABLE public.nuevo_creyente_app_nuevocreyentebitacora (
    id bigint NOT NULL,
    tipo character varying(20) NOT NULL,
    titulo character varying(120) NOT NULL,
    detalle text NOT NULL,
    canal character varying(20) NOT NULL,
    resultado_contacto character varying(20) CONSTRAINT nuevo_creyente_app_nuevocreyentebit_resultado_contacto_not_null NOT NULL,
    etapa_from character varying(30) NOT NULL,
    etapa_to character varying(30) NOT NULL,
    padre_miembro_id integer,
    padre_nombre character varying(120) NOT NULL,
    padre_accion character varying(20) NOT NULL,
    fecha timestamp with time zone NOT NULL,
    creado_por_id integer,
    expediente_id bigint NOT NULL
);


--
-- Name: nuevo_creyente_app_nuevocreyentebitacora_id_seq; Type: SEQUENCE; Schema: public; Owner: -
--

ALTER TABLE public.nuevo_creyente_app_nuevocreyentebitacora ALTER COLUMN id ADD GENERATED BY DEFAULT AS IDENTITY (
    SEQUENCE NAME public.nuevo_creyente_app_nuevocreyentebitacora_id_seq
    START WITH 1
    INCREMENT BY 1
    NO MINVALUE
    NO MAXVALUE
    CACHE 1
);


--
-- Name: nuevo_creyente_app_nuevocreyenteexpediente; Type: TABLE; Schema: public; Owner: -
--

CREATE TABLE public.nuevo_creyente_app_nuevocreyenteexpediente (
    id bigint NOT NULL,
    estado character varying(20) NOT NULL,
    fecha_envio timestamp with time zone NOT NULL,
    fecha_cierre timestamp with time zone,
    proximo_contacto date,
    notas text NOT NULL,
    fecha_creacion timestamp with time zone CONSTRAINT nuevo_creyente_app_nuevocreyenteexpedie_fecha_creacion_not_null NOT NULL,
    fecha_actualizacion timestamp with time zone CONSTRAINT nuevo_creyente_app_nuevocreyenteex_fecha_actualizacion_not_null NOT NULL,
    miembro_id bigint NOT NULL,
    responsable_id integer,
    unidad_responsable_id bigint,
    etapa character varying(30) NOT NULL
);


--
-- Name: nuevo_creyente_app_nuevocreyenteexpediente_id_seq; Type: SEQUENCE; Schema: public; Owner: -
--

ALTER TABLE public.nuevo_creyente_app_nuevocreyenteexpediente ALTER COLUMN id ADD GENERATED BY DEFAULT AS IDENTITY (
    SEQUENCE NAME public.nuevo_creyente_app_nuevocreyenteexpediente_id_seq
    START WITH 1
    INCREMENT BY 1
    NO MINVALUE
    NO MAXVALUE
    CACHE 1
);


--
-- Name: nuevo_creyente_app_nuevocreyentepadreespiritual; Type: TABLE; Schema: public; Owner: -
--

CREATE TABLE public.nuevo_creyente_app_nuevocreyentepadreespiritual (
    id bigint NOT NULL,
    fecha_asignacion timestamp with time zone CONSTRAINT nuevo_creyente_app_nuevocreyentepadre_fecha_asignacion_not_null NOT NULL,
    activo boolean NOT NULL,
    expediente_id bigint CONSTRAINT nuevo_creyente_app_nuevocreyentepadreesp_expediente_id_not_null NOT NULL,
    padre_id bigint CONSTRAINT nuevo_creyente_app_nuevocreyentepadreespiritu_padre_id_not_null NOT NULL
);


--
-- Name: nuevo_creyente_app_nuevocreyentepadreespiritual_id_seq; Type: SEQUENCE; Schema: public; Owner: -
--

ALTER TABLE public.nuevo_creyente_app_nuevocreyentepadreespiritual ALTER COLUMN id ADD GENERATED BY DEFAULT AS IDENTITY (
    SEQUENCE NAME public.nuevo_creyente_app_nuevocreyentepadreespiritual_id_seq
    START WITH 1
    INCREMENT BY 1
    NO MINVALUE
    NO MAXVALUE
    CACHE 1
);


--
-- Name: votacion_app_candidato; Type: TABLE; Schema: public; Owner: -
--

CREATE TABLE public.votacion_app_candidato (
    id bigint NOT NULL,
    nombre character varying(150) NOT NULL,
    descripcion text NOT NULL,
    orden integer NOT NULL,
    activo boolean NOT NULL,
    votacion_id bigint NOT NULL,
    miembro_id bigint,
    CONSTRAINT votacion_app_candidato_orden_check CHECK ((orden >= 0))
);


--
-- Name: votacion_app_candidato_id_seq; Type: SEQUENCE; Schema: public; Owner: -
--

ALTER TABLE public.votacion_app_candidato ALTER COLUMN id ADD GENERATED BY DEFAULT AS IDENTITY (
    SEQUENCE NAME public.votacion_app_candidato_id_seq
    START WITH 1
    INCREMENT BY 1
    NO MINVALUE
    NO MAXVALUE
    CACHE 1
);


--
-- Name: votacion_app_listacandidatos; Type: TABLE; Schema: public; Owner: -
--

CREATE TABLE public.votacion_app_listacandidatos (
    id bigint NOT NULL,
    nombre character varying(150) NOT NULL,
    codigo_lista character varying(30),
    estado character varying(20) NOT NULL,
    fecha_creacion timestamp with time zone NOT NULL,
    fecha_confirmacion timestamp with time zone,
    notas text NOT NULL
);


--
-- Name: votacion_app_listacandidatos_id_seq; Type: SEQUENCE; Schema: public; Owner: -
--

ALTER TABLE public.votacion_app_listacandidatos ALTER COLUMN id ADD GENERATED BY DEFAULT AS IDENTITY (
    SEQUENCE NAME public.votacion_app_listacandidatos_id_seq
    START WITH 1
    INCREMENT BY 1
    NO MINVALUE
    NO MAXVALUE
    CACHE 1
);


--
-- Name: votacion_app_listacandidatositem; Type: TABLE; Schema: public; Owner: -
--

CREATE TABLE public.votacion_app_listacandidatositem (
    id bigint NOT NULL,
    orden integer NOT NULL,
    observacion character varying(200) NOT NULL,
    lista_id bigint NOT NULL,
    miembro_id bigint NOT NULL,
    CONSTRAINT votacion_app_listacandidatositem_orden_check CHECK ((orden >= 0))
);


--
-- Name: votacion_app_listacandidatositem_id_seq; Type: SEQUENCE; Schema: public; Owner: -
--

ALTER TABLE public.votacion_app_listacandidatositem ALTER COLUMN id ADD GENERATED BY DEFAULT AS IDENTITY (
    SEQUENCE NAME public.votacion_app_listacandidatositem_id_seq
    START WITH 1
    INCREMENT BY 1
    NO MINVALUE
    NO MAXVALUE
    CACHE 1
);


--
-- Name: votacion_app_ronda; Type: TABLE; Schema: public; Owner: -
--

CREATE TABLE public.votacion_app_ronda (
    id bigint NOT NULL,
    numero integer NOT NULL,
    nombre character varying(150) NOT NULL,
    estado character varying(10) NOT NULL,
    fecha_inicio timestamp with time zone,
    fecha_fin timestamp with time zone,
    votacion_id bigint NOT NULL,
    CONSTRAINT votacion_app_ronda_numero_check CHECK ((numero >= 0))
);


--
-- Name: votacion_app_ronda_id_seq; Type: SEQUENCE; Schema: public; Owner: -
--

ALTER TABLE public.votacion_app_ronda ALTER COLUMN id ADD GENERATED BY DEFAULT AS IDENTITY (
    SEQUENCE NAME public.votacion_app_ronda_id_seq
    START WITH 1
    INCREMENT BY 1
    NO MINVALUE
    NO MAXVALUE
    CACHE 1
);


--
-- Name: votacion_app_votacion; Type: TABLE; Schema: public; Owner: -
--

CREATE TABLE public.votacion_app_votacion (
    id bigint NOT NULL,
    nombre character varying(150) NOT NULL,
    descripcion text NOT NULL,
    tipo character varying(20) NOT NULL,
    estado character varying(10) NOT NULL,
    total_habilitados integer,
    regla_ganador character varying(20) NOT NULL,
    numero_cargos integer,
    permite_empates boolean NOT NULL,
    fecha_inicio timestamp with time zone,
    fecha_fin timestamp with time zone,
    permite_voto_remoto boolean NOT NULL,
    observaciones_internas text NOT NULL,
    creada_el timestamp with time zone NOT NULL,
    actualizada_el timestamp with time zone NOT NULL,
    edad_minima_candidato integer,
    miembros_presentes integer,
    tipo_quorum character varying(20) NOT NULL,
    valor_quorum integer,
    votos_minimos_requeridos integer,
    base_quorum character varying(20) NOT NULL,
    mostrar_conteo_en_vivo boolean NOT NULL,
    CONSTRAINT votacion_app_votacion_edad_minima_candidato_check CHECK ((edad_minima_candidato >= 0)),
    CONSTRAINT votacion_app_votacion_miembros_presentes_check CHECK ((miembros_presentes >= 0)),
    CONSTRAINT votacion_app_votacion_numero_cargos_check CHECK ((numero_cargos >= 0)),
    CONSTRAINT votacion_app_votacion_total_habilitados_check CHECK ((total_habilitados >= 0)),
    CONSTRAINT votacion_app_votacion_valor_quorum_check CHECK ((valor_quorum >= 0)),
    CONSTRAINT votacion_app_votacion_votos_minimos_requeridos_check CHECK ((votos_minimos_requeridos >= 0))
);


--
-- Name: votacion_app_votacion_id_seq; Type: SEQUENCE; Schema: public; Owner: -
--

ALTER TABLE public.votacion_app_votacion ALTER COLUMN id ADD GENERATED BY DEFAULT AS IDENTITY (
    SEQUENCE NAME public.votacion_app_votacion_id_seq
    START WITH 1
    INCREMENT BY 1
    NO MINVALUE
    NO MAXVALUE
    CACHE 1
);


--
-- Name: votacion_app_voto; Type: TABLE; Schema: public; Owner: -
--

CREATE TABLE public.votacion_app_voto (
    id bigint NOT NULL,
    tablet_id character varying(50) NOT NULL,
    emitido_el timestamp with time zone NOT NULL,
    candidato_id bigint NOT NULL,
    miembro_id bigint NOT NULL,
    votacion_id bigint NOT NULL,
    ronda_id bigint
);


--
-- Name: votacion_app_voto_id_seq; Type: SEQUENCE; Schema: public; Owner: -
--

ALTER TABLE public.votacion_app_voto ALTER COLUMN id ADD GENERATED BY DEFAULT AS IDENTITY (
    SEQUENCE NAME public.votacion_app_voto_id_seq
    START WITH 1
    INCREMENT BY 1
    NO MINVALUE
    NO MAXVALUE
    CACHE 1
);


--
-- Data for Name: actualizacion_datos_miembros_accesoactualizaciondatos; Type: TABLE DATA; Schema: public; Owner: -
--

COPY public.actualizacion_datos_miembros_accesoactualizaciondatos (id, token, activo, creado_en, actualizado_en, ultimo_envio_en, miembro_id) FROM stdin;
1	aabdc487-8b18-47f9-8d15-d3c673cb8a98	t	2026-01-23 19:57:32.855114+00	2026-01-23 19:57:32.85526+00	\N	2
2	f8d76243-4066-4a5c-906f-748baa1b0263	t	2026-01-23 19:57:32.87671+00	2026-01-23 19:57:32.876848+00	\N	3
3	2f8bf722-0b2f-4a81-813d-d2277ef4364a	t	2026-01-23 19:57:32.918468+00	2026-01-23 19:57:32.918582+00	\N	4
4	1039a2aa-31a0-4b34-802e-e9518889fc80	t	2026-01-23 19:57:32.946973+00	2026-01-23 19:57:32.94718+00	\N	5
5	7047f8aa-622f-4e53-a9de-8ec0af3570fe	t	2026-01-23 19:57:32.972601+00	2026-01-23 19:57:32.972769+00	\N	6
6	e776994f-9837-4c63-93df-7dae8373a170	t	2026-01-25 21:17:02.024946+00	2026-01-25 21:17:02.025128+00	\N	8
7	ee418965-1f2e-440b-89ed-bba185283abe	t	2026-01-26 16:15:22.619058+00	2026-01-26 16:15:22.619225+00	\N	14
8	68f0f761-5ecc-469b-bc77-16f225a36ef4	t	2026-01-26 17:31:34.825163+00	2026-01-26 17:31:34.825312+00	\N	15
9	ac68d6af-11cc-4a43-b164-5337306f2bed	t	2026-01-26 17:31:34.845305+00	2026-01-26 17:31:34.845407+00	\N	16
10	a690fdd0-646b-40dc-a2ae-b2f4370e1fbe	t	2026-01-26 18:55:23.061022+00	2026-01-26 18:55:23.061138+00	\N	17
11	c64bcc37-fb79-4cdd-bf93-675004566270	t	2026-01-26 19:48:44.58954+00	2026-01-26 19:48:44.589696+00	\N	18
12	096f7378-9446-423a-a90d-5d7bcf5e29bf	t	2026-01-26 19:48:44.607814+00	2026-01-26 19:48:44.607911+00	\N	19
13	271f3ccd-fa87-43e2-8a3d-732d9774c3ce	t	2026-01-26 19:48:44.636896+00	2026-01-26 19:48:44.637014+00	\N	20
14	8793c6aa-12ce-47d6-abcb-6e864f9ae3cb	t	2026-01-26 19:48:44.6623+00	2026-01-26 19:48:44.662394+00	\N	21
15	cc5628e6-f397-4571-86f6-b7e2d20adf5e	t	2026-01-26 19:48:44.682561+00	2026-01-26 19:48:44.682685+00	\N	22
16	65c02913-2892-454f-94f7-8d8da39be100	t	2026-01-26 19:48:44.722648+00	2026-01-26 19:48:44.722769+00	\N	23
17	5bbcfd64-1ffc-483f-8227-4d3c5c7cb294	t	2026-01-26 19:48:44.750841+00	2026-01-26 19:48:44.750938+00	\N	24
18	6d0036e7-1766-47a2-a704-caf4c64c5fde	t	2026-01-26 19:48:44.77476+00	2026-01-26 19:48:44.774851+00	\N	25
19	2559fb3c-cbba-405c-8f81-c314555572ef	t	2026-01-26 19:48:44.824583+00	2026-01-26 19:48:44.824698+00	\N	26
20	8c825c32-834d-4515-a120-be60ae359a56	t	2026-01-26 19:48:44.844256+00	2026-01-26 19:48:44.844348+00	\N	27
21	de7189a4-ce58-41b3-8c72-ae51cf574f25	t	2026-01-26 19:48:44.860979+00	2026-01-26 19:48:44.861068+00	\N	28
22	50913682-3af8-47e4-b104-e872cb87c303	t	2026-01-26 19:48:44.921556+00	2026-01-26 19:48:44.921647+00	\N	29
23	3abc346d-d8bd-4b9d-b34d-abc0903b4790	t	2026-01-26 19:48:44.952972+00	2026-01-26 19:48:44.953061+00	\N	30
24	9a9dcec9-b2ad-4956-8d95-adfffac7b44d	t	2026-01-26 19:48:44.991765+00	2026-01-26 19:48:44.991856+00	\N	31
25	45ac963c-3e10-4e07-8d5b-2000bf1001a1	t	2026-01-26 19:48:45.031316+00	2026-01-26 19:48:45.031406+00	\N	32
26	eaedba0a-09c4-4513-bcf7-cb2e34016300	t	2026-01-26 19:48:45.046679+00	2026-01-26 19:48:45.046773+00	\N	33
27	9f79f5c1-16a8-40f6-9dbf-b52825c4ebb2	t	2026-01-26 19:48:45.065542+00	2026-01-26 19:48:45.065632+00	\N	34
28	ef0b7443-27fe-4621-8777-5efdd47efe2a	t	2026-01-26 19:48:45.124501+00	2026-01-26 19:48:45.124592+00	\N	35
29	830edaa3-30a9-4a1a-902e-ac0a18871c4c	t	2026-01-26 19:48:45.139557+00	2026-01-26 19:48:45.139647+00	\N	36
30	35bbd055-72af-477e-a778-29c524b4dccf	t	2026-01-26 19:48:45.156552+00	2026-01-26 19:48:45.156641+00	\N	37
31	14491868-1847-44bb-bde9-fd8d7b5dc2fd	t	2026-01-26 19:48:45.233861+00	2026-01-26 19:48:45.233955+00	\N	38
32	c3d09ec4-28a9-4a97-af2e-eaf897ca933d	t	2026-01-26 19:48:45.270868+00	2026-01-26 19:48:45.270978+00	\N	39
33	b6e69350-834a-49c5-a939-cc3a9cf97904	t	2026-01-26 19:48:45.285458+00	2026-01-26 19:48:45.285546+00	\N	40
34	ccb5464d-94f3-4c11-b5ca-89508d740a4a	t	2026-01-26 19:48:45.327735+00	2026-01-26 19:48:45.327824+00	\N	41
35	933522d8-019f-4972-8ef4-7c14cbe0b683	t	2026-01-26 19:48:45.343379+00	2026-01-26 19:48:45.343466+00	\N	42
36	980d98f7-892b-4f72-8bde-49ad2fef6668	t	2026-01-26 19:48:45.358922+00	2026-01-26 19:48:45.359023+00	\N	43
37	963d76bb-886b-464a-97c6-a93be5117ea9	t	2026-01-26 19:48:45.426633+00	2026-01-26 19:48:45.426756+00	\N	44
38	3659a029-b219-4b5d-ad3a-da6c1609c99a	t	2026-01-26 19:48:45.456855+00	2026-01-26 19:48:45.456949+00	\N	45
39	61febdd0-3bb4-4199-ad8a-f6a90a0fc533	t	2026-01-26 19:48:45.473708+00	2026-01-26 19:48:45.473799+00	\N	46
40	00b99e9b-c959-47ac-9359-241644af51fc	t	2026-01-26 19:48:45.529877+00	2026-01-26 19:48:45.530044+00	\N	47
41	58ce6ac6-a4cf-40b1-8c44-5d29f63f7705	t	2026-01-26 19:48:45.563031+00	2026-01-26 19:48:45.563123+00	\N	48
42	b1330fc4-8b54-43aa-b40a-b571829f7e7c	t	2026-01-26 19:48:45.584784+00	2026-01-26 19:48:45.584875+00	\N	49
43	ebb0dccd-7d6c-4bd8-864c-11f7e83c5dc4	t	2026-01-26 19:48:45.632085+00	2026-01-26 19:48:45.63218+00	\N	50
44	7f00508d-8a82-4c53-a796-8641a881564b	t	2026-01-26 19:48:45.656781+00	2026-01-26 19:48:45.656876+00	\N	51
45	a73d9547-4269-4469-8710-66a9212add2a	t	2026-01-26 19:48:45.67489+00	2026-01-26 19:48:45.675097+00	\N	52
46	8be30675-c676-4c3b-ac4d-4458e0dd4793	t	2026-01-26 19:48:45.724005+00	2026-01-26 19:48:45.724116+00	\N	53
47	131f783e-af34-43f3-8d9d-3ca150a39c86	t	2026-01-26 19:48:45.744726+00	2026-01-26 19:48:45.744817+00	\N	54
48	868c53de-497c-49b4-acb7-08e09e79c253	t	2026-01-26 19:48:45.762049+00	2026-01-26 19:48:45.762153+00	\N	55
\.


--
-- Data for Name: actualizacion_datos_miembros_accesoaltafamilia; Type: TABLE DATA; Schema: public; Owner: -
--

COPY public.actualizacion_datos_miembros_accesoaltafamilia (id, token, activo, creado_en, actualizado_en, ultimo_envio_en) FROM stdin;
\.


--
-- Data for Name: actualizacion_datos_miembros_actualizaciondatosconfig; Type: TABLE DATA; Schema: public; Owner: -
--

COPY public.actualizacion_datos_miembros_actualizaciondatosconfig (id, activo, campos_permitidos, actualizado_en) FROM stdin;
\.


--
-- Data for Name: actualizacion_datos_miembros_altafamilialog; Type: TABLE DATA; Schema: public; Owner: -
--

COPY public.actualizacion_datos_miembros_altafamilialog (id, creado_en, conyuge_id, padre_id, madre_id, hijos_ids, relaciones_creadas, alertas, acceso_id, principal_id, estado, ip_origen, nota_admin, revisado_en, revisado_por_id, user_agent) FROM stdin;
\.


--
-- Data for Name: actualizacion_datos_miembros_altamasivaconfig; Type: TABLE DATA; Schema: public; Owner: -
--

COPY public.actualizacion_datos_miembros_altamasivaconfig (id, activo, actualizado_en, mensaje_compartir) FROM stdin;
1	f	2026-01-26 22:08:24.438527+00	Registro de miembro\n\nHola 👋\nEstamos probando un formulario digital para registrar datos de la iglesia.\n¿Podrías llenarlo y decirme si algo no se entiende?\n\nGracias 🙏
\.


--
-- Data for Name: actualizacion_datos_miembros_solicitudactualizacionmiembro; Type: TABLE DATA; Schema: public; Owner: -
--

COPY public.actualizacion_datos_miembros_solicitudactualizacionmiembro (id, estado, telefono, whatsapp, email, direccion, sector, ciudad, provincia, codigo_postal, empleador, puesto, telefono_trabajo, direccion_trabajo, contacto_emergencia_nombre, contacto_emergencia_telefono, contacto_emergencia_relacion, tipo_sangre, alergias, condiciones_medicas, medicamentos, creado_en, ip_origen, user_agent, revisado_en, nota_admin, miembro_id, revisado_por_id, fecha_bautismo, fecha_conversion, fecha_ingreso_iglesia, iglesia_anterior, estado_civil, lugar_nacimiento, nacionalidad, nivel_educativo, pasaporte, profesion, telefono_secundario) FROM stdin;
\.


--
-- Data for Name: actualizacion_datos_miembros_solicitudaltamiembro; Type: TABLE DATA; Schema: public; Owner: -
--

COPY public.actualizacion_datos_miembros_solicitudaltamiembro (id, estado, nombres, apellidos, genero, fecha_nacimiento, estado_miembro, telefono, creado_en, ip_origen, user_agent, revisado_en, nota_admin, revisado_por_id, direccion, sector, whatsapp, cedula, foto) FROM stdin;
5	aprobada	Neftali	Castillo Calderon	masculino	1990-11-06	activo	+18298857166	2026-01-23 19:55:26.649049+00	148.255.15.19	Mozilla/5.0 (Macintosh; Intel Mac OS X 10_15_7) AppleWebKit/537.36 (KHTML, like Gecko) Chrome/144.0.0.0 Safari/537.36	2026-01-23 19:57:32.861488+00		1	Bernardo Montas #95	Juan Pablo Duarte	+18298857166	402-2057367-5	solicitudes_alta/fotos/IMG_0980.jpg
4	aprobada	Janser Nicolás	Payano Abreu	masculino	1996-09-12	activo	+18293624778	2026-01-23 19:18:51.925975+00	179.53.44.146	Mozilla/5.0 (iPhone; CPU iPhone OS 18_7 like Mac OS X) AppleWebKit/605.1.15 (KHTML, like Gecko) Version/26.2 Mobile/15E148 Safari/604.1	2026-01-23 19:57:32.88091+00		1	C/ Teódulo Guerrero Aptos Doña Nina #7	Los Sotos	+18293624778	402-2674805-7	solicitudes_alta/fotos/IMG_5693.jpeg
3	aprobada	Samaira	Guerrero Marte	femenino	1998-03-27	activo	+18493544169	2026-01-23 19:15:06.395483+00	179.53.44.146	Mozilla/5.0 (iPhone; CPU iPhone OS 18_7 like Mac OS X) AppleWebKit/605.1.15 (KHTML, like Gecko) Version/26.2 Mobile/15E148 Safari/604.1	2026-01-23 19:57:32.923021+00		1	C/ Teodulo Guerrero, Aptos Doña Nina #7	Los Sotos	+18493544169	402-2850693-3	solicitudes_alta/fotos/Foto_Samaira.jpg
2	aprobada	Joanel martin	De Los Santos Rodriguez	masculino	1982-02-24	activo	+18096717666	2026-01-23 17:19:13.823927+00	201.229.162.111	Mozilla/5.0 (iPhone; CPU iPhone OS 18_7 like Mac OS X) AppleWebKit/605.1.15 (KHTML, like Gecko) Version/26.2 Mobile/15E148 Safari/604.1	2026-01-23 19:57:32.951427+00		1	Teo Cruz #121	Los Sotos	+18096717666	028-0074422-5	solicitudes_alta/fotos/IMG_5066.png
1	aprobada	Dariany	Martínez	femenino	1988-11-06	activo	+18098447894	2026-01-23 16:13:21.694982+00	179.53.44.148	Mozilla/5.0 (iPhone; CPU iPhone OS 18_6 like Mac OS X) AppleWebKit/605.1.15 (KHTML, like Gecko) Version/18.6 Mobile/15E148 Safari/604.1	2026-01-23 19:57:32.976967+00		1	Orlando Martínez 192	Los Sotos	+18098447894	028-0099335-0	
7	rechazada	victor leonel	del rosario	masculino	2026-03-23	activo	+18295732838	2026-01-25 20:24:07.37576+00	179.53.44.148	Mozilla/5.0 (Linux; Android 10; K) AppleWebKit/537.36 (KHTML, like Gecko) Chrome/144.0.0.0 Mobile Safari/537.36	2026-01-25 21:16:24.091157+00		1	higuey	Juan Pablo Duarte	+18295732838	028-0079215-8	
6	aprobada	Fairely	Linares Castillo	femenino	1993-06-13	activo	+18297080508	2026-01-24 14:20:08.824509+00	148.255.13.187	Mozilla/5.0 (iPhone; CPU iPhone OS 18_7 like Mac OS X) AppleWebKit/605.1.15 (KHTML, like Gecko) Version/26.0.1 Mobile/15E148 Safari/604.1	2026-01-25 21:17:02.032371+00		1	C/ Tarcila Valdez #31	Juan Pablo Duarte	+18297080508	028-0111288-5	media/solicitudes_alta/fotos/98ce8cd8-9f26-4931-87f7-0f05fe6620bb_uytkfm
8	aprobada	Victor leonel	Victor Del Rosario Castillo	masculino	2026-03-23	activo	+18295732838	2026-01-26 16:06:47.515747+00	148.101.240.107	Mozilla/5.0 (Linux; Android 10; K) AppleWebKit/537.36 (KHTML, like Gecko) Chrome/144.0.0.0 Mobile Safari/537.36	2026-01-26 16:15:22.622416+00		1	higuey	Juan Pablo Duarte	+18295732838	028-0079215-8	
9	aprobada	Dorka Inés	Delgado Ruiz	femenino	1988-05-23	activo	+18097146576	2026-01-26 17:25:59.73232+00	148.101.250.144	Mozilla/5.0 (iPhone; CPU iPhone OS 18_7 like Mac OS X) AppleWebKit/605.1.15 (KHTML, like Gecko) Version/26.2 Mobile/15E148 Safari/604.1	2026-01-26 17:31:34.850345+00		1		Juan Pablo Duarte	+18097146576		media/solicitudes_alta/fotos/4E3A57E9-8ED1-44EF-9038-133BCF22EF38_zofoqx
10	aprobada	Joyce	De Los Santos	femenino	2005-07-30	activo	+18299662590	2026-01-26 17:26:29.865932+00	148.101.250.144	Mozilla/5.0 (iPhone; CPU iPhone OS 18_6_2 like Mac OS X) AppleWebKit/605.1.15 (KHTML, like Gecko) Version/18.6 Mobile/15E148 Safari/604.1	2026-01-26 17:31:34.830524+00		1	C/ Teo Cruz #121	Los Sotos	+18299662590	402-1090482-3	media/solicitudes_alta/fotos/IMG_9614_uvp8v6
12	aprobada	Alberto	Castillo	masculino	2026-01-26	activo	+18096629708	2026-01-26 18:54:16.902955+00	190.167.253.38	Mozilla/5.0 (Linux; Android 10; K) AppleWebKit/537.36 (KHTML, like Gecko) Chrome/144.0.0.0 Mobile Safari/537.36	2026-01-26 18:55:23.065323+00		1		Otro	+18096629708		
21	aprobada	Melenesyn	Villavicencio	masculino	2026-09-01	activo	+18297613730	2026-01-26 18:56:43.060385+00	190.80.245.135	Mozilla/5.0 (Linux; Android 10; K) AppleWebKit/537.36 (KHTML, like Gecko) Chrome/144.0.0.0 Mobile Safari/537.36	2026-01-26 19:48:45.477415+00		1	Juan Pablo Duarte\r\n#16	Juan Pablo Duarte	+18297613730	028-0077561-7	media/solicitudes_alta/fotos/1001252922_ubk203
20	aprobada	Miguelina	Castillo	femenino	2026-10-29	activo	+18298761636	2026-01-26 18:56:11.506524+00	152.166.193.96	Mozilla/5.0 (Linux; Android 10; K) AppleWebKit/537.36 (KHTML, like Gecko) Chrome/143.0.0.0 Mobile Safari/537.36	2026-01-26 19:48:45.542905+00		1	Calle Real 5	Juan Pablo Duarte	+18298761636	028-0006743-7	
19	aprobada	Mairelly	De La Cruz	femenino	1989-03-11	activo	+18097781047	2026-01-26 18:56:09.476636+00	190.80.245.243	Mozilla/5.0 (iPhone; CPU iPhone OS 18_6_1 like Mac OS X) AppleWebKit/605.1.15 (KHTML, like Gecko) Version/18.6 Mobile/15E148 Safari/604.1	2026-01-26 19:48:45.568451+00		1	Calle 8 de Marzo Apto Emma 2A sector Sajour	Otro	+18097781047	023-0151670-0	
18	aprobada	Yosanni	Cuevas Encarnación	femenino	1994-04-27	activo	+18298628769	2026-01-26 18:55:51.210447+00	190.166.7.149	Mozilla/5.0 (iPhone; CPU iPhone OS 18_5 like Mac OS X) AppleWebKit/605.1.15 (KHTML, like Gecko) Version/18.5 Mobile/15E148 Safari/604.1	2026-01-26 19:48:45.613862+00		1	Pepe santana	Villa María	+18298628769	028-0111294-3	media/solicitudes_alta/fotos/IMG_1843_r9gnib
17	aprobada	Omairis	De la Cruz Cedeño	femenino	1984-11-25	activo	+18096091550	2026-01-26 18:55:49.716786+00	148.101.250.144	Mozilla/5.0 (iPhone; CPU iPhone OS 26_1_0 like Mac OS X) AppleWebKit/605.1.15 (KHTML, like Gecko) CriOS/135.0.7049.53 Mobile/15E148 Safari/604.1	2026-01-26 19:48:45.636859+00		1	C/10 sector Chilo Poueriet	Otro	+18096091550	028-0084796-0	media/solicitudes_alta/fotos/IMG_7883_mdihhn
16	aprobada	Erick Luilly	Guerrero	masculino	2001-08-17	activo	+18494032297	2026-01-26 18:55:16.071788+00	148.101.250.144	Mozilla/5.0 (iPhone; CPU iPhone OS 18_7 like Mac OS X) AppleWebKit/605.1.15 (KHTML, like Gecko) Version/18.7.3 Mobile/15E148 Safari/604.1	2026-01-26 19:48:45.66047+00		1	Liceo Perez Sánchez	Juan Pablo Duarte	+18494032297	402-4670064-1	
15	aprobada	Antonio	Guerrero	masculino	1972-07-05	activo	+18097106817	2026-01-26 18:55:06.148988+00	190.80.246.209	Mozilla/5.0 (Linux; Android 10; K) AppleWebKit/537.36 (KHTML, like Gecko) Chrome/144.0.0.0 Mobile Safari/537.36	2026-01-26 19:48:45.679882+00		1	Calle Real. No. 3	La Malena	+18097106817	028-0040416-8	
14	aprobada	Massiel	Payano Abreu	femenino	1992-12-14	activo	+18097155334	2026-01-26 18:54:43.925012+00	181.37.208.79	Mozilla/5.0 (iPhone; CPU iPhone OS 26_2_0 like Mac OS X) AppleWebKit/605.1.15 (KHTML, like Gecko) CriOS/144.0.7559.95 Mobile/15E148 Safari/604.1	2026-01-26 19:48:45.730121+00		1	Comandante Marmolejo	Savica	+18097155334	402-2282247-6	media/solicitudes_alta/fotos/IMG_8535_gz991l
13	aprobada	Mayrobi Nicole	Payano Abreu	femenino	1999-11-16	activo	+18494073040	2026-01-26 18:54:18.678045+00	181.37.208.79	Mozilla/5.0 (iPhone; CPU iPhone OS 18_6_2 like Mac OS X) AppleWebKit/605.1.15 (KHTML, like Gecko) Version/18.6 Mobile/15E148 Safari/604.1	2026-01-26 19:48:45.74818+00		1	Comandante Marmolejos #92	Savica	+18494073040		
11	aprobada	Raphi Jonabel	Polanco Carpio	masculino	1990-08-22	activo	+18099788816	2026-01-26 18:54:06.357872+00	152.166.199.160	Mozilla/5.0 (iPhone; CPU iPhone OS 18_7 like Mac OS X) AppleWebKit/605.1.15 (KHTML, like Gecko) Version/26.1 Mobile/15E148 Safari/604.1	2026-01-26 19:48:45.766602+00		1	Tarsila Valdez 30	Juan Pablo Duarte	+18099788816	402-2043075-1	media/solicitudes_alta/fotos/6bfb93a9-62c4-4cfc-8895-02b5a4d05780_gnw9im
45	aprobada	Maria Cristina	Morla	femenino	2026-01-26	activo	+18094817068	2026-01-26 19:06:37.882212+00	190.167.233.180	Mozilla/5.0 (Linux; Android 10; K) AppleWebKit/537.36 (KHTML, like Gecko) Chrome/144.0.0.0 Mobile Safari/537.36	2026-01-26 19:48:44.690165+00		1	Por la escuela	Santana	+18094817068	028-0002889-2	media/solicitudes_alta/fotos/1000105826_b9y5qp
44	aprobada	Raysa	Ledesma De Peña	femenino	2026-08-17	activo	+18297155668	2026-01-26 19:06:14.377336+00	152.166.128.101	Mozilla/5.0 (Linux; Android 10; K) AppleWebKit/537.36 (KHTML, like Gecko) Chrome/144.0.0.0 Mobile Safari/537.36	2026-01-26 19:48:44.728743+00		1	Calle alegría 8		+18297155668	028-0011098-9	
42	aprobada	Jeremías	Herrera Carpio	masculino	1973-02-15	activo	+18497509002	2026-01-26 19:05:25.901503+00	148.101.250.144	Mozilla/5.0 (Linux; Android 10; K) AppleWebKit/537.36 (KHTML, like Gecko) SamsungBrowser/29.0 Chrome/136.0.0.0 Mobile Safari/537.36	2026-01-26 19:48:44.810864+00		1	Dios con Nosotros No. 15	Las Caobas	+18497509002		
41	aprobada	Angela Miledy	Ramírez de Segura	femenino	2026-01-26	activo	+18498519297	2026-01-26 19:05:01.404956+00	152.166.173.198	Mozilla/5.0 (Linux; Android 10; K) AppleWebKit/537.36 (KHTML, like Gecko) SamsungBrowser/29.0 Chrome/136.0.0.0 Mobile Safari/537.36	2026-01-26 19:48:44.828023+00		1	Mélida Rodríguez, #21	Los Sotos	+18498519297	028-0053190-3	media/solicitudes_alta/fotos/IMG_20200223_164845_ympx0k
40	aprobada	Mercedes	Soriano	femenino	1961-06-09	activo	+18293736284	2026-01-26 19:04:59.598631+00	190.166.7.149	Mozilla/5.0 (Linux; Android 10; K) AppleWebKit/537.36 (KHTML, like Gecko) Chrome/144.0.0.0 Mobile Safari/537.36	2026-01-26 19:48:44.847627+00		1		Juan Pablo Duarte	+18293736284	028-0001223-5	
39	aprobada	Karina	De Gracia Guerrero	femenino	1988-07-18	activo	+18098044550	2026-01-26 19:04:20.545916+00	190.80.244.237	Mozilla/5.0 (Linux; Android 10; K) AppleWebKit/537.36 (KHTML, like Gecko) Chrome/144.0.0.0 Mobile Safari/537.36	2026-01-26 19:48:44.865306+00		1	Calle Orlando Martinez #46	Juan Pablo Duarte	+18098044550	028-0096771-9	
38	aprobada	Diodelis	Rodríguez  Zorrilla	femenino	1986-02-14	activo	+18299358878	2026-01-26 19:04:08.282244+00	148.101.250.144	Mozilla/5.0 (iPhone; CPU iPhone OS 18_6_2 like Mac OS X) AppleWebKit/605.1.15 (KHTML, like Gecko) Version/18.6 Mobile/15E148 Safari/604.1	2026-01-26 19:48:44.925597+00		1	Alboleda	Ana Melia	+18299358878	027-0040282-5	media/solicitudes_alta/fotos/IMG_7752_o86ov1
37	aprobada	Orlando	Nuesi	masculino	2026-03-19	activo	+18494492669	2026-01-26 19:03:24.805465+00	190.80.244.56	Mozilla/5.0 (Linux; Android 10; K) AppleWebKit/537.36 (KHTML, like Gecko) SamsungBrowser/28.0 Chrome/130.0.0.0 Mobile Safari/537.36	2026-01-26 19:48:44.961745+00		1		La Aviación	+18494492669	121-0009513-7	
36	aprobada	Mariluz	Garrido	femenino	2026-08-19	activo	+18093955113	2026-01-26 19:02:46.745658+00	190.167.207.240	Mozilla/5.0 (Linux; Android 10; K) AppleWebKit/537.36 (KHTML, like Gecko) Chrome/143.0.0.0 Mobile Safari/537.36	2026-01-26 19:48:45.013805+00		1		Juan Pablo Duarte	+18093955113	028-0054494-8	
35	aprobada	Martha Patricia	Roche Calderón	femenino	1982-03-09	activo	+18499193880	2026-01-26 19:02:44.066815+00	148.101.250.144	Mozilla/5.0 (Linux; Android 10; K) AppleWebKit/537.36 (KHTML, like Gecko) Chrome/144.0.0.0 Mobile Safari/537.36	2026-01-26 19:48:45.034722+00		1	Dionisio mejía #6 apartamento Williams #27	Juan Pablo Duarte	+18499193880	023-0121565-9	media/solicitudes_alta/fotos/20250322_160549_igeanq
34	aprobada	Juana	Sánchez	femenino	1978-03-30	activo	+18094197429	2026-01-26 19:01:47.178523+00	152.166.137.199	Mozilla/5.0 (iPhone; CPU iPhone OS 17_6_1 like Mac OS X) AppleWebKit/605.1.15 (KHTML, like Gecko) Version/17.6 Mobile/15E148 Safari/604.1	2026-01-26 19:48:45.050132+00		1	Calle Luisa Perla #8	La Altagracia	+18094197429	028-0056684-2	
33	aprobada	Noemi	Delgado	femenino	1975-07-25	activo	+18498068361	2026-01-26 19:00:53.919651+00	152.166.129.42	Mozilla/5.0 (Linux; Android 10; K) AppleWebKit/537.36 (KHTML, like Gecko) Chrome/144.0.0.0 Mobile Safari/537.36	2026-01-26 19:48:45.110822+00		1		Juan Pablo Duarte	+18498068361	028-0009200-5	
32	aprobada	Atahualpa	Colome Santana	masculino	2026-02-18	activo	+18297072460	2026-01-26 19:00:39.783545+00	148.101.250.144	Mozilla/5.0 (Macintosh; Intel Mac OS X 10_15_7) AppleWebKit/537.36 (KHTML, like Gecko) Chrome/144.0.0.0 Safari/537.36	2026-01-26 19:48:45.128044+00		1	Calle M. Garcia	Otro	+18297072460	028-0053032-7	media/solicitudes_alta/fotos/Atahualpa_Colome_cs6oxw
31	aprobada	Orquídea Carolina	Abreu Santana	femenino	1986-08-02	activo	+18097575941	2026-01-26 18:59:56.376185+00	148.101.250.144	Mozilla/5.0 (Linux; Android 10; K) AppleWebKit/537.36 (KHTML, like Gecko) Chrome/144.0.0.0 Mobile Safari/537.36	2026-01-26 19:48:45.14294+00		1	Calle Mario Alberto Avila No. 28, sector Brisas del Llano	Otro	+18097575941		
30	aprobada	Madeline	Jimenez De Espiritusanto	femenino	1987-09-12	activo	+18297944658	2026-01-26 18:59:48.264939+00	190.80.246.0	Mozilla/5.0 (Linux; Android 10; K) AppleWebKit/537.36 (KHTML, like Gecko) Chrome/144.0.0.0 Mobile Safari/537.36	2026-01-26 19:48:45.159965+00		1	El naranjo \r\nBienvenido creales número 22	Otro	+18297944658	023-0147948-7	media/solicitudes_alta/fotos/20250520_135434_oqnsj5
29	aprobada	Candido Eligio	Guerrero García	masculino	1985-02-14	activo	+18296495974	2026-01-26 18:59:16.677274+00	190.80.245.234	Mozilla/5.0 (iPhone; CPU iPhone OS 18_7 like Mac OS X) AppleWebKit/605.1.15 (KHTML, like Gecko) Version/26.2 Mobile/15E148 Safari/604.1	2026-01-26 19:48:45.241836+00		1	Mario Alberto Ávila, 28 Brisas del Llano		+18296495974	028-0081977-9	
28	aprobada	Maria Victoria	Castillo de Nuesi	femenino	1965-11-06	activo	+18099537865	2026-01-26 18:59:07.262814+00	190.167.203.211	Mozilla/5.0 (Linux; Android 10; K) AppleWebKit/537.36 (KHTML, like Gecko) Chrome/144.0.0.0 Mobile Safari/537.36	2026-01-26 19:48:45.274393+00		1	Ramon A pumarol	La Aviación	+18099537865	028-0036702	
27	aprobada	Alexia Alexandra	Castillo Ruiz	femenino	1998-06-12	activo	+18297668227	2026-01-26 18:58:06.928756+00	148.101.250.144	Mozilla/5.0 (iPhone; CPU iPhone OS 18_7 like Mac OS X) AppleWebKit/605.1.15 (KHTML, like Gecko) Version/26.2 Mobile/15E148 Safari/604.1	2026-01-26 19:48:45.310802+00		1	Los Rosales	Otro	+18297668227		
26	aprobada	Evelyn	Garrido Cedano	femenino	1981-12-13	activo	+18296024630	2026-01-26 18:57:57.970559+00	190.80.244.113	Mozilla/5.0 (Linux; Android 10; K) AppleWebKit/537.36 (KHTML, like Gecko) Chrome/144.0.0.0 Mobile Safari/537.36	2026-01-26 19:48:45.331211+00		1	Angel Merino no.40	Juan Pablo Duarte		028-0075116-2	
25	aprobada	Jesús	Gil Rodriguez	masculino	1968-01-26	activo	+18296482407	2026-01-26 18:57:56.740827+00	148.101.250.144	Mozilla/5.0 (iPhone; CPU iPhone OS 18_7 like Mac OS X) AppleWebKit/605.1.15 (KHTML, like Gecko) Version/26.2 Mobile/15E148 Safari/604.1	2026-01-26 19:48:45.346658+00		1	Benito Hilario #14	Juan Pablo Duarte	+18296482407	028-0020687-8	media/solicitudes_alta/fotos/image_mchj4n
24	aprobada	Jose Benjamin	Santana Mazara	masculino	2026-01-26	activo	+18498659650	2026-01-26 18:57:21.679539+00	190.167.253.104	Mozilla/5.0 (Linux; Android 10; K) AppleWebKit/537.36 (KHTML, like Gecko) Chrome/144.0.0.0 Mobile Safari/537.36	2026-01-26 19:48:45.362281+00		1		Otro	+18498659650	028-0056834-3	
23	aprobada	Emmanuel	Guerrero Cedano	masculino	1997-01-03	activo	+18098891826	2026-01-26 18:57:01.651116+00	104.28.32.57	Mozilla/5.0 (iPhone; CPU iPhone OS 18_7 like Mac OS X) AppleWebKit/605.1.15 (KHTML, like Gecko) Version/18.7.2 Mobile/15E148 Safari/604.1	2026-01-26 19:48:45.430783+00		1	Ramón Marrero Aristy #19	Juan Pablo Duarte	+18098891826	402-2784021-8	media/solicitudes_alta/fotos/4cf442d2-1421-4d87-bd99-5e648628dfd7_yjcg4b
49	aprobada	Jonayris	Torres Sánchez de Arias	femenino	1992-01-31	activo	+18297819941	2026-01-26 19:23:41.433313+00	190.167.253.250	Mozilla/5.0 (Linux; Android 10; K) AppleWebKit/537.36 (KHTML,like Gecko) Chrome/143.0.0.0 Mobile Safari/537.36	2026-01-26 19:48:44.594698+00		1	Callé/paris#83	Juan Pablo Duarte	+18297819941	090-0025367-5	media/solicitudes_alta/fotos/1000007562_soobzx
48	aprobada	Evelin Nathaly	Ozoria Santillan	femenino	1988-07-26	activo	+18099044581	2026-01-26 19:16:11.896054+00	152.166.135.176	Mozilla/5.0 (Linux; Android 10; K) AppleWebKit/537.36 (KHTML, like Gecko) Chrome/143.0.0.0 Mobile Safari/537.36	2026-01-26 19:48:44.612751+00		1	Dinamarca Pérez	Juan Pablo Duarte			media/solicitudes_alta/fotos/Screenshot_2026-01-26-15-14-34-309_com.instagram.android_lcdoe2
47	aprobada	Emma Doris	Sanchez y Richiez	femenino	1967-05-28	activo	+18492522252	2026-01-26 19:14:40.983491+00	152.166.205.163	Mozilla/5.0 (Linux; Android 10; K) AppleWebKit/537.36 (KHTML, like Gecko) SamsungBrowser/29.0 Chrome/136.0.0.0 Mobile Safari/537.36	2026-01-26 19:48:44.646758+00		1	Rosa Maria Montas#12	Los Sotos	+18492522252	028-0010373-7	
46	aprobada	Alexsandra	Ruiz de Peña	femenino	1977-03-08	activo	+18093998227	2026-01-26 19:07:03.900376+00	201.229.162.118	Mozilla/5.0 (Linux; Android 10; K) AppleWebKit/537.36 (KHTML, like Gecko) Chrome/144.0.0.0 Mobile Safari/537.36	2026-01-26 19:48:44.666433+00		1	Calle 13 las manzanas, el Chilo poueriet	Otro	+18093998227	028-0052714-1	
43	aprobada	Flor Esmeralda	Feliciano de Salvador	femenino	1976-03-04	activo	+18092723426	2026-01-26 19:05:33.915198+00	190.167.234.57	Mozilla/5.0 (iPhone; CPU iPhone OS 17_6_1 like Mac OS X) AppleWebKit/605.1.15 (KHTML, like Gecko) Version/17.6 Mobile/15E148 Safari/604.1	2026-01-26 19:48:44.758799+00		1	3	Luisa Perla	+18092723426	023-0104148-5	media/solicitudes_alta/fotos/3C10CCE5-1BAA-4B06-87A0-F1C6B3EC8F5B_twelp0
22	aprobada	Felito	Cruz	masculino	1976-03-23	activo	+18098844431	2026-01-26 18:56:55.297276+00	152.166.157.57	Mozilla/5.0 (Linux; Android 10; K) AppleWebKit/537.36 (KHTML, like Gecko) Chrome/144.0.0.0 Mobile Safari/537.36	2026-01-26 19:48:45.46072+00		1	Eliseo Perez Sanchez 65\r\njuan pablo duarte		+18098844431		
\.


--
-- Data for Name: agenda_app_actividad; Type: TABLE DATA; Schema: public; Owner: -
--

COPY public.agenda_app_actividad (id, titulo, fecha, hora_inicio, hora_fin, tipo, lugar, responsable_texto, descripcion, estado, created_at, updated_at, unidad_id, visibilidad) FROM stdin;
1	culto de prueba	2026-01-30	\N	\N	OTRO				PROGRAMADA	2026-01-24 21:53:14.514855+00	2026-01-24 21:53:14.517131+00	\N	PRIVADO
2	Reunión de líderes	2026-02-20	21:05:00	22:05:00	REUNION				PROGRAMADA	2026-01-25 01:05:26.868701+00	2026-01-25 01:05:26.87149+00	\N	PRIVADO
3	gfgfgfgfgfg	2026-01-28	\N	\N	OTRO				PROGRAMADA	2026-01-25 19:59:21.555413+00	2026-01-25 19:59:21.556132+00	\N	PRIVADO
4	culto familiar	2026-01-31	10:53:00	22:53:00	OTRO				PROGRAMADA	2026-01-30 14:53:18.412004+00	2026-01-30 14:53:18.418374+00	1	PRIVADO
5	hola munfo	2026-01-31	\N	\N	OTRO				PROGRAMADA	2026-01-30 15:23:14.316123+00	2026-01-30 15:23:14.31972+00	\N	PRIVADO
6	hola mundo	2026-01-30	15:20:00	16:21:00	OTRO				PROGRAMADA	2026-01-30 18:20:02.716509+00	2026-01-30 18:20:02.720423+00	\N	PRIVADO
7	hola mundo 1	2026-01-30	16:11:00	\N	OTRO				PROGRAMADA	2026-01-30 19:09:29.067687+00	2026-01-30 19:09:29.07145+00	\N	PRIVADO
8	hola mundo 2	2026-01-30	16:53:00	\N	OTRO				PROGRAMADA	2026-01-30 19:49:06.307974+00	2026-01-30 19:49:06.30933+00	\N	PRIVADO
9	Prueba	2026-01-30	16:53:00	\N	OTRO				PROGRAMADA	2026-01-30 20:18:31.708394+00	2026-01-30 20:18:31.709728+00	\N	PRIVADO
10	hola a todos	2026-01-30	17:34:00	\N	OTRO				PROGRAMADA	2026-01-30 20:31:16.869256+00	2026-01-30 20:31:16.873659+00	\N	PRIVADO
11	cada 10 minutos	2026-01-30	17:58:00	\N	OTRO				PROGRAMADA	2026-01-30 20:54:18.730852+00	2026-01-30 20:54:18.732141+00	\N	PRIVADO
12	otra 1	2026-01-30	18:03:00	\N	OTRO				PROGRAMADA	2026-01-30 21:01:57.725058+00	2026-01-30 21:01:57.726378+00	\N	PRIVADO
13	hola mundo 5	2026-01-30	18:35:00	\N	OTRO				PROGRAMADA	2026-01-30 21:29:50.026278+00	2026-01-30 21:29:50.029372+00	\N	PRIVADO
14	hola mundo 6	2026-01-30	18:38:00	\N	OTRO				PROGRAMADA	2026-01-30 21:33:56.166892+00	2026-01-30 21:33:56.168054+00	\N	PRIVADO
15	Hola mundo 98	2026-01-30	21:24:00	\N	OTRO				PROGRAMADA	2026-01-31 00:19:06.421848+00	2026-01-31 00:19:06.424274+00	\N	PRIVADO
16	Culto familia	2026-08-09	\N	\N	CULTO				PROGRAMADA	2026-02-14 00:23:56.192391+00	2026-02-14 00:23:56.193891+00	\N	PRIVADO
17	Culto en la malena	2026-02-17	\N	\N	OTRO				PROGRAMADA	2026-02-16 22:57:44.120826+00	2026-02-16 22:57:44.122568+00	\N	PRIVADO
18	Culto relampago	2026-02-20	12:34:00	15:38:00	OTRO				PROGRAMADA	2026-02-19 16:35:13.273209+00	2026-02-19 16:35:13.276998+00	\N	PUBLICO
\.


--
-- Data for Name: agenda_app_actividadrecordatorio; Type: TABLE DATA; Schema: public; Owner: -
--

COPY public.agenda_app_actividadrecordatorio (id, minutos_antes, enviado_en, creado_en, actividad_id) FROM stdin;
1	60	2026-01-30 19:50:01.047532+00	2026-01-30 19:50:00.330494+00	8
2	60	2026-01-30 21:30:10.373697+00	2026-01-30 21:30:09.755013+00	13
3	60	2026-01-30 21:34:01.238153+00	2026-01-30 21:34:00.264683+00	14
4	60	2026-01-31 10:00:24.99486+00	2026-01-31 10:00:24.423757+00	5
5	60	2026-01-31 13:30:35.009166+00	2026-01-31 13:30:34.217998+00	4
6	60	2026-02-17 10:03:05.866669+00	2026-02-17 10:03:05.05124+00	17
7	60	2026-02-20 14:58:40.175969+00	2026-02-20 14:58:39.321239+00	18
8	60	2026-02-20 23:34:30.383231+00	2026-02-20 23:34:29.624066+00	2
\.


--
-- Data for Name: auth_group; Type: TABLE DATA; Schema: public; Owner: -
--

COPY public.auth_group (id, name) FROM stdin;
1	Administrador
2	Liderazgo
4	Invitiado
\.


--
-- Data for Name: auth_group_permissions; Type: TABLE DATA; Schema: public; Owner: -
--

COPY public.auth_group_permissions (id, group_id, permission_id) FROM stdin;
1	2	125
2	2	25
3	2	26
4	2	27
5	2	28
6	2	29
7	2	30
8	2	31
9	2	32
10	2	33
11	2	34
12	2	35
13	2	36
14	2	37
15	2	38
16	2	39
17	2	40
18	2	41
19	2	42
20	2	43
21	2	44
22	2	45
23	2	46
24	2	47
25	2	48
26	2	49
27	2	50
28	2	51
29	2	52
30	2	53
31	2	54
32	2	55
33	2	56
34	2	65
35	2	66
36	2	67
37	2	68
38	2	69
39	2	70
40	2	71
41	2	72
42	2	73
43	2	74
44	2	75
45	2	76
46	2	77
47	2	78
48	2	79
49	2	80
50	2	81
51	2	82
52	2	83
53	2	84
54	2	85
55	2	86
56	2	87
57	2	88
58	2	89
59	2	90
60	2	91
61	2	92
62	2	93
63	2	94
64	2	95
65	2	96
66	2	97
67	2	98
68	2	99
69	2	100
70	2	101
71	2	102
72	2	103
73	2	104
74	2	105
75	2	106
76	2	107
77	2	108
78	2	109
79	2	110
80	2	111
81	2	112
82	2	113
83	2	114
84	2	115
85	2	116
86	2	117
87	2	118
88	2	119
89	2	120
90	2	121
91	2	122
92	2	123
93	2	124
94	2	126
95	2	127
96	2	128
97	2	129
98	2	130
99	2	131
100	2	132
101	2	133
102	2	134
103	2	135
104	2	136
105	2	137
106	2	138
107	2	139
108	2	140
109	2	141
110	2	142
111	2	143
112	2	144
113	2	145
114	2	146
115	2	147
116	2	148
117	2	149
118	2	150
119	2	151
120	2	152
121	2	153
122	2	154
123	2	155
124	2	156
125	2	157
126	2	158
127	2	159
128	2	160
129	2	161
130	2	162
131	2	163
132	2	164
133	2	165
134	2	166
135	2	167
136	2	168
137	2	169
138	2	170
139	2	171
140	2	172
141	2	173
142	2	174
143	2	175
144	2	176
145	2	177
146	2	178
147	2	179
148	2	180
149	2	181
150	2	182
151	2	183
152	2	184
153	2	185
154	2	186
155	2	187
156	2	188
157	2	189
158	2	190
159	2	191
160	2	192
161	2	193
162	2	194
163	2	195
164	2	196
165	2	197
166	2	198
167	2	199
168	2	200
169	2	201
170	2	202
171	2	203
172	2	204
173	2	205
174	2	206
175	2	207
176	2	208
177	2	209
178	2	210
179	2	211
180	2	212
181	2	213
182	2	214
183	2	215
184	2	216
185	2	217
186	2	218
187	4	33
188	4	34
189	4	35
190	4	36
191	4	37
192	4	38
193	4	39
194	4	40
195	4	41
196	4	42
197	4	43
198	4	44
199	4	45
200	4	46
201	4	47
202	4	48
203	4	49
204	4	50
205	4	51
206	4	52
207	4	53
208	4	54
209	4	55
210	4	56
211	4	65
212	4	66
213	4	67
214	4	68
215	4	69
216	4	70
217	4	71
218	4	72
219	4	73
220	4	74
221	4	75
222	4	76
223	4	77
224	4	78
225	4	79
226	4	80
227	4	81
228	4	82
229	4	83
230	4	84
231	4	85
232	4	86
233	4	87
234	4	88
235	4	89
236	4	90
237	4	91
238	4	92
239	4	93
240	4	94
241	4	95
242	4	96
243	4	97
244	4	98
245	4	99
246	4	100
247	4	101
248	4	102
249	4	103
250	4	104
251	4	105
252	4	106
253	4	107
254	4	108
255	4	109
256	4	110
257	4	111
258	4	112
259	4	113
260	4	114
261	4	115
262	4	116
263	4	117
264	4	118
265	4	119
266	4	120
267	4	121
268	4	122
269	4	123
270	4	124
271	4	125
272	4	126
273	4	127
274	4	128
275	4	129
276	4	130
277	4	131
278	4	132
279	4	133
280	4	134
281	4	135
282	4	136
283	4	137
284	4	138
285	4	139
286	4	140
287	4	141
288	4	142
289	4	143
290	4	144
291	4	145
292	4	146
293	4	147
294	4	148
295	4	149
296	4	150
297	4	151
298	4	152
299	4	153
300	4	154
301	4	155
302	4	156
303	4	157
304	4	158
305	4	159
306	4	160
307	4	161
308	4	162
309	4	163
310	4	164
311	4	165
312	4	166
313	4	167
314	4	168
315	4	169
316	4	170
317	4	191
318	4	192
319	4	193
320	4	194
321	4	195
322	4	196
323	4	197
324	4	198
325	4	199
326	4	200
327	4	201
328	4	202
329	4	203
330	4	204
331	4	205
332	4	206
333	4	215
334	4	216
335	4	217
336	4	218
337	4	219
338	4	220
339	4	221
340	4	222
341	4	223
342	4	224
343	4	225
344	4	226
345	4	227
346	4	228
347	4	229
348	4	230
349	2	235
350	2	236
351	2	237
352	2	238
353	2	239
354	2	240
355	2	241
356	2	242
357	2	243
358	2	244
359	2	245
360	2	246
361	1	25
362	1	26
363	1	27
364	1	28
365	1	29
366	1	30
367	1	31
368	1	32
369	1	33
370	1	34
371	1	35
372	1	36
373	1	37
374	1	38
375	1	39
376	1	40
377	1	41
378	1	42
379	1	43
380	1	44
381	1	45
382	1	46
383	1	47
384	1	48
385	1	49
386	1	50
387	1	51
388	1	52
389	1	53
390	1	54
391	1	55
392	1	56
393	1	65
394	1	66
395	1	67
396	1	68
397	1	69
398	1	70
399	1	71
400	1	72
401	1	73
402	1	74
403	1	75
404	1	76
405	1	77
406	1	78
407	1	79
408	1	80
409	1	81
410	1	82
411	1	83
412	1	84
413	1	85
414	1	86
415	1	87
416	1	88
417	1	89
418	1	90
419	1	91
420	1	92
421	1	93
422	1	94
423	1	95
424	1	96
425	1	97
426	1	98
427	1	99
428	1	100
429	1	101
430	1	102
431	1	103
432	1	104
433	1	105
434	1	106
435	1	107
436	1	108
437	1	109
438	1	110
439	1	111
440	1	112
441	1	113
442	1	114
443	1	115
444	1	116
445	1	117
446	1	118
447	1	119
448	1	120
449	1	121
450	1	122
451	1	123
452	1	124
453	1	125
454	1	126
455	1	127
456	1	128
457	1	129
458	1	130
459	1	131
460	1	132
461	1	133
462	1	134
463	1	135
464	1	136
465	1	137
466	1	138
467	1	139
468	1	140
469	1	141
470	1	142
471	1	143
472	1	144
473	1	145
474	1	146
475	1	147
476	1	148
477	1	149
478	1	150
479	1	151
480	1	152
481	1	153
482	1	154
483	1	155
484	1	156
485	1	157
486	1	158
487	1	159
488	1	160
489	1	161
490	1	162
491	1	163
492	1	164
493	1	165
494	1	166
495	1	167
496	1	168
497	1	169
498	1	170
499	1	171
500	1	172
501	1	173
502	1	174
503	1	175
504	1	176
505	1	177
506	1	178
507	1	179
508	1	180
509	1	181
510	1	182
511	1	183
512	1	184
513	1	185
514	1	186
515	1	187
516	1	188
517	1	189
518	1	190
519	1	191
520	1	192
521	1	193
522	1	194
523	1	195
524	1	196
525	1	197
526	1	198
527	1	199
528	1	200
529	1	201
530	1	202
531	1	203
532	1	204
533	1	205
534	1	206
535	1	207
536	1	208
537	1	209
538	1	210
539	1	211
540	1	212
541	1	213
542	1	214
543	1	215
544	1	216
545	1	217
546	1	218
547	1	219
548	1	220
549	1	221
550	1	222
551	1	223
552	1	224
553	1	225
554	1	226
555	1	227
556	1	228
557	1	229
558	1	230
559	1	231
560	1	232
561	1	233
562	1	234
563	1	235
564	1	236
565	1	237
566	1	238
567	1	239
568	1	240
569	1	241
570	1	242
571	1	243
572	1	244
573	1	245
574	1	246
575	1	247
576	1	248
577	1	249
578	1	250
579	1	263
580	1	264
581	1	265
582	1	266
583	1	267
584	1	268
585	1	269
586	1	270
587	1	271
588	1	272
589	1	273
590	1	274
591	1	275
592	1	276
593	1	277
594	1	278
595	1	279
596	1	280
597	1	281
598	1	282
599	1	283
600	1	284
601	1	285
602	1	286
603	1	287
604	1	288
605	1	289
606	1	290
607	1	291
608	1	292
609	1	293
610	1	294
611	1	295
612	1	296
613	1	297
614	1	298
\.


--
-- Data for Name: auth_permission; Type: TABLE DATA; Schema: public; Owner: -
--

COPY public.auth_permission (id, name, content_type_id, codename) FROM stdin;
1	Can add log entry	1	add_logentry
2	Can change log entry	1	change_logentry
3	Can delete log entry	1	delete_logentry
4	Can view log entry	1	view_logentry
5	Can add permission	2	add_permission
6	Can change permission	2	change_permission
7	Can delete permission	2	delete_permission
8	Can view permission	2	view_permission
9	Can add group	3	add_group
10	Can change group	3	change_group
11	Can delete group	3	delete_group
12	Can view group	3	view_group
13	Can add user	4	add_user
14	Can change user	4	change_user
15	Can delete user	4	delete_user
16	Can view user	4	view_user
17	Can add content type	5	add_contenttype
18	Can change content type	5	change_contenttype
19	Can delete content type	5	delete_contenttype
20	Can view content type	5	view_contenttype
21	Can add session	6	add_session
22	Can change session	6	change_session
23	Can delete session	6	delete_session
24	Can view session	6	view_session
25	Can add Módulo	7	add_module
26	Can change Módulo	7	change_module
27	Can delete Módulo	7	delete_module
28	Can view Módulo	7	view_module
29	Can add Configuración del sistema	8	add_configuracionsistema
30	Can change Configuración del sistema	8	change_configuracionsistema
31	Can delete Configuración del sistema	8	delete_configuracionsistema
32	Can view Configuración del sistema	8	view_configuracionsistema
33	Can add miembro	9	add_miembro
34	Can change miembro	9	change_miembro
35	Can delete miembro	9	delete_miembro
36	Can view miembro	9	view_miembro
37	Can add Relación familiar	10	add_miembrorelacion
38	Can change Relación familiar	10	change_miembrorelacion
39	Can delete Relación familiar	10	delete_miembrorelacion
40	Can view Relación familiar	10	view_miembrorelacion
41	Can add Razón de salida	11	add_razonsalidamiembro
42	Can change Razón de salida	11	change_razonsalidamiembro
43	Can delete Razón de salida	11	delete_razonsalidamiembro
44	Can view Razón de salida	11	view_razonsalidamiembro
45	Can add Bitácora (Miembro)	12	add_miembrobitacora
46	Can change Bitácora (Miembro)	12	change_miembrobitacora
47	Can delete Bitácora (Miembro)	12	delete_miembrobitacora
48	Can view Bitácora (Miembro)	12	view_miembrobitacora
49	Can add Evento de Timeline	13	add_timelineevent
50	Can change Evento de Timeline	13	change_timelineevent
51	Can delete Evento de Timeline	13	delete_timelineevent
52	Can view Evento de Timeline	13	view_timelineevent
53	Can add Zona (Geo)	14	add_zonageo
54	Can change Zona (Geo)	14	change_zonageo
55	Can delete Zona (Geo)	14	delete_zonageo
56	Can view Zona (Geo)	14	view_zonageo
57	Can add Notificación	15	add_notification
58	Can change Notificación	15	change_notification
59	Can delete Notificación	15	delete_notification
60	Can view Notificación	15	view_notification
61	Can add push subscription	16	add_pushsubscription
62	Can change push subscription	16	change_pushsubscription
63	Can delete push subscription	16	delete_pushsubscription
64	Can view push subscription	16	view_pushsubscription
65	Can add Votación	17	add_votacion
66	Can change Votación	17	change_votacion
67	Can delete Votación	17	delete_votacion
68	Can view Votación	17	view_votacion
69	Can add Candidato	18	add_candidato
70	Can change Candidato	18	change_candidato
71	Can delete Candidato	18	delete_candidato
72	Can view Candidato	18	view_candidato
73	Can add Voto	19	add_voto
74	Can change Voto	19	change_voto
75	Can delete Voto	19	delete_voto
76	Can view Voto	19	view_voto
77	Can add Vuelta	20	add_ronda
78	Can change Vuelta	20	change_ronda
79	Can delete Vuelta	20	delete_ronda
80	Can view Vuelta	20	view_ronda
81	Can add Lista de candidatos	21	add_listacandidatos
82	Can change Lista de candidatos	21	change_listacandidatos
83	Can delete Lista de candidatos	21	delete_listacandidatos
84	Can view Lista de candidatos	21	view_listacandidatos
85	Can add Elemento de lista de candidatos	22	add_listacandidatositem
86	Can change Elemento de lista de candidatos	22	change_listacandidatositem
87	Can delete Elemento de lista de candidatos	22	delete_listacandidatositem
88	Can view Elemento de lista de candidatos	22	view_listacandidatositem
89	Can add Categoría de movimiento	23	add_categoriamovimiento
90	Can change Categoría de movimiento	23	change_categoriamovimiento
91	Can delete Categoría de movimiento	23	delete_categoriamovimiento
92	Can view Categoría de movimiento	23	view_categoriamovimiento
93	Can add Cuenta financiera	24	add_cuentafinanciera
94	Can change Cuenta financiera	24	change_cuentafinanciera
95	Can delete Cuenta financiera	24	delete_cuentafinanciera
96	Can view Cuenta financiera	24	view_cuentafinanciera
97	Can add Movimiento financiero	25	add_movimientofinanciero
98	Can change Movimiento financiero	25	change_movimientofinanciero
99	Can delete Movimiento financiero	25	delete_movimientofinanciero
100	Can view Movimiento financiero	25	view_movimientofinanciero
101	Puede ver el Dashboard de Finanzas	25	ver_dashboard_finanzas
102	Can add Adjunto de movimiento	26	add_adjuntomovimiento
103	Can change Adjunto de movimiento	26	change_adjuntomovimiento
104	Can delete Adjunto de movimiento	26	delete_adjuntomovimiento
105	Can view Adjunto de movimiento	26	view_adjuntomovimiento
106	Can add Proveedor financiero	27	add_proveedorfinanciero
107	Can change Proveedor financiero	27	change_proveedorfinanciero
108	Can delete Proveedor financiero	27	delete_proveedorfinanciero
109	Can view Proveedor financiero	27	view_proveedorfinanciero
110	Can add Cuenta por pagar	28	add_cuentaporpagar
111	Can change Cuenta por pagar	28	change_cuentaporpagar
112	Can delete Cuenta por pagar	28	delete_cuentaporpagar
113	Can view Cuenta por pagar	28	view_cuentaporpagar
114	Can add Rol	29	add_rolunidad
115	Can change Rol	29	change_rolunidad
116	Can delete Rol	29	delete_rolunidad
117	Can view Rol	29	view_rolunidad
118	Can add Tipo de unidad	30	add_tipounidad
119	Can change Tipo de unidad	30	change_tipounidad
120	Can delete Tipo de unidad	30	delete_tipounidad
121	Can view Tipo de unidad	30	view_tipounidad
122	Can add unidad	31	add_unidad
123	Can change unidad	31	change_unidad
124	Can delete unidad	31	delete_unidad
125	Can view unidad	31	view_unidad
126	Puede ver el dashboard de Estructura	31	ver_dashboard_estructura
127	Can add Cargo en unidad	32	add_unidadcargo
128	Can change Cargo en unidad	32	change_unidadcargo
129	Can delete Cargo en unidad	32	delete_unidadcargo
130	Can view Cargo en unidad	32	view_unidadcargo
131	Can add Membresía de unidad	33	add_unidadmembresia
132	Can change Membresía de unidad	33	change_unidadmembresia
133	Can delete Membresía de unidad	33	delete_unidadmembresia
134	Can view Membresía de unidad	33	view_unidadmembresia
135	Can add Categoría de unidad	34	add_categoriaunidad
136	Can change Categoría de unidad	34	change_categoriaunidad
137	Can delete Categoría de unidad	34	delete_categoriaunidad
138	Can view Categoría de unidad	34	view_categoriaunidad
139	Can add Actividad de unidad	35	add_actividadunidad
140	Can change Actividad de unidad	35	change_actividadunidad
141	Can delete Actividad de unidad	35	delete_actividadunidad
142	Can view Actividad de unidad	35	view_actividadunidad
143	Can add Reporte por período	36	add_reporteunidadperiodo
144	Can change Reporte por período	36	change_reporteunidadperiodo
145	Can delete Reporte por período	36	delete_reporteunidadperiodo
146	Can view Reporte por período	36	view_reporteunidadperiodo
147	Can add reporte unidad cierre	37	add_reporteunidadcierre
148	Can change reporte unidad cierre	37	change_reporteunidadcierre
149	Can delete reporte unidad cierre	37	delete_reporteunidadcierre
150	Can view reporte unidad cierre	37	view_reporteunidadcierre
151	Can add movimiento unidad	38	add_movimientounidad
152	Can change movimiento unidad	38	change_movimientounidad
153	Can delete movimiento unidad	38	delete_movimientounidad
154	Can view movimiento unidad	38	view_movimientounidad
155	Can add movimiento unidad log	39	add_movimientounidadlog
156	Can change movimiento unidad log	39	change_movimientounidadlog
157	Can delete movimiento unidad log	39	delete_movimientounidadlog
158	Can view movimiento unidad log	39	view_movimientounidadlog
159	Can add Expediente (Nuevo Creyente)	40	add_nuevocreyenteexpediente
160	Can change Expediente (Nuevo Creyente)	40	change_nuevocreyenteexpediente
161	Can delete Expediente (Nuevo Creyente)	40	delete_nuevocreyenteexpediente
162	Can view Expediente (Nuevo Creyente)	40	view_nuevocreyenteexpediente
163	Can add nuevo creyente padre espiritual	41	add_nuevocreyentepadreespiritual
164	Can change nuevo creyente padre espiritual	41	change_nuevocreyentepadreespiritual
165	Can delete nuevo creyente padre espiritual	41	delete_nuevocreyentepadreespiritual
166	Can view nuevo creyente padre espiritual	41	view_nuevocreyentepadreespiritual
167	Can add Bitácora Nuevo Creyente	42	add_nuevocreyentebitacora
168	Can change Bitácora Nuevo Creyente	42	change_nuevocreyentebitacora
169	Can delete Bitácora Nuevo Creyente	42	delete_nuevocreyentebitacora
170	Can view Bitácora Nuevo Creyente	42	view_nuevocreyentebitacora
171	Can add Acceso: actualización de datos	43	add_accesoactualizaciondatos
172	Can change Acceso: actualización de datos	43	change_accesoactualizaciondatos
173	Can delete Acceso: actualización de datos	43	delete_accesoactualizaciondatos
174	Can view Acceso: actualización de datos	43	view_accesoactualizaciondatos
175	Can add Solicitud: actualización de datos	44	add_solicitudactualizacionmiembro
176	Can change Solicitud: actualización de datos	44	change_solicitudactualizacionmiembro
177	Can delete Solicitud: actualización de datos	44	delete_solicitudactualizacionmiembro
178	Can view Solicitud: actualización de datos	44	view_solicitudactualizacionmiembro
179	Can add Solicitud: alta (registro masivo)	45	add_solicitudaltamiembro
180	Can change Solicitud: alta (registro masivo)	45	change_solicitudaltamiembro
181	Can delete Solicitud: alta (registro masivo)	45	delete_solicitudaltamiembro
182	Can view Solicitud: alta (registro masivo)	45	view_solicitudaltamiembro
183	Can add alta masiva config	46	add_altamasivaconfig
184	Can change alta masiva config	46	change_altamasivaconfig
185	Can delete alta masiva config	46	delete_altamasivaconfig
186	Can view alta masiva config	46	view_altamasivaconfig
187	Can add Configuración de Actualización de Datos	47	add_actualizaciondatosconfig
188	Can change Configuración de Actualización de Datos	47	change_actualizaciondatosconfig
189	Can delete Configuración de Actualización de Datos	47	delete_actualizaciondatosconfig
190	Can view Configuración de Actualización de Datos	47	view_actualizaciondatosconfig
191	Can add Categoría de recurso	48	add_categoriarecurso
192	Can change Categoría de recurso	48	change_categoriarecurso
193	Can delete Categoría de recurso	48	delete_categoriarecurso
194	Can view Categoría de recurso	48	view_categoriarecurso
195	Can add Ubicación	49	add_ubicacion
196	Can change Ubicación	49	change_ubicacion
197	Can delete Ubicación	49	delete_ubicacion
198	Can view Ubicación	49	view_ubicacion
199	Can add Recurso	50	add_recurso
200	Can change Recurso	50	change_recurso
201	Can delete Recurso	50	delete_recurso
202	Can view Recurso	50	view_recurso
203	Can add Movimiento de recurso	51	add_movimientorecurso
204	Can change Movimiento de recurso	51	change_movimientorecurso
205	Can delete Movimiento de recurso	51	delete_movimientorecurso
206	Can view Movimiento de recurso	51	view_movimientorecurso
207	Can add Historial de Login	52	add_userloginhistory
208	Can change Historial de Login	52	change_userloginhistory
209	Can delete Historial de Login	52	delete_userloginhistory
210	Can view Historial de Login	52	view_userloginhistory
211	Can add Engagement de Usuario	53	add_userengagement
212	Can change Engagement de Usuario	53	change_userengagement
213	Can delete Engagement de Usuario	53	delete_userengagement
214	Can view Engagement de Usuario	53	view_userengagement
215	Can add Actividad	54	add_actividad
216	Can change Actividad	54	change_actividad
217	Can delete Actividad	54	delete_actividad
218	Can view Actividad	54	view_actividad
219	Can add clan familiar	55	add_clanfamiliar
220	Can change clan familiar	55	change_clanfamiliar
221	Can delete clan familiar	55	delete_clanfamiliar
222	Can view clan familiar	55	view_clanfamiliar
223	Can add hogar familiar	56	add_hogarfamiliar
224	Can change hogar familiar	56	change_hogarfamiliar
225	Can delete hogar familiar	56	delete_hogarfamiliar
226	Can view hogar familiar	56	view_hogarfamiliar
227	Can add hogar miembro	57	add_hogarmiembro
228	Can change hogar miembro	57	change_hogarmiembro
229	Can delete hogar miembro	57	delete_hogarmiembro
230	Can view hogar miembro	57	view_hogarmiembro
231	Can add documento compartido	58	add_documentocompartido
232	Can change documento compartido	58	change_documentocompartido
233	Can delete documento compartido	58	delete_documentocompartido
234	Can view documento compartido	58	view_documentocompartido
235	Can add Evaluación de miembro	59	add_evaluacionmiembro
236	Can change Evaluación de miembro	59	change_evaluacionmiembro
237	Can delete Evaluación de miembro	59	delete_evaluacionmiembro
238	Can view Evaluación de miembro	59	view_evaluacionmiembro
239	Can add Evaluación de unidad	60	add_evaluacionunidad
240	Can change Evaluación de unidad	60	change_evaluacionunidad
241	Can delete Evaluación de unidad	60	delete_evaluacionunidad
242	Can view Evaluación de unidad	60	view_evaluacionunidad
243	Can add Perfil de evaluación	61	add_evaluacionperfilunidad
244	Can change Perfil de evaluación	61	change_evaluacionperfilunidad
245	Can delete Perfil de evaluación	61	delete_evaluacionperfilunidad
246	Can view Perfil de evaluación	61	view_evaluacionperfilunidad
247	Can add actividad recordatorio	62	add_actividadrecordatorio
248	Can change actividad recordatorio	62	change_actividadrecordatorio
249	Can delete actividad recordatorio	62	delete_actividadrecordatorio
250	Can view actividad recordatorio	62	view_actividadrecordatorio
251	Can add qr token	63	add_qrtoken
252	Can change qr token	63	change_qrtoken
253	Can delete qr token	63	delete_qrtoken
254	Can view qr token	63	view_qrtoken
255	Can add qr scan log	64	add_qrscanlog
256	Can change qr scan log	64	change_qrscanlog
257	Can delete qr scan log	64	delete_qrscanlog
258	Can view qr scan log	64	view_qrscanlog
259	Can add qr envio	65	add_qrenvio
260	Can change qr envio	65	change_qrenvio
261	Can delete qr envio	65	delete_qrenvio
262	Can view qr envio	65	view_qrenvio
263	Can add Ciclo de programa	66	add_cicloprograma
264	Can change Ciclo de programa	66	change_cicloprograma
265	Can delete Ciclo de programa	66	delete_cicloprograma
266	Can view Ciclo de programa	66	view_cicloprograma
267	Can add Programa educativo	67	add_programaeducativo
268	Can change Programa educativo	67	change_programaeducativo
269	Can delete Programa educativo	67	delete_programaeducativo
270	Can view Programa educativo	67	view_programaeducativo
271	Can add Grupo formativo	68	add_grupoformativo
272	Can change Grupo formativo	68	change_grupoformativo
273	Can delete Grupo formativo	68	delete_grupoformativo
274	Can view Grupo formativo	68	view_grupoformativo
275	Can add Inscripción	69	add_inscripciongrupo
276	Can change Inscripción	69	change_inscripciongrupo
277	Can delete Inscripción	69	delete_inscripciongrupo
278	Can view Inscripción	69	view_inscripciongrupo
279	Can add sesion grupo	70	add_sesiongrupo
280	Can change sesion grupo	70	change_sesiongrupo
281	Can delete sesion grupo	70	delete_sesiongrupo
282	Can view sesion grupo	70	view_sesiongrupo
283	Can add asistencia sesion	71	add_asistenciasesion
284	Can change asistencia sesion	71	change_asistenciasesion
285	Can delete asistencia sesion	71	delete_asistenciasesion
286	Can view asistencia sesion	71	view_asistenciasesion
287	Can add Rol formativo	72	add_rolformativo
288	Can change Rol formativo	72	change_rolformativo
289	Can delete Rol formativo	72	delete_rolformativo
290	Can view Rol formativo	72	view_rolformativo
291	Can add acceso alta familia	73	add_accesoaltafamilia
292	Can change acceso alta familia	73	change_accesoaltafamilia
293	Can delete acceso alta familia	73	delete_accesoaltafamilia
294	Can view acceso alta familia	73	view_accesoaltafamilia
295	Can add Solicitud: alta de familia	74	add_altafamilialog
296	Can change Solicitud: alta de familia	74	change_altafamilialog
297	Can delete Solicitud: alta de familia	74	delete_altafamilialog
298	Can view Solicitud: alta de familia	74	view_altafamilialog
299	Can add Casilla F.001	75	add_casillaf001
300	Can change Casilla F.001	75	change_casillaf001
301	Can delete Casilla F.001	75	delete_casillaf001
302	Can view Casilla F.001	75	view_casillaf001
303	Can add Usuario Temporal	76	add_usuariotemporal
304	Can change Usuario Temporal	76	change_usuariotemporal
305	Can delete Usuario Temporal	76	delete_usuariotemporal
306	Can view Usuario Temporal	76	view_usuariotemporal
\.


--
-- Data for Name: auth_user; Type: TABLE DATA; Schema: public; Owner: -
--

COPY public.auth_user (id, password, last_login, is_superuser, username, first_name, last_name, email, is_staff, is_active, date_joined) FROM stdin;
4	pbkdf2_sha256$1000000$m2NnTBj0QrUPgxtYIsWPrh$02GRayTn2N7Yt0nOGe5fhFIlF8GY0184vWy6QKsG9zU=	2026-01-26 21:28:34.612078+00	f	admin	Admin	Admin	prueba@hotmail.com	f	t	2026-01-26 14:41:22.538066+00
5	pbkdf2_sha256$1000000$XbMGE9VA7xKtnQVDdqBsRE$V0uxb6UEAIL73/pYNlIb0z3HS17o/uqszfqgqkLkQcw=	2026-02-16 19:24:49.434397+00	f	ariel				f	t	2026-02-15 00:33:37.93132+00
1	pbkdf2_sha256$1000000$MXmwjrh873j9Vb3VF02sWo$oEkQg2rndvkWcc0rSDL8iQxxOi0oYe0yOuQCmrm6MgI=	2026-02-20 20:57:36.036065+00	t	jhonf1	Jonathan	Del Rosario	guithan01@gmail.com	t	t	2026-01-23 15:13:21.770214+00
2	pbkdf2_sha256$1000000$6d3dgkKj02Dks0s7TnlX0Q$7wIG+f2uK2RS9E7i4RGauu2xNK55wpAwQfR1h5MbhtA=	2026-02-10 18:13:31.265613+00	f	Neftali	Neftali	Castillo Calderon	bigcreattions@gmail.com	f	t	2026-01-23 20:35:02.504589+00
3	pbkdf2_sha256$1000000$4MD7zCd5ebLrLefmOVyxTP$1Q8felz/p9OuhEBS/x3TNrLEv3GRwG5KKhP/TYNmVFs=	2026-02-15 00:21:57.711923+00	f	Dary	Dariany	Martínez	dary_gibson@hotmail.com	f	t	2026-01-24 22:09:02.69572+00
\.


--
-- Data for Name: auth_user_groups; Type: TABLE DATA; Schema: public; Owner: -
--

COPY public.auth_user_groups (id, user_id, group_id) FROM stdin;
2	2	2
4	3	2
8	4	4
11	5	1
\.


--
-- Data for Name: auth_user_user_permissions; Type: TABLE DATA; Schema: public; Owner: -
--

COPY public.auth_user_user_permissions (id, user_id, permission_id) FROM stdin;
\.


--
-- Data for Name: codigo_qr_qrenvio; Type: TABLE DATA; Schema: public; Owner: -
--

COPY public.codigo_qr_qrenvio (id, telefono, mensaje, estado, creado_en, enviado_en, creado_por_id, enviado_por_id, miembro_id, token_id) FROM stdin;
1	+18098447894	Hola Dariany, este es tu código QR de la iglesia. Guárdalo o preséntalo cuando se te pida: https://soid-tf-v2.onrender.com/codigo-qr/miembro/6/	enviado	2026-02-01 17:22:39.548082+00	2026-02-01 17:22:42.215982+00	1	1	6	1
2	+18098447894	Hola Dariany, este es tu código QR de la iglesia. Guárdalo o preséntalo cuando se te pida: https://soid-tf-v2.onrender.com/codigo-qr/miembro/6/	pendiente	2026-02-01 17:23:23.643243+00	\N	1	\N	6	1
\.


--
-- Data for Name: codigo_qr_qrscanlog; Type: TABLE DATA; Schema: public; Owner: -
--

COPY public.codigo_qr_qrscanlog (id, modo, resultado, ip, user_agent, creado_en, escaneado_por_id, token_id) FROM stdin;
\.


--
-- Data for Name: codigo_qr_qrtoken; Type: TABLE DATA; Schema: public; Owner: -
--

COPY public.codigo_qr_qrtoken (id, token, activo, creado_en, expira_en, miembro_id) FROM stdin;
1	0hYW_zfDwVV2CWy54-q1ZuRf_k2ttD4L	t	2026-02-01 17:22:39.543377+00	\N	6
2	B23tkbsnW0Qx-R2_IW07hTqFXA0SliA2	t	2026-02-01 18:00:36.587404+00	\N	2
\.


--
-- Data for Name: core_configuracionsistema; Type: TABLE DATA; Schema: public; Owner: -
--

COPY public.core_configuracionsistema (id, nombre_iglesia, email_oficial, telefono_oficial, direccion, logo, edad_minima_miembro_oficial, whatsapp_oficial, pie_cartas, color_primario, color_secundario, denominacion, formato_fecha_corta, formato_fecha_larga, lema, logo_oscuro, modo_impresion, nombre_corto, plantilla_pdf_fondo, zona_horaria, email_from_address, email_from_name, email_pastor, enviar_copia_a_pastor, mostrar_direccion_en_reportes, mostrar_logo_en_reportes, pastor_principal, encargado_comunicaciones, facebook_url, horario_atencion, instagram_url, mensaje_institucional_corto, sitio_web, codigo_miembro_prefijo, codigo_iglesia, conyuge_pastor, credencial_conyuge, credencial_pastor, presbiterio_nombre, presbitero_nombre) FROM stdin;
1	Iglesia Dios es Fiel	soidtf01@gmail.com	809 888 8888	C/Eliseo Perez Sanchez no. 27	media/configuracion/Logo_completo_TF_jkojpc	12	809 888 8888		#5c9ead	#ffab91	Asamble De Dios	DD/MM/YYYY	D de MMMM de YYYY	Un lugar Para ti	configuracion/Logo-Torre-Fuerte-solo_0000s_0004_Logo-Torre-Fuerte.png	minimalista	TF		America/Santo_Domingo	jhonf1_b@zoho.com	jhon		f	t	t	AGUSTIN DELGAO MARTE							TF-		MARTIREZ RUIZ  DE DEGLADO	028-0551-16	028-0550-79	HIGUEY REP DOM	EPIFANIO SANTANA
\.


--
-- Data for Name: core_documentocompartido; Type: TABLE DATA; Schema: public; Owner: -
--

COPY public.core_documentocompartido (id, token, titulo, descripcion, archivo, creado_en, expira_en, activo, creado_por_id) FROM stdin;
14	4dzurFx650FFyTjQKGzyqUdgGLrZjj6XbZACo67507s	Listado de miembros	Listado generado desde SOID	media/docs_compartidos/listado_miembros_l5r4mg.pdf	2026-01-30 03:14:01.775037+00	2026-02-06 03:14:01.306995+00	t	1
15	DWL3bL_O3nxYWsNz9-IgXKDLx8Dr2c_PRCD6ozQd5LY	Listado de miembros	Listado generado desde SOID	media/docs_compartidos/listado_miembros_eszv8g.pdf	2026-01-30 03:22:14.890505+00	2026-02-06 03:22:14.335406+00	t	1
16	2yDNyk2MswW07fyFEBlZKl3yXC-pAdo8sFZSsO9ff90	Listado de miembros	Listado generado desde SOID	media/docs_compartidos/listado_miembros_xvkh5q.pdf	2026-01-30 12:54:28.457747+00	2026-02-06 12:54:27.783784+00	t	1
17	xm3kc2UTNc7EjUjvDGkqlnuOFbYuZUUZ4nwdyIXoyvI	Listado de miembros	Listado generado desde SOID	media/docs_compartidos/listado_miembros_k9gh2p.pdf	2026-01-30 13:11:43.782397+00	2026-02-06 13:11:43.028099+00	t	1
18	YCMP6bSboNlF-uny-zcZnmHxZ5elMMMsBThrii6i3fA	Listado de miembros	Listado generado desde SOID	media/docs_compartidos/listado_miembros_phzn2x.pdf	2026-01-30 13:12:05.204837+00	2026-02-06 13:12:03.859444+00	t	1
19	x5d0Ay5_JumJ4KfUz2xeul9JP-5us65rF0Bs54iecQw	Listado de miembros	Listado generado desde SOID	media/docs_compartidos/listado_miembros_fdnczf.pdf	2026-01-30 14:39:15.489845+00	2026-02-06 14:39:14.728366+00	t	1
20	PeMJo8xWNDIS8q4KLy_jPzogS-eAObheWjQWTnhKe9w	Listado de miembros	Listado generado desde SOID	media/docs_compartidos/listado_miembros_yrdi5n.pdf	2026-01-30 14:52:24.672681+00	2026-02-06 14:52:23.889024+00	t	1
\.


--
-- Data for Name: core_module; Type: TABLE DATA; Schema: public; Owner: -
--

COPY public.core_module (id, name, code, description, icon, color, url_name, is_enabled, "order") FROM stdin;
1	Miembros	miembros_app	Gesti¾n de los miembros de la iglesia	groups	#4FC3F7	miembros_app:dashboard	t	0
6	Nuevo Creyente	nuevo_creyente		volunteer_activism	#4DB6AC	nuevo_creyente_app:nuevo_creyente	t	1
4	Finanzas	Finanzas		account_balance_wallet	#FFD54F	finanzas_app:dashboard	t	2
5	Estructura & Liderazgo	Estructura		account_tree	#FF8A80	estructura_app:dashboard	t	3
12	Formacion & Desarrollo	formacion		menu_book	#0097A7	formacion:inicio	t	4
10	Evaluaciones	evaluaciones		leaderboard	#6f42c1	evaluaciones:dashboard	t	5
9	Agenda	agenda		event	#0097A7	agenda_app:home	t	6
8	Recursos	inventario		inventory_2	#0097A7	inventario:inicio	t	7
7	Actualizaci¾n de datos	ACTUALIZACION_DATOS_MIEMBROS	Para hacer actualizacion de miembros atraves de un link	published_with_changes	#0EA5E9	actualizacion_datos_miembros:solicitudes_lista	t	9
3	Asambleas y Votaci¾nö	Votacion		how_to_vote	#7B8CDE	votacion:lista_votaciones	t	8
2	Configuracion	Configuracion		settings	#F06292	core:configuracion	t	11
11	Codigo QR	codigoqr		qr_code	#0097A7	codigo_qr:scan	t	10
13	Portal de Miembro	perfil		groups	#0097A7	portal_miembros:perfil	t	0
\.


--
-- Data for Name: core_userengagement; Type: TABLE DATA; Schema: public; Owner: -
--

COPY public.core_userengagement (id, login_count, current_streak, max_streak, last_login_date, shown_message_ids, user_id) FROM stdin;
\.


--
-- Data for Name: core_userloginhistory; Type: TABLE DATA; Schema: public; Owner: -
--

COPY public.core_userloginhistory (id, login_at, ip_address, user_agent, user_id) FROM stdin;
96	2026-02-21 11:32:36.305041+00	200.88.205.254	Mozilla/5.0 (Linux; Android 10; K) AppleWebKit/537.36 (KHTML, like Gecko) Chrome/145.0.0.0 Mobile Safari/537.36	1
2	2026-01-24 16:59:16.092786+00	179.53.44.148	Mozilla/5.0 (Windows NT 10.0; Win64; x64) AppleWebKit/537.36 (KHTML, like Gecko) Chrome/144.0.0.0 Safari/537.36	2
17	2026-01-26 04:55:15.319792+00	152.166.154.59	Mozilla/5.0 (iPhone; CPU iPhone OS 18_2 like Mac OS X) AppleWebKit/605.1.15 (KHTML, like Gecko) Version/18.2 Mobile/15E148 Safari/604.1	2
18	2026-01-26 14:43:15.318334+00	190.80.246.217	Mozilla/5.0 (Linux; Android 10; K) AppleWebKit/537.36 (KHTML, like Gecko) Chrome/144.0.0.0 Mobile Safari/537.36	4
19	2026-01-26 14:44:58.214916+00	190.167.253.97	Mozilla/5.0 (Linux; Android 10; K) AppleWebKit/537.36 (KHTML, like Gecko) Chrome/144.0.0.0 Mobile Safari/537.36	4
26	2026-01-26 21:28:34.616619+00	179.53.91.186	Mozilla/5.0 (iPhone; CPU iPhone OS 18_7 like Mac OS X) AppleWebKit/605.1.15 (KHTML, like Gecko) Version/26.2 Mobile/15E148 Safari/604.1	4
29	2026-01-28 23:21:57.638196+00	148.101.116.68	Mozilla/5.0 (iPhone; CPU iPhone OS 18_2 like Mac OS X) AppleWebKit/605.1.15 (KHTML, like Gecko) Version/18.2 Mobile/15E148 Safari/604.1	2
32	2026-01-30 14:47:59.731997+00	179.52.234.193	Mozilla/5.0 (iPhone; CPU iPhone OS 18_6 like Mac OS X) AppleWebKit/605.1.15 (KHTML, like Gecko) Version/18.6 Mobile/15E148 Safari/604.1	3
37	2026-01-30 22:35:04.106902+00	179.52.234.193	Mozilla/5.0 (Windows NT 10.0; Win64; x64) AppleWebKit/537.36 (KHTML, like Gecko) Chrome/144.0.0.0 Safari/537.36	3
38	2026-01-31 00:17:31.717489+00	190.80.244.231	Mozilla/5.0 (iPhone; CPU iPhone OS 18_6 like Mac OS X) AppleWebKit/605.1.15 (KHTML, like Gecko) Version/18.6 Mobile/15E148 Safari/604.1	3
40	2026-01-31 00:28:38.012528+00	190.80.246.15	Mozilla/5.0 (iPhone; CPU iPhone OS 18_6 like Mac OS X) AppleWebKit/605.1.15 (KHTML, like Gecko) Version/18.6 Mobile/15E148 Safari/604.1	3
41	2026-01-31 06:45:28.406565+00	148.101.116.68	Mozilla/5.0 (iPhone; CPU iPhone OS 18_2 like Mac OS X) AppleWebKit/605.1.15 (KHTML, like Gecko) Version/18.2 Mobile/15E148 Safari/604.1	2
44	2026-02-01 01:17:31.877269+00	190.80.246.245	Mozilla/5.0 (iPhone; CPU iPhone OS 18_6 like Mac OS X) AppleWebKit/605.1.15 (KHTML, like Gecko) Version/18.6 Mobile/15E148 Safari/604.1	3
46	2026-02-01 01:19:19.572144+00	190.80.244.173	Mozilla/5.0 (iPhone; CPU iPhone OS 18_6 like Mac OS X) AppleWebKit/605.1.15 (KHTML, like Gecko) Version/18.6 Mobile/15E148 Safari/604.1	3
47	2026-02-01 01:19:20.643342+00	190.80.244.173	Mozilla/5.0 (iPhone; CPU iPhone OS 18_6 like Mac OS X) AppleWebKit/605.1.15 (KHTML, like Gecko) Version/18.6 Mobile/15E148 Safari/604.1	3
52	2026-02-03 06:35:53.655403+00	148.101.116.68	Mozilla/5.0 (iPhone; CPU iPhone OS 18_2 like Mac OS X) AppleWebKit/605.1.15 (KHTML, like Gecko) Version/18.2 Mobile/15E148 Safari/604.1	2
54	2026-02-04 08:38:05.773179+00	152.0.99.84	Mozilla/5.0 (iPhone; CPU iPhone OS 18_2 like Mac OS X) AppleWebKit/605.1.15 (KHTML, like Gecko) Version/18.2 Mobile/15E148 Safari/604.1	2
63	2026-02-10 18:13:31.271962+00	179.53.93.54	Mozilla/5.0 (Macintosh; Intel Mac OS X 10_15_7) AppleWebKit/537.36 (KHTML, like Gecko) Chrome/144.0.0.0 Safari/537.36	2
65	2026-02-10 23:12:45.965373+00	104.28.32.57	Mozilla/5.0 (iPhone; CPU iPhone OS 18_6 like Mac OS X) AppleWebKit/605.1.15 (KHTML, like Gecko) Version/18.6 Mobile/15E148 Safari/604.1	3
68	2026-02-11 23:25:20.540864+00	201.229.247.105	Mozilla/5.0 (iPhone; CPU iPhone OS 18_2 like Mac OS X) AppleWebKit/605.1.15 (KHTML, like Gecko) Version/18.2 Mobile/15E148 Safari/604.1	2
69	2026-02-12 00:08:44.292972+00	152.0.99.116	Mozilla/5.0 (iPhone; CPU iPhone OS 18_2 like Mac OS X) AppleWebKit/605.1.15 (KHTML, like Gecko) Version/18.2 Mobile/15E148 Safari/604.1	2
75	2026-02-15 00:21:57.717846+00	152.0.99.116	Mozilla/5.0 (Windows NT 10.0; Win64; x64) AppleWebKit/537.36 (KHTML, like Gecko) Chrome/145.0.0.0 Safari/537.36	3
77	2026-02-15 00:43:30.58333+00	179.53.93.153	Mozilla/5.0 (Windows NT 10.0; Win64; x64) AppleWebKit/537.36 (KHTML, like Gecko) Chrome/145.0.0.0 Safari/537.36	5
80	2026-02-15 00:44:58.372959+00	179.53.93.153	Mozilla/5.0 (Windows NT 10.0; Win64; x64) AppleWebKit/537.36 (KHTML, like Gecko) Chrome/145.0.0.0 Safari/537.36	5
81	2026-02-15 00:45:42.77778+00	179.53.93.153	Mozilla/5.0 (Windows NT 10.0; Win64; x64) AppleWebKit/537.36 (KHTML, like Gecko) Chrome/145.0.0.0 Safari/537.36	1
82	2026-02-15 01:58:59.763043+00	181.37.209.192	Mozilla/5.0 (iPhone; CPU iPhone OS 18_7 like Mac OS X) AppleWebKit/605.1.15 (KHTML, like Gecko) Version/26.2 Mobile/15E148 Safari/604.1	5
83	2026-02-16 14:30:33.295623+00	190.166.152.8	Mozilla/5.0 (Windows NT 10.0; Win64; x64) AppleWebKit/537.36 (KHTML, like Gecko) Chrome/144.0.0.0 Safari/537.36	1
84	2026-02-16 14:40:51.533588+00	152.166.165.111	Mozilla/5.0 (iPhone; CPU iPhone OS 18_7 like Mac OS X) AppleWebKit/605.1.15 (KHTML, like Gecko) Version/26.2 Mobile/15E148 Safari/604.1	5
85	2026-02-16 14:42:33.208635+00	152.166.165.111	Mozilla/5.0 (iPhone; CPU iPhone OS 18_7 like Mac OS X) AppleWebKit/605.1.15 (KHTML, like Gecko) Version/26.2 Mobile/15E148 Safari/604.1	5
86	2026-02-16 14:43:35.909938+00	152.166.165.111	Mozilla/5.0 (iPhone; CPU iPhone OS 18_7 like Mac OS X) AppleWebKit/605.1.15 (KHTML, like Gecko) Version/26.2 Mobile/15E148 Safari/604.1	5
87	2026-02-16 19:24:49.450168+00	148.0.119.148	Mozilla/5.0 (iPhone; CPU iPhone OS 18_7 like Mac OS X) AppleWebKit/605.1.15 (KHTML, like Gecko) Version/26.2 Mobile/15E148 Safari/604.1	5
88	2026-02-16 21:29:29.762956+00	190.166.152.8	Mozilla/5.0 (Macintosh; Intel Mac OS X 10_15_7) AppleWebKit/537.36 (KHTML, like Gecko) Chrome/144.0.0.0 Safari/537.36	1
89	2026-02-16 22:42:40.923274+00	190.80.246.43	Mozilla/5.0 (Macintosh; Intel Mac OS X 10_15_7) AppleWebKit/537.36 (KHTML, like Gecko) Chrome/144.0.0.0 Safari/537.36	1
90	2026-02-17 22:17:25.939207+00	190.166.152.8	Mozilla/5.0 (Linux; Android 10; K) AppleWebKit/537.36 (KHTML, like Gecko) Chrome/144.0.0.0 Mobile Safari/537.36	1
91	2026-02-19 16:01:22.225114+00	190.166.152.8	Mozilla/5.0 (Windows NT 10.0; Win64; x64) AppleWebKit/537.36 (KHTML, like Gecko) Chrome/145.0.0.0 Safari/537.36	1
92	2026-02-19 16:37:58.649523+00	190.166.152.8	Mozilla/5.0 (Windows NT 10.0; Win64; x64) AppleWebKit/537.36 (KHTML, like Gecko) Chrome/145.0.0.0 Safari/537.36	1
93	2026-02-20 12:16:41.686043+00	104.28.32.57	Mozilla/5.0 (iPhone; CPU iPhone OS 18_6 like Mac OS X) AppleWebKit/605.1.15 (KHTML, like Gecko) Version/18.6 Mobile/15E148 Safari/604.1	3
94	2026-02-20 12:16:45.20334+00	190.166.152.8	Mozilla/5.0 (Linux; Android 10; K) AppleWebKit/537.36 (KHTML, like Gecko) Chrome/145.0.0.0 Mobile Safari/537.36	1
95	2026-02-20 20:57:36.041712+00	190.166.152.8	Mozilla/5.0 (Windows NT 10.0; Win64; x64) AppleWebKit/537.36 (KHTML, like Gecko) Chrome/145.0.0.0 Safari/537.36	1
\.


--
-- Data for Name: core_usuariotemporal; Type: TABLE DATA; Schema: public; Owner: -
--

COPY public.core_usuariotemporal (id, fecha_creacion, fecha_expiracion, motivo, notas, activo, password_temporal, ultimo_acceso, accesos_count, creado_por_id, user_id) FROM stdin;
\.


--
-- Data for Name: django_admin_log; Type: TABLE DATA; Schema: public; Owner: -
--

COPY public.django_admin_log (id, action_time, object_id, object_repr, action_flag, change_message, content_type_id, user_id) FROM stdin;
1	2026-01-23 15:27:55.542544+00	1	Administrador	1	[{"added": {}}]	3	1
2	2026-01-23 15:28:05.824428+00	2	Liderazgo	1	[{"added": {}}]	3	1
3	2026-01-23 16:20:19.260334+00	3	Programador	1	[{"added": {}}]	3	1
4	2026-01-23 16:20:37.722879+00	3	Programador	3		3	1
5	2026-01-23 18:11:10.436785+00	1	Unidad	1	[{"added": {}}]	30	1
6	2026-01-23 18:11:16.421039+00	2	Evangelismo	1	[{"added": {}}]	30	1
7	2026-01-23 18:11:26.564609+00	3	Adoracion	1	[{"added": {}}]	30	1
8	2026-01-23 18:11:40.374603+00	4	Dicipulado	1	[{"added": {}}]	30	1
9	2026-01-23 18:11:45.057279+00	5	Servicio	1	[{"added": {}}]	30	1
10	2026-01-23 18:12:07.732487+00	6	Liderazgo	1	[{"added": {}}]	30	1
11	2026-01-23 18:13:39.257012+00	1	Ministerio	1	[{"added": {}}]	48	1
12	2026-01-23 18:13:45.719239+00	2	Departamento	1	[{"added": {}}]	48	1
13	2026-01-23 18:14:01.180881+00	3	Grupo	1	[{"added": {}}]	48	1
14	2026-01-23 18:18:25.120908+00	1	Departamento	1	[{"added": {}}]	34	1
15	2026-01-23 19:12:28.813224+00	2	Grupo	1	[{"added": {}}]	34	1
16	2026-01-23 19:12:57.724959+00	3	Ministerio	1	[{"added": {}}]	34	1
17	2026-01-24 21:52:54.205922+00	9	Agenda	1	[{"added": {}}]	7	1
18	2026-01-25 16:48:32.017656+00	2	Sonido	2	[{"changed": {"fields": ["Nombre"]}}]	48	1
19	2026-01-25 16:49:12.431643+00	1	Mobiliarios	2	[{"changed": {"fields": ["Nombre"]}}]	48	1
20	2026-01-25 16:49:21.716251+00	3	Multimedia	2	[{"changed": {"fields": ["Nombre"]}}]	48	1
21	2026-01-26 14:41:58.950733+00	4	Invitiado	1	[{"added": {}}]	3	1
22	2026-01-26 14:58:10.898052+00	1	Traslado a otra iglesia	1	[{"added": {}}]	11	1
23	2026-01-26 16:21:36.980707+00	2	Descarriado	1	[{"added": {}}]	11	1
24	2026-01-30 03:10:49.989904+00	13	Listado de miembros - e44_GIRt	3		58	1
25	2026-01-30 03:10:49.989946+00	12	Listado de miembros - AL4x6Pp-	3		58	1
26	2026-01-30 03:10:49.989964+00	11	Listado de miembros - WIX88H4o	3		58	1
27	2026-01-30 03:10:49.989976+00	10	Listado de miembros - 4SRX-jJS	3		58	1
28	2026-01-30 03:10:49.989988+00	9	Listado de miembros - kplKq9j7	3		58	1
29	2026-01-30 03:10:49.989998+00	8	Listado de miembros - 6RAB5fU3	3		58	1
30	2026-01-30 03:10:49.990011+00	7	Listado de miembros - WzoVrn0R	3		58	1
31	2026-01-30 03:10:49.990023+00	6	Listado de miembros - 9JIOlWWn	3		58	1
32	2026-01-30 03:10:49.990034+00	5	Listado de miembros - Jlgjoite	3		58	1
33	2026-01-30 03:10:49.990045+00	4	Listado de miembros - yvie2XbH	3		58	1
34	2026-01-30 03:10:49.990055+00	3	Listado de miembros - 828cz_8Z	3		58	1
35	2026-01-30 03:10:49.990068+00	2	Listado de miembros - dpqUYJZc	3		58	1
36	2026-01-30 03:10:49.99008+00	1	Listado de miembros - nDHm_kul	3		58	1
37	2026-01-30 22:18:44.746245+00	7	PushSubscription(1, activo=False)	3		16	1
38	2026-01-30 22:18:44.746282+00	6	PushSubscription(1, activo=False)	3		16	1
39	2026-01-30 22:18:44.746299+00	5	PushSubscription(1, activo=False)	3		16	1
40	2026-01-30 22:18:44.746314+00	4	PushSubscription(1, activo=False)	3		16	1
41	2026-01-30 22:18:44.746329+00	2	PushSubscription(1, activo=False)	3		16	1
42	2026-01-30 22:18:44.746341+00	1	PushSubscription(1, activo=True)	3		16	1
43	2026-01-30 22:20:20.466684+00	10	Evaluaciones	1	[{"added": {}}]	7	1
44	2026-02-01 17:22:26.786796+00	11	Codigo QR	1	[{"added": {}}]	7	1
45	2026-02-04 17:05:16.149173+00	12	Formacion & Desarrollo	1	[{"added": {}}]	7	1
46	2026-02-04 21:26:59.111871+00	12	Formacion & Desarrollo	2	[{"changed": {"fields": ["C\\u00f3digo interno", "Icono (opcional)"]}}]	7	1
47	2026-02-04 22:15:23.503609+00	12	Formacion & Desarrollo	2	[{"changed": {"fields": ["M\\u00f3dulo activo"]}}]	7	1
48	2026-02-04 23:41:20.270165+00	12	Formacion & Desarrollo	2	[{"changed": {"fields": ["Nombre de URL"]}}]	7	1
49	2026-02-04 23:41:33.205115+00	12	Formacion & Desarrollo	2	[{"changed": {"fields": ["M\\u00f3dulo activo"]}}]	7	1
50	2026-02-11 13:33:54.870784+00	1	Escuela Dominical	1	[{"added": {}}]	67	1
51	2026-02-14 22:21:29.378301+00	9	Agenda	2	[{"changed": {"fields": ["Orden"]}}]	7	1
52	2026-02-14 22:21:29.382334+00	11	Codigo QR	2	[{"changed": {"fields": ["Orden"]}}]	7	1
53	2026-02-14 22:21:29.38429+00	10	Evaluaciones	2	[{"changed": {"fields": ["Orden"]}}]	7	1
54	2026-02-14 22:21:29.386392+00	12	Formacion & Desarrollo	2	[{"changed": {"fields": ["Orden"]}}]	7	1
55	2026-02-14 22:21:29.388434+00	8	Recursos	2	[{"changed": {"fields": ["Orden"]}}]	7	1
56	2026-02-14 22:23:22.704347+00	3	Asambleas y Votaci¾nö	2	[{"changed": {"fields": ["Orden"]}}]	7	1
57	2026-02-14 22:23:22.709209+00	7	Actualizaci¾n de datos	2	[{"changed": {"fields": ["Orden"]}}]	7	1
58	2026-02-14 22:23:22.71535+00	12	Formacion & Desarrollo	2	[{"changed": {"fields": ["Orden"]}}]	7	1
59	2026-02-14 22:23:22.722096+00	10	Evaluaciones	2	[{"changed": {"fields": ["Orden"]}}]	7	1
60	2026-02-14 22:23:22.724289+00	9	Agenda	2	[{"changed": {"fields": ["Orden"]}}]	7	1
61	2026-02-14 22:23:37.291871+00	2	Configuracion	2	[{"changed": {"fields": ["Orden"]}}]	7	1
62	2026-02-14 22:23:53.438871+00	3	Asambleas y Votaci¾nö	2	[{"changed": {"fields": ["Orden"]}}]	7	1
63	2026-02-14 22:23:53.443562+00	8	Recursos	2	[{"changed": {"fields": ["Orden"]}}]	7	1
64	2026-02-14 22:24:05.489731+00	7	Actualizaci¾n de datos	2	[{"changed": {"fields": ["Orden"]}}]	7	1
65	2026-02-14 22:24:05.493012+00	3	Asambleas y Votaci¾nö	2	[{"changed": {"fields": ["Orden"]}}]	7	1
66	2026-02-14 22:24:20.967313+00	2	Configuracion	2	[{"changed": {"fields": ["Orden"]}}]	7	1
67	2026-02-14 22:24:20.969407+00	11	Codigo QR	2	[{"changed": {"fields": ["Orden"]}}]	7	1
68	2026-02-15 00:33:38.459064+00	5	ariel	1	[{"added": {}}]	4	1
69	2026-02-15 00:41:08.334086+00	3	Pago luz (egreso)	1	[{"added": {}}]	23	1
70	2026-02-15 00:46:14.239051+00	4	Diezmo (ingreso)	1	[{"added": {}}]	23	1
71	2026-02-15 00:51:21.6554+00	1	Caja general (DOP)	1	[{"added": {}}]	24	1
72	2026-02-19 16:38:42.953461+00	13	Portal de Miembro	1	[{"added": {}}]	7	1
\.


--
-- Data for Name: django_content_type; Type: TABLE DATA; Schema: public; Owner: -
--

COPY public.django_content_type (id, app_label, model) FROM stdin;
1	admin	logentry
2	auth	permission
3	auth	group
4	auth	user
5	contenttypes	contenttype
6	sessions	session
7	core	module
8	core	configuracionsistema
9	miembros_app	miembro
10	miembros_app	miembrorelacion
11	miembros_app	razonsalidamiembro
12	miembros_app	miembrobitacora
13	miembros_app	timelineevent
14	miembros_app	zonageo
15	notificaciones_app	notification
16	notificaciones_app	pushsubscription
17	votacion_app	votacion
18	votacion_app	candidato
19	votacion_app	voto
20	votacion_app	ronda
21	votacion_app	listacandidatos
22	votacion_app	listacandidatositem
23	finanzas_app	categoriamovimiento
24	finanzas_app	cuentafinanciera
25	finanzas_app	movimientofinanciero
26	finanzas_app	adjuntomovimiento
27	finanzas_app	proveedorfinanciero
28	finanzas_app	cuentaporpagar
29	estructura_app	rolunidad
30	estructura_app	tipounidad
31	estructura_app	unidad
32	estructura_app	unidadcargo
33	estructura_app	unidadmembresia
34	estructura_app	categoriaunidad
35	estructura_app	actividadunidad
36	estructura_app	reporteunidadperiodo
37	estructura_app	reporteunidadcierre
38	estructura_app	movimientounidad
39	estructura_app	movimientounidadlog
40	nuevo_creyente_app	nuevocreyenteexpediente
41	nuevo_creyente_app	nuevocreyentepadreespiritual
42	nuevo_creyente_app	nuevocreyentebitacora
43	actualizacion_datos_miembros	accesoactualizaciondatos
44	actualizacion_datos_miembros	solicitudactualizacionmiembro
45	actualizacion_datos_miembros	solicitudaltamiembro
46	actualizacion_datos_miembros	altamasivaconfig
47	actualizacion_datos_miembros	actualizaciondatosconfig
48	inventario_app	categoriarecurso
49	inventario_app	ubicacion
50	inventario_app	recurso
51	inventario_app	movimientorecurso
52	core	userloginhistory
53	core	userengagement
54	agenda_app	actividad
55	miembros_app	clanfamiliar
56	miembros_app	hogarfamiliar
57	miembros_app	hogarmiembro
58	core	documentocompartido
59	evaluaciones_app	evaluacionmiembro
60	evaluaciones_app	evaluacionunidad
61	evaluaciones_app	evaluacionperfilunidad
62	agenda_app	actividadrecordatorio
63	codigo_qr	qrtoken
64	codigo_qr	qrscanlog
65	codigo_qr	qrenvio
66	formacion_app	cicloprograma
67	formacion_app	programaeducativo
68	formacion_app	grupoformativo
69	formacion_app	inscripciongrupo
70	formacion_app	sesiongrupo
71	formacion_app	asistenciasesion
72	formacion_app	rolformativo
73	actualizacion_datos_miembros	accesoaltafamilia
74	actualizacion_datos_miembros	altafamilialog
75	finanzas_app	casillaf001
76	core	usuariotemporal
\.


--
-- Data for Name: django_migrations; Type: TABLE DATA; Schema: public; Owner: -
--

COPY public.django_migrations (id, app, name, applied) FROM stdin;
1	contenttypes	0001_initial	2026-01-23 14:08:16.813378+00
2	auth	0001_initial	2026-01-23 14:08:17.119589+00
3	miembros_app	0001_initial	2026-01-23 14:08:17.151855+00
4	miembros_app	0002_remove_miembro_activo_alter_miembro_estado_miembro	2026-01-23 14:08:17.21528+00
5	miembros_app	0003_miembro_categoria_edad_alter_miembro_estado_miembro	2026-01-23 14:08:17.225201+00
6	miembros_app	0004_alter_miembro_apellidos_and_more	2026-01-23 14:08:17.420693+00
7	miembros_app	0005_alter_miembro_options_miembro_es_trasladado_and_more	2026-01-23 14:08:17.623707+00
8	miembros_app	0006_razonsalidamiembro_miembro_activo_and_more	2026-01-23 14:08:17.961573+00
9	miembros_app	0007_alter_miembro_genero	2026-01-23 14:08:17.967591+00
10	miembros_app	0008_miembro_cedula_miembro_pasaporte	2026-01-23 14:08:17.978973+00
11	miembros_app	0009_miembro_nuevo_creyente	2026-01-23 14:08:18.012916+00
12	miembros_app	0010_miembro_codigo_miembro_miembro_numero_miembro	2026-01-23 14:08:18.022218+00
13	miembros_app	0011_alter_miembro_codigo_miembro	2026-01-23 14:08:18.024853+00
14	miembros_app	0012_miembro_codigo_miembro	2026-01-23 14:08:18.037353+00
15	miembros_app	0013_miembro_codigo_seguimiento_and_more	2026-01-23 14:08:18.05341+00
16	miembros_app	0014_alter_miembrorelacion_tipo_relacion	2026-01-23 14:08:18.058769+00
17	miembros_app	0015_miembro_situacion_economica_miembro_tiene_vehiculo_and_more	2026-01-23 14:08:18.137887+00
18	actualizacion_datos_miembros	0001_initial	2026-01-23 14:08:18.226229+00
19	actualizacion_datos_miembros	0002_solicitudaltamiembro	2026-01-23 14:08:18.320112+00
20	actualizacion_datos_miembros	0003_solicitudaltamiembro_direccion_and_more	2026-01-23 14:08:18.347493+00
21	actualizacion_datos_miembros	0004_altamasivaconfig	2026-01-23 14:08:18.352909+00
22	actualizacion_datos_miembros	0005_alter_altamasivaconfig_options	2026-01-23 14:08:18.356057+00
23	actualizacion_datos_miembros	0006_solicitudaltamiembro_cedula_and_more	2026-01-23 14:08:18.426053+00
24	actualizacion_datos_miembros	0007_solicitudactualizacionmiembro_fecha_bautismo_and_more	2026-01-23 14:08:18.468253+00
25	actualizacion_datos_miembros	0008_actualizaciondatosconfig	2026-01-23 14:08:18.474486+00
26	actualizacion_datos_miembros	0009_solicitudactualizacionmiembro_estado_civil_and_more	2026-01-23 14:08:18.554579+00
27	actualizacion_datos_miembros	0010_alter_solicitudaltamiembro_estado_miembro	2026-01-23 14:08:18.569804+00
28	actualizacion_datos_miembros	0011_altamasivaconfig_mensaje_compartir	2026-01-23 14:08:18.576312+00
29	admin	0001_initial	2026-01-23 14:08:18.645244+00
30	admin	0002_logentry_remove_auto_add	2026-01-23 14:08:18.653966+00
31	admin	0003_logentry_add_action_flag_choices	2026-01-23 14:08:18.664308+00
32	contenttypes	0002_remove_content_type_name	2026-01-23 14:08:18.684611+00
33	auth	0002_alter_permission_name_max_length	2026-01-23 14:08:18.699297+00
34	auth	0003_alter_user_email_max_length	2026-01-23 14:08:18.71387+00
35	auth	0004_alter_user_username_opts	2026-01-23 14:08:18.725174+00
36	auth	0005_alter_user_last_login_null	2026-01-23 14:08:18.73722+00
37	auth	0006_require_contenttypes_0002	2026-01-23 14:08:18.739345+00
38	auth	0007_alter_validators_add_error_messages	2026-01-23 14:08:18.748549+00
39	auth	0008_alter_user_username_max_length	2026-01-23 14:08:18.761474+00
40	auth	0009_alter_user_last_name_max_length	2026-01-23 14:08:18.772045+00
41	auth	0010_alter_group_name_max_length	2026-01-23 14:08:18.788824+00
42	auth	0011_update_proxy_permissions	2026-01-23 14:08:18.810848+00
43	auth	0012_alter_user_first_name_max_length	2026-01-23 14:08:18.828159+00
44	core	0001_initial	2026-01-23 14:08:18.839515+00
45	core	0002_configuracionsistema	2026-01-23 14:08:18.846201+00
46	core	0003_configuracionsistema_color_primario_and_more	2026-01-23 14:08:18.93986+00
47	core	0004_configuracionsistema_email_from_address_and_more	2026-01-23 14:08:19.02208+00
48	core	0005_configuracionsistema_encargado_comunicaciones_and_more	2026-01-23 14:08:19.048377+00
49	core	0006_configuracionsistema_codigo_miembro_prefijo	2026-01-23 14:08:19.055221+00
50	estructura_app	0001_initial	2026-01-23 14:08:19.337628+00
51	estructura_app	0002_alter_unidad_options_unidad_categoria_unidad_codigo_and_more	2026-01-23 14:08:19.432446+00
52	estructura_app	0003_categoriaunidad	2026-01-23 14:08:19.443446+00
53	estructura_app	0004_rename_estructura__tipo_es_14652f_idx_estructura__tipo_es_b830be_idx_and_more	2026-01-23 14:08:19.520372+00
54	estructura_app	0005_alter_unidad_options_and_more	2026-01-23 14:08:19.54729+00
55	estructura_app	0006_tipounidad_icono	2026-01-23 14:08:19.621464+00
56	estructura_app	0007_remove_rolunidad_es_liderazgo_rolunidad_descripcion_and_more	2026-01-23 14:08:19.641772+00
57	estructura_app	0008_unidad_reglas	2026-01-23 14:08:19.651506+00
58	estructura_app	0009_unidad_edad_max_unidad_edad_min	2026-01-23 14:08:19.667631+00
59	estructura_app	0010_unidad_imagen	2026-01-23 14:08:19.675137+00
60	estructura_app	0011_unidadmembresia_rol	2026-01-23 14:08:19.712876+00
61	estructura_app	0012_actividadunidad_reporteunidadperiodo	2026-01-23 14:08:19.828191+00
62	estructura_app	0013_reporteunidadcierre	2026-01-23 14:08:19.921914+00
63	estructura_app	0014_movimientounidad	2026-01-23 14:08:20.025725+00
64	estructura_app	0015_movimientounidad_actualizado_por_movimientounidadlog	2026-01-23 14:08:20.11875+00
65	estructura_app	0016_alter_unidad_options	2026-01-23 14:08:20.128394+00
66	estructura_app	0017_unidad_hereda_liderazgo	2026-01-23 14:08:20.143279+00
67	miembros_app	0016_alter_miembro_telefono_alter_miembro_whatsapp	2026-01-23 14:08:20.193017+00
68	miembros_app	0017_alter_miembro_telefono_alter_miembro_whatsapp	2026-01-23 14:08:20.254712+00
69	miembros_app	0018_miembro_unique_cedula_miembro	2026-01-23 14:08:20.271816+00
70	miembros_app	0019_miembro_usuario	2026-01-23 14:08:20.304202+00
71	miembros_app	0020_alter_razonsalidamiembro_options_and_more	2026-01-23 14:08:20.335433+00
72	miembros_app	0021_razonsalidamiembro_permite_carta	2026-01-23 14:08:20.347112+00
73	miembros_app	0022_razonsalidamiembro_carta_traslado_recibida_and_more	2026-01-23 14:08:20.412722+00
74	miembros_app	0023_remove_razonsalidamiembro_carta_traslado_recibida_and_more	2026-01-23 14:08:20.610582+00
75	miembros_app	0024_razonsalidamiembro_estado_resultante_and_more	2026-01-23 14:08:20.672385+00
76	miembros_app	0025_alter_miembro_fecha_ingreso_iglesia	2026-01-23 14:08:20.699457+00
77	miembros_app	0026_miembrobitacora	2026-01-23 14:08:20.734452+00
78	miembros_app	0027_miembro_telefono_norm	2026-01-23 14:08:20.811031+00
79	miembros_app	0028_timelineevent_remove_miembro_miembros_te_norm_idx_and_more	2026-01-23 14:08:20.984182+00
80	miembros_app	0029_zonageo	2026-01-23 14:08:20.992359+00
81	miembros_app	0030_alter_zonageo_ciudad_alter_zonageo_provincia	2026-01-23 14:08:21.018112+00
82	miembros_app	0031_alter_miembro_ciudad_alter_miembro_provincia	2026-01-23 14:08:21.064714+00
83	miembros_app	0032_miembro_padres_espirituales	2026-01-23 14:08:21.108769+00
84	finanzas_app	0001_initial	2026-01-23 14:08:21.152054+00
85	finanzas_app	0002_alter_categoriamovimiento_options_and_more	2026-01-23 14:08:21.425107+00
86	finanzas_app	0003_alter_movimientofinanciero_persona_asociada	2026-01-23 14:08:21.458891+00
87	finanzas_app	0004_movimientofinanciero_es_transferencia_and_more	2026-01-23 14:08:21.597097+00
88	finanzas_app	0005_auto_20251212_1455	2026-01-23 14:08:21.630471+00
89	finanzas_app	0006_adjuntomovimiento	2026-01-23 14:08:21.667112+00
90	finanzas_app	0007_movimientofinanciero_anulado_en_and_more	2026-01-23 14:08:21.751389+00
91	finanzas_app	0008_movimientofinanciero_unidad	2026-01-23 14:08:21.784109+00
92	finanzas_app	0009_proveedorfinanciero_cuentaporpagar	2026-01-23 14:08:21.92842+00
93	finanzas_app	0010_proveedorfinanciero_banco_and_more	2026-01-23 14:08:22.167076+00
94	finanzas_app	0011_movimientofinanciero_cuenta_por_pagar	2026-01-23 14:08:22.203222+00
95	finanzas_app	0012_alter_movimientofinanciero_options	2026-01-23 14:08:22.23535+00
96	inventario_app	0001_initial	2026-01-23 14:08:22.334809+00
97	inventario_app	0002_categoriarecurso_activo	2026-01-23 14:08:22.341888+00
98	inventario_app	0003_recurso_condicion_fisica_recurso_costo_unitario_and_more	2026-01-23 14:08:22.475569+00
99	inventario_app	0004_recurso_deprecia_recurso_fecha_inicio_depreciacion_and_more	2026-01-23 14:08:22.527053+00
100	miembros_app	0033_miembro_bautizado_espiritu_santo_and_more	2026-01-23 14:08:22.786942+00
101	miembros_app	0034_miembro_area_formacion_and_more	2026-01-23 14:08:23.095824+00
102	notificaciones_app	0001_initial	2026-01-23 14:08:23.1369+00
103	notificaciones_app	0002_pushsubscription	2026-01-23 14:08:23.187524+00
104	nuevo_creyente_app	0001_initial	2026-01-23 14:08:23.235783+00
105	nuevo_creyente_app	0002_nuevocreyentepadreespiritual_and_more	2026-01-23 14:08:23.318623+00
106	nuevo_creyente_app	0003_nuevocreyenteexpediente_unidad_responsable	2026-01-23 14:08:23.361718+00
107	nuevo_creyente_app	0004_nuevocreyenteexpediente_etapa	2026-01-23 14:08:23.396609+00
108	nuevo_creyente_app	0005_nuevocreyentebitacora	2026-01-23 14:08:23.443084+00
109	nuevo_creyente_app	0006_alter_nuevocreyentebitacora_tipo	2026-01-23 14:08:23.469516+00
110	sessions	0001_initial	2026-01-23 14:08:23.482109+00
111	votacion_app	0001_initial	2026-01-23 14:08:23.687158+00
112	votacion_app	0002_ronda_remove_voto_un_voto_por_miembro_y_votacion_and_more	2026-01-23 14:08:23.813772+00
113	votacion_app	0003_votacion_edad_minima_candidato	2026-01-23 14:08:23.820736+00
114	votacion_app	0004_candidato_miembro_alter_candidato_nombre	2026-01-23 14:08:23.882847+00
115	votacion_app	0005_remove_votacion_quorum_minimo_and_more	2026-01-23 14:08:23.923631+00
116	votacion_app	0006_votacion_base_quorum_alter_votacion_tipo_quorum	2026-01-23 14:08:23.936484+00
117	votacion_app	0007_votacion_mostrar_conteo_en_vivo	2026-01-23 14:08:23.94519+00
118	votacion_app	0008_listacandidatos_listacandidatositem	2026-01-23 14:08:24.017413+00
119	core	0007_userloginhistory	2026-01-24 16:44:50.072167+00
120	agenda_app	0001_initial	2026-01-24 21:48:20.885269+00
121	core	0008_userengagement	2026-01-24 21:48:20.97928+00
122	agenda_app	0002_actividad_unidad	2026-01-25 20:02:22.657664+00
123	miembros_app	0035_clanfamiliar_hogarfamiliar_hogarmiembro	2026-01-26 04:02:16.531724+00
124	miembros_app	0036_miembrorelacion_es_inferida	2026-01-26 04:02:16.56631+00
125	core	0009_documentocompartido	2026-01-29 22:42:54.242115+00
126	core	0010_alter_documentocompartido_token	2026-01-29 22:42:54.270373+00
127	evaluaciones_app	0001_initial	2026-01-29 22:42:54.337644+00
128	evaluaciones_app	0002_evaluacionunidad_alter_evaluacionmiembro_options_and_more	2026-01-29 22:42:55.571228+00
129	evaluaciones_app	0003_evaluacionunidad_asistencia_and_more	2026-01-29 22:42:55.714507+00
130	evaluaciones_app	0004_remove_evaluacionunidad_evaluacione_estado_f05d66_idx_and_more	2026-01-29 22:42:56.238753+00
131	evaluaciones_app	0005_evaluacionperfilunidad_evaluacionunidad_perfil	2026-01-29 22:42:56.345225+00
132	evaluaciones_app	0006_remove_evaluacionmiembro_evaluacione_estado_2237d3_idx_and_more	2026-01-29 22:42:56.789259+00
133	evaluaciones_app	0007_evaluacionperfilunidad_auto_crear_periodo_and_more	2026-01-29 22:42:57.002723+00
134	evaluaciones_app	0008_evaluacionperfilunidad_creado_en	2026-01-29 22:42:57.022329+00
135	evaluaciones_app	0009_evaluacionperfilunidad_usar_liderazgo_and_more	2026-01-29 22:42:57.058294+00
136	evaluaciones_app	0010_alter_evaluacionperfilunidad_w_actitud_and_more	2026-01-29 22:42:57.210605+00
137	evaluaciones_app	0011_evaluacionperfilunidad_usar_pesos	2026-01-29 22:42:57.240167+00
138	evaluaciones_app	0012_evaluacionmiembro_liderazgo	2026-01-29 22:42:57.29609+00
139	evaluaciones_app	0013_alter_evaluacionperfilunidad_options_and_more	2026-01-29 22:42:57.378234+00
140	evaluaciones_app	0014_remove_evaluacionunidad_uniq_evaluacion_unidad_anio_mes_and_more	2026-01-29 22:42:57.647275+00
141	core	0011_alter_documentocompartido_archivo	2026-01-30 03:07:07.21257+00
142	agenda_app	0003_actividadrecordatorio	2026-01-30 18:18:02.702564+00
143	codigo_qr	0001_initial	2026-02-01 17:06:44.238798+00
144	codigo_qr	0002_remove_qrtoken_miembro_id_qrtoken_miembro	2026-02-01 17:06:44.301187+00
145	codigo_qr	0003_qrenvio	2026-02-01 17:06:44.387515+00
146	formacion_app	0001_initial	2026-02-04 21:27:15.339571+00
147	formacion_app	0002_alter_grupoformativo_unique_together_and_more	2026-02-04 21:27:15.707026+00
148	formacion_app	0003_remove_inscripciongrupo_uniq_miembro_grupo_and_more	2026-02-04 23:43:02.686902+00
149	formacion_app	0004_grupoformativo_estado_civil_permitido	2026-02-06 02:43:32.478804+00
150	formacion_app	0005_sesiongrupo	2026-02-06 02:43:32.64341+00
151	formacion_app	0006_asistenciasesion	2026-02-06 02:43:32.73711+00
152	formacion_app	0007_rolformativo_sesiongrupo_uniq_sesion_grupo_fecha_and_more	2026-02-06 02:43:32.889208+00
153	formacion_app	0008_programaeducativo_unidad_responsable	2026-02-06 02:43:32.961073+00
154	actualizacion_datos_miembros	0012_accesoaltafamilia_altafamilialog	2026-02-13 23:03:34.296314+00
155	actualizacion_datos_miembros	0013_remove_accesoaltafamilia_jefe_and_more	2026-02-13 23:03:34.621313+00
156	actualizacion_datos_miembros	0014_alter_altafamilialog_options_altafamilialog_estado_and_more	2026-02-13 23:03:34.930534+00
157	core	0012_configuracionsistema_codigo_iglesia_and_more	2026-02-16 14:33:23.135355+00
158	finanzas_app	0013_remove_proveedorfinanciero_uq_proveedor_tipo_doc_documento_and_more	2026-02-16 14:33:23.436071+00
159	finanzas_app	0014_casillaf001_categoriamovimiento_codigo_and_more	2026-02-16 14:33:23.544522+00
160	finanzas_app	0015_seed_f001_casillas	2026-02-16 14:33:23.752969+00
161	finanzas_app	0016_alter_casillaf001_seccion	2026-02-16 14:33:23.759767+00
162	core	0013_usuariotemporal	2026-02-18 15:03:48.814913+00
163	agenda_app	0004_actividad_visibilidad	2026-02-19 16:33:01.247585+00
164	actualizacion_datos_miembros	0015_alter_solicitudaltamiembro_estado_miembro	2026-02-21 14:55:05.793773+00
165	miembros_app	0037_alter_miembro_estado_miembro_and_more	2026-02-21 14:55:05.870466+00
\.


--
-- Data for Name: django_session; Type: TABLE DATA; Schema: public; Owner: -
--

COPY public.django_session (session_key, session_data, expire_date) FROM stdin;
wn2xxeznxch62t42fvhol7ffa0zuofhc	.eJxVjEEOgjAQRe_StWmo03YGl-45QzPTDoIaSCisjHdXEha6_e-9_zKJt3VIW9UljcVcjDOn3004P3TaQbnzdJttnqd1GcXuij1otd1c9Hk93L-DgevwrQNKjA4zOZACBKjBQ0Ql4B57PrfBBe-ceG5RGwEkUUIKvinZgyfz_gC86DbJ:1vpyQ2:qFEVAhzi-9oTvqsqsJPOEmE8ce6wD-3PU1bWOH5w98o	2026-02-25 00:49:26.702445+00
pg334adl047d6ubsqsmc2us1ctbiirgb	.eJxVjEEOgjAQRe_StWmo03YGl-45QzPTDoIaSCisjHdXEha6_e-9_zKJt3VIW9UljcVcjDOn3004P3TaQbnzdJttnqd1GcXuij1otd1c9Hk93L-DgevwrQNKjA4zOZACBKjBQ0Ql4B57PrfBBe-ceG5RGwEkUUIKvinZgyfz_gC86DbJ:1vqKN2:AgJXSWmnIuyyHxYbbr_CK75Jd5tCu0I4N5lTy7ytAQs	2026-02-26 00:15:48.228881+00
ju8d8rl29qpj8cfex7gpu9no1oxhjabi	.eJxVjEEOgjAQRe_StWmo03YGl-45QzPTDoIaSCisjHdXEha6_e-9_zKJt3VIW9UljcVcjDOn3004P3TaQbnzdJttnqd1GcXuij1otd1c9Hk93L-DgevwrQNKjA4zOZACBKjBQ0Ql4B57PrfBBe-ceG5RGwEkUUIKvinZgyfz_gC86DbJ:1vmBbA:amqy4QqvaLHzsYUo9zn2SXLmFRMG9RRaP5RlpKGszCw	2026-02-14 14:05:16.879083+00
thz33ni6onnf7gcygpvzoe2mjlrdsnks	.eJxVjDsOwjAQBe_iGlmOvf5R0nMGa9drcAA5UpxUiLuTSCmgnZn33iLhutS09jKnkcVZaHH6ZYT5Wdou-IHtPsk8tWUeSe6JPGyX14nL63K0fwcVe93WEAJHCJSNLxZMJtCWY9moZp9REd2ccTFEZSx6HWgYFIAr7Cyr6EB8vtd8Nyw:1vjQEa:dqa6sFk5AuLsIexMJxcidZErNecAmWm2tFmDBr8RJV8	2026-02-06 23:06:32.732822+00
cox0m9upcwde9xm5luqy0j4eyt4w8dgs	.eJxVj8tuxCAMRX8Fse5E5NEEsmy7bb8gUmTATJghEEHoQ6P59xJpFu3G8vW9PpZvdIa8L3NOGGer6Uhb-vR3JkFd0R-GvoA_h0oFv0crqyNSPdxUvQeN7uWR_QdYIC1lG5hs-4E3jHMhZaNrbmqsmeq04UpIhnXbiR4Ymk4wo4UA5EOntcD6GZuhK9AvdCqsOK-YEpyRjje6ok9wKS2dsuatKtXoYcoGmSGvYQ3kAxdcp8wYakhTbljTkzeIFvwPWYB8ZnR7IEAckCAjVOXObrdQiM5qjEXa8vGhDZw2DJvD0zmGvBUHv_cIdPTZufv9F3opbfY:1vmM7T:VNbSA7KoAWoGgpTLkExdXxaQKOVPDgF78kORnHvSe6Y	2026-02-15 01:19:19.589172+00
51z2s09lasdr6bsg5cwjvyyi56s0z0pr	.eJxVjEEOgjAQRe_StWmo03YGl-45QzPTDoIaSCisjHdXEha6_e-9_zKJt3VIW9UljcVcjDOn3004P3TaQbnzdJttnqd1GcXuij1otd1c9Hk93L-DgevwrQNKjA4zOZACBKjBQ0Ql4B57PrfBBe-ceG5RGwEkUUIKvinZgyfz_gC86DbJ:1vrQEu:YAZvY8e_Y8QuGYiCCzX25UBWPBnY_EuXWiBPBmWIo3M	2026-03-01 00:43:56.89371+00
3uwnpqwbv5hcnmaiombf6u72fl4wsp0j	.eJxVjEEOgjAQRe_StWmo03YGl-45QzPTDoIaSCisjHdXEha6_e-9_zKJt3VIW9UljcVcjDOn3004P3TaQbnzdJttnqd1GcXuij1otd1c9Hk93L-DgevwrQNKjA4zOZACBKjBQ0Ql4B57PrfBBe-ceG5RGwEkUUIKvinZgyfz_gC86DbJ:1vrQGc:cRgAexGoA3F6xIzkyzYp1Wsew0HyCtM60iZtOHbsKT4	2026-03-01 00:45:42.790637+00
4ji71y6tvz6bcx0v63lh4itk38tpkxxl	.eJxVjEEOgjAQRe_StWmo03YGl-45QzPTDoIaSCisjHdXEha6_e-9_zKJt3VIW9UljcVcjDOn3004P3TaQbnzdJttnqd1GcXuij1otd1c9Hk93L-DgevwrQNKjA4zOZACBKjBQ0Ql4B57PrfBBe-ceG5RGwEkUUIKvinZgyfz_gC86DbJ:1vmbBP:y9jPHBTdtO3Y0Sb_SpjxWxyXWCwfQaB20aKGKKdVR2k	2026-02-15 17:24:23.066212+00
jrd1vccs4sr9oxj9xre8vmw2eti1dwws	.eJxVjEEOwiAQRe_C2hAKdASX7nsGMsCMVA0kpV0Z765NutDtf-_9lwi4rSVsnZYwZ3ERVpx-t4jpQXUH-Y711mRqdV3mKHdFHrTLqWV6Xg_376BgL99aZ8XkIOlMnqyhiBGBFVoeEyhtKWVkNvo8ALiRHThQ5B37wXltDYj3Bw-0OB8:1vkU8R:gyCGBX0djvxAwPksHdxaY5zRnYufbA9kSR-0FdmOrEQ	2026-02-09 21:28:35.0235+00
9q5xazvk5eljzy5lrb2tx1wd2dzdf0uc	.eJxVjEEOgjAQRe_StWmo03YGl-45QzPTDoIaSCisjHdXEha6_e-9_zKJt3VIW9UljcVcjDOn3004P3TaQbnzdJttnqd1GcXuij1otd1c9Hk93L-DgevwrQNKjA4zOZACBKjBQ0Ql4B57PrfBBe-ceG5RGwEkUUIKvinZgyfz_gC86DbJ:1vledi:zO9pABwWWJQbY5Xm3V6lfxJcLJ8VrNZhKhivgRX7S-4	2026-02-13 02:53:42.624554+00
hxbtskbr1uehitkoeji2xa9njza10bfs	.eJxVjMsKwjAURP8lawnNQ4ku3fsN4T5NVVJo2pX47zbQhcKs5pyZt8mwLiWvTeY8srmYozn8dgj0lNoBP6DeJ0tTXeYRbVfsTpu9TSyv6-7-HRRopa8hDihh4IQq7IL3ck6q5BIBe1WVwA6AtugpEmp03m8epuAjCpjPFzKXOfE:1vs4DB:sK8Y-IQqvdcPQMxvII5OBBSNrxx0ZfbyBoNdrcUAP94	2026-03-02 19:24:49.910277+00
uotiu0cjvjvsef6ivqb6wkn2d4dddbo1	.eJxVjEEOgjAQRe_StWmo03YGl-45QzPTDoIaSCisjHdXEha6_e-9_zKJt3VIW9UljcVcjDOn3004P3TaQbnzdJttnqd1GcXuij1otd1c9Hk93L-DgevwrQNKjA4zOZACBKjBQ0Ql4B57PrfBBe-ceG5RGwEkUUIKvinZgyfz_gC86DbJ:1vs7Ie:n972493c2vcV5-7WUFYen5wu_UiA7pce18uFFIYuf4Y	2026-03-02 22:42:40.942109+00
04qla0jnelij77dou8oclvf751o385f1	.eJxVjEEOgjAQRe_StWmo03YGl-45QzPTDoIaSCisjHdXEha6_e-9_zKJt3VIW9UljcVcjDOn3004P3TaQbnzdJttnqd1GcXuij1otd1c9Hk93L-DgevwrQNKjA4zOZACBKjBQ0Ql4B57PrfBBe-ceG5RGwEkUUIKvinZgyfz_gC86DbJ:1vpngO:M5DWix0hsySIqGHReftkjzhtC9yzgyAdZov1h8BUUYw	2026-02-24 13:21:36.35331+00
u1nb54knpaa6wgsyx4ibfkgfjwgm768b	.eJxVjDsOwjAQBe_iGlmOvf5R0nMGa9drcAA5UpxUiLuTSCmgnZn33iLhutS09jKnkcVZaHH6ZYT5Wdou-IHtPsk8tWUeSe6JPGyX14nL63K0fwcVe93WEAJHCJSNLxZMJtCWY9moZp9REd2ccTFEZSx6HWgYFIAr7Cyr6EB8vtd8Nyw:1vpsEt:qNv0ocNO8JVtG_fS7jswkhF60AFYKiWvNmK4KNrAaVE	2026-02-24 18:13:31.654712+00
obe18mukoigjg6z8feunh34nyjhw9y4x	.eJxVjEEOwiAQRe_C2hCgWBiX7nsGMjCDVA0kpV0Z765NutDtf-_9lwi4rSVsnZcwk7iIQZx-t4jpwXUHdMd6azK1ui5zlLsiD9rl1Iif18P9OyjYy7dGFYfReaO8hxgNaZ81a5UsZZ8gKtaDhREVZwsqEwCyd5YIWJ_ZOCveH95TN-Q:1vtPR3:SPOonsO0pdnhM3PT6I4BO5lHNPBrr0DmRtkpUXf4_4k	2026-03-06 12:16:41.727767+00
uskddtb4yo8tgve1u2zfhekn9ivfv6xt	.eJxVjEEOgjAQRe_StWmo03YGl-45QzPTDoIaSCisjHdXEha6_e-9_zKJt3VIW9UljcVcjDOn3004P3TaQbnzdJttnqd1GcXuij1otd1c9Hk93L-DgevwrQNKjA4zOZACBKjBQ0Ql4B57PrfBBe-ceG5RGwEkUUIKvinZgyfz_gC86DbJ:1vtXZA:5Rm9P4pYjmIiRgCvG00xQnPMcPkXmyGRNlzk56K-1wM	2026-03-06 20:57:36.054629+00
\.


--
-- Data for Name: estructura_app_actividadunidad; Type: TABLE DATA; Schema: public; Owner: -
--

COPY public.estructura_app_actividadunidad (id, fecha, titulo, tipo, lugar, datos, notas, creado_en, creado_por_id, responsable_id, unidad_id) FROM stdin;
\.


--
-- Data for Name: estructura_app_actividadunidad_participantes; Type: TABLE DATA; Schema: public; Owner: -
--

COPY public.estructura_app_actividadunidad_participantes (id, actividadunidad_id, miembro_id) FROM stdin;
\.


--
-- Data for Name: estructura_app_categoriaunidad; Type: TABLE DATA; Schema: public; Owner: -
--

COPY public.estructura_app_categoriaunidad (id, codigo, nombre, orden, activo) FROM stdin;
1	Departamento	Departamento	10	t
2	Grupo	Grupo	10	t
3	Ministerio	Ministerio	10	t
\.


--
-- Data for Name: estructura_app_movimientounidad; Type: TABLE DATA; Schema: public; Owner: -
--

COPY public.estructura_app_movimientounidad (id, tipo, fecha, monto, concepto, descripcion, anulado, motivo_anulacion, creado_en, actualizado_en, creado_por_id, unidad_id, actualizado_por_id) FROM stdin;
\.


--
-- Data for Name: estructura_app_movimientounidadlog; Type: TABLE DATA; Schema: public; Owner: -
--

COPY public.estructura_app_movimientounidadlog (id, accion, creado_en, fecha_antes, fecha_despues, concepto_antes, concepto_despues, ip, user_agent, movimiento_id, usuario_id) FROM stdin;
\.


--
-- Data for Name: estructura_app_reporteunidadcierre; Type: TABLE DATA; Schema: public; Owner: -
--

COPY public.estructura_app_reporteunidadcierre (id, anio, tipo, trimestre, resumen, reflexion, necesidades, plan_proximo, creado_en, actualizado_en, creado_por_id, unidad_id) FROM stdin;
\.


--
-- Data for Name: estructura_app_reporteunidadperiodo; Type: TABLE DATA; Schema: public; Owner: -
--

COPY public.estructura_app_reporteunidadperiodo (id, anio, mes, resumen, reflexion, necesidades, plan_proximo, creado_en, actualizado_en, creado_por_id, unidad_id) FROM stdin;
\.


--
-- Data for Name: estructura_app_rolunidad; Type: TABLE DATA; Schema: public; Owner: -
--

COPY public.estructura_app_rolunidad (id, nombre, orden, activo, descripcion, tipo) FROM stdin;
1	Presidente	10	t		LIDERAZGO
2	Miembro	10	t		PARTICIPACION
3	Vice Presidente	10	t		LIDERAZGO
\.


--
-- Data for Name: estructura_app_tipounidad; Type: TABLE DATA; Schema: public; Owner: -
--

COPY public.estructura_app_tipounidad (id, nombre, orden, activo, icono) FROM stdin;
1	Unidad	10	t	account_tree
2	Evangelismo	10	t	account_tree
3	Adoracion	10	t	account_tree
4	Dicipulado	10	t	account_tree
5	Servicio	10	t	account_tree
6	Liderazgo	10	t	account_tree
\.


--
-- Data for Name: estructura_app_unidad; Type: TABLE DATA; Schema: public; Owner: -
--

COPY public.estructura_app_unidad (id, nombre, descripcion, activa, creado_en, actualizado_en, padre_id, tipo_id, categoria_id, codigo, fecha_cierre, motivo_cierre, notas, orden, visible, reglas, edad_max, edad_min, imagen, hereda_liderazgo) FROM stdin;
1	Sociedad Juvenil		t	2026-01-23 19:16:12.263322+00	2026-01-23 19:16:12.26333+00	\N	1	3		\N			10	t	{"solo_activos": true, "admite_hombres": true, "admite_mujeres": true, "lider_edad_max": null, "lider_edad_min": null, "limite_lideres": null, "permite_nuevos": false, "unidad_privada": false, "permite_menores": false, "permite_pasivos": false, "capacidad_maxima": null, "permite_liderazgo": true, "permite_disciplina": false, "permite_catecumenos": false, "permite_observacion": false, "permite_subunidades": true, "requiere_aprobacion_lider": false}	\N	\N		f
\.


--
-- Data for Name: estructura_app_unidadcargo; Type: TABLE DATA; Schema: public; Owner: -
--

COPY public.estructura_app_unidadcargo (id, fecha_inicio, fecha_fin, vigente, notas, creado_en, miembo_fk_id, rol_id, unidad_id) FROM stdin;
1	2026-01-23	\N	t		2026-01-23 20:38:10.413056+00	2	1	1
2	2026-01-23	\N	t		2026-01-23 20:39:32.344474+00	6	3	1
\.


--
-- Data for Name: estructura_app_unidadmembresia; Type: TABLE DATA; Schema: public; Owner: -
--

COPY public.estructura_app_unidadmembresia (id, fecha_ingreso, fecha_salida, tipo, activo, notas, creado_en, miembo_fk_id, unidad_id, rol_id) FROM stdin;
1	2026-01-23	\N	miembro	t		2026-01-23 20:39:52.967168+00	1	1	2
2	2026-01-23	\N	miembro	t		2026-01-23 20:39:52.977749+00	3	1	2
3	2026-01-23	\N	miembro	t		2026-01-23 20:39:52.987258+00	5	1	2
\.


--
-- Data for Name: evaluaciones_app_evaluacionmiembro; Type: TABLE DATA; Schema: public; Owner: -
--

COPY public.evaluaciones_app_evaluacionmiembro (id, asistencia, participacion, creado_en, miembro_id, actualizado_en, evaluado_por_id, observacion, puntaje_general, evaluacion_id, actitud, compromiso, estado_espiritual, integracion, madurez_espiritual, liderazgo) FROM stdin;
\.


--
-- Data for Name: evaluaciones_app_evaluacionperfilunidad; Type: TABLE DATA; Schema: public; Owner: -
--

COPY public.evaluaciones_app_evaluacionperfilunidad (id, modo, w_asistencia, w_participacion, w_compromiso, w_actitud, w_integracion, excluir_evaluador, actualizado_en, unidad_id, w_madurez_espiritual, dia_cierre, frecuencia, permitir_editar_cerrada, usar_actitud, usar_asistencia, usar_compromiso, usar_estado_espiritual, usar_integracion, usar_madurez_espiritual, usar_participacion, creado_en, usar_liderazgo, w_liderazgo, usar_pesos) FROM stdin;
\.


--
-- Data for Name: evaluaciones_app_evaluacionunidad; Type: TABLE DATA; Schema: public; Owner: -
--

COPY public.evaluaciones_app_evaluacionunidad (id, anio, mes, estado_workflow, creado_en, actualizado_en, creado_por_id, unidad_id, diagnostico, observaciones, perfil_id, numero_secuencia) FROM stdin;
\.


--
-- Data for Name: finanzas_app_adjuntomovimiento; Type: TABLE DATA; Schema: public; Owner: -
--

COPY public.finanzas_app_adjuntomovimiento (id, archivo, nombre_original, "tamaño", tipo_mime, subido_en, movimiento_id, subido_por_id) FROM stdin;
\.


--
-- Data for Name: finanzas_app_casillaf001; Type: TABLE DATA; Schema: public; Owner: -
--

COPY public.finanzas_app_casillaf001 (id, codigo, nombre, seccion, orden, activo) FROM stdin;
26	ING_DIEZMOS	Diezmos	ingresos_iglesia	10	t
27	ING_OFRENDA_VOL	Ofrendas Voluntarias	ingresos_iglesia	20	t
28	ING_OFRENDA_ESP	Ofrendas Especiales	ingresos_iglesia	30	t
29	ING_OTRAS_OFR	Otras Ofrendas	ingresos_iglesia	40	t
30	ING_OTROS	Otros Ingresos	ingresos_iglesia	50	t
31	ING_AYUDA_CONCILIO	Ayudas del Concilio	ingresos_iglesia	60	t
32	ING_EXTERIOR	Ofrendas del Exterior	ingresos_iglesia	70	t
33	MIN_FEMENIL	Ministerio Femenil	ingresos_ministerios	10	t
34	MIN_HOMBRES	Hombres de Honor	ingresos_ministerios	20	t
35	MIN_EMBAJADORES	Embajadores de Cristo	ingresos_ministerios	30	t
36	MIN_ESC_BIBLICA	Escuela Bíblica	ingresos_ministerios	40	t
37	MIN_MISIONERITAS	Misioneritas	ingresos_ministerios	50	t
38	MIN_EXPLORADORES	Exploradores	ingresos_ministerios	60	t
39	MIN_MDA	MDA	ingresos_ministerios	70	t
40	MIN_MISIONES	Misiones	ingresos_ministerios	80	t
41	MIN_OTROS	Otros Ministerios	ingresos_ministerios	90	t
42	EGR_ASIG_PASTORAL	Asignación Pastoral	egresos	10	t
43	EGR_ALQUILER	Alquileres Casa/Templo	egresos	20	t
44	EGR_EVANGELISMO	Evangelismo y Misiones	egresos	30	t
45	EGR_SERVICIOS	Agua, Luz, Teléfono	egresos	40	t
46	EGR_CAPILLAS	Ayuda a Capillas	egresos	50	t
47	EGR_NECESITADOS	Ayuda a Necesitados	egresos	60	t
48	EGR_MANTENIMIENTO	Mantenimientos Varios	egresos	70	t
49	EGR_APOYO_MIN	Apoyo a Minist. Locales	egresos	80	t
50	EGR_OTRAS	Otras Salidas	egresos	90	t
51	ENV_MIN_FEMENIL	Ministerio Femenil	envios_ministerios	10	t
52	ENV_MIN_HOMBRES	Hombres de Honor	envios_ministerios	20	t
53	ENV_MIN_EMBAJADORES	Embajadores de Cristo	envios_ministerios	30	t
54	ENV_MIN_ESC_BIBLICA	Escuela Bíblica	envios_ministerios	40	t
55	ENV_MIN_MISIONERITAS	Misioneritas	envios_ministerios	50	t
56	ENV_MIN_MISIONEROS	Misioneros	envios_ministerios	60	t
57	ENV_MIN_EXPLORADORES	Exploradores	envios_ministerios	70	t
58	ENV_MIN_MDA	MDA	envios_ministerios	80	t
59	ENV_MIN_MISIONES	Misiones	envios_ministerios	90	t
60	ENV_MIN_OTROS	Otros Ministerios	envios_ministerios	100	t
61	A_EVANGELISMO	Ministerio de Evangelismo	aportes_especiales	10	t
62	A_DESEAD	DESEAD	aportes_especiales	20	t
63	A_PLANTACION	Plantación de Iglesias	aportes_especiales	30	t
64	A_MISIONEROS	Misioneros	aportes_especiales	40	t
65	A_HUERFANOS	Huérfanos	aportes_especiales	50	t
66	A_ENVEJECIENTES	Envejecientes	aportes_especiales	60	t
67	A_VULNERABLES	Grupos Vulnerables	aportes_especiales	70	t
68	A_SORDOS	Ministerio a los Sordos	aportes_especiales	80	t
69	A_DESARROLLO	Desarrollo del Concilio	aportes_especiales	90	t
\.


--
-- Data for Name: finanzas_app_categoriamovimiento; Type: TABLE DATA; Schema: public; Owner: -
--

COPY public.finanzas_app_categoriamovimiento (id, nombre, tipo, es_editable, activo, descripcion, codigo, casilla_f001_id) FROM stdin;
5	Diezmos	ingreso	f	t		1001	26
6	Ofrendas Voluntarias	ingreso	f	t		1002	27
7	Ofrendas Especiales	ingreso	f	t		1003	28
8	Otras Ofrendas	ingreso	f	t		1004	29
9	Otros Ingresos	ingreso	f	t		1005	30
10	Ayudas del Concilio	ingreso	f	t		1006	31
11	Ofrendas del Exterior	ingreso	f	t		1007	32
12	Ofrenda Ministerio Femenil	ingreso	f	t		1101	33
13	Ofrenda Hombres de Honor	ingreso	f	t		1102	34
14	Ofrenda Embajadores de Cristo	ingreso	f	t		1103	35
15	Ofrenda Escuela Bíblica	ingreso	f	t		1104	36
16	Ofrenda Misioneritas	ingreso	f	t		1105	37
17	Ofrenda Exploradores	ingreso	f	t		1106	38
18	Ofrenda MDA	ingreso	f	t		1107	39
19	Ofrenda Misiones	ingreso	f	t		1108	40
20	Ofrenda Otros Ministerios	ingreso	f	t		1109	41
21	Asignación Pastoral	egreso	f	t		2001	42
22	Alquileres Casa/Templo	egreso	f	t		2002	43
23	Evangelismo y Misiones	egreso	f	t		2003	44
24	Agua, Luz, Teléfono	egreso	f	t		2004	45
25	Ayuda a Capillas	egreso	f	t		2005	46
26	Ayuda a Necesitados	egreso	f	t		2006	47
27	Mantenimientos Varios	egreso	f	t		2007	48
28	Apoyo a Minist. Locales	egreso	f	t		2008	49
29	Otras Salidas	egreso	f	t		2009	50
30	Envío a Ministerio Femenil Nacional	egreso	f	t		3001	51
31	Envío a Hombres de Honor Nacional	egreso	f	t		3002	52
32	Envío a Embajadores Nacional	egreso	f	t		3003	53
33	Envío a Escuela Bíblica Nacional	egreso	f	t		3004	54
34	Envío a Misioneritas Nacional	egreso	f	t		3005	55
35	Envío a Misioneros Nacional	egreso	f	t		3006	56
36	Envío a Exploradores Nacional	egreso	f	t		3007	57
37	Envío a MDA Nacional	egreso	f	t		3008	58
38	Envío a Misiones Nacional	egreso	f	t		3009	59
39	Envío a Otros Ministerios Nacional	egreso	f	t		3010	60
40	Aporte a Ministerio de Evangelismo	egreso	f	t		4001	61
41	Aporte a DESEAD	egreso	f	t		4002	62
42	Aporte a Plantación de Iglesias	egreso	f	t		4003	63
43	Aporte a Misioneros	egreso	f	t		4004	64
44	Aporte a Huérfanos	egreso	f	t		4005	65
45	Aporte a Envejecientes	egreso	f	t		4006	66
46	Aporte a Grupos Vulnerables	egreso	f	t		4007	67
47	Aporte a Sordos	egreso	f	t		4008	68
48	Aporte a Desarrollo del Concilio	egreso	f	t		4009	69
\.


--
-- Data for Name: finanzas_app_cuentafinanciera; Type: TABLE DATA; Schema: public; Owner: -
--

COPY public.finanzas_app_cuentafinanciera (id, nombre, tipo, moneda, saldo_inicial, esta_activa, descripcion) FROM stdin;
2	Caja General	caja	DOP	0.00	t	Cuenta base del sistema (efectivo).
3	Banco Principal	banco	DOP	0.00	t	Cuenta base del sistema (banco).
\.


--
-- Data for Name: finanzas_app_cuentaporpagar; Type: TABLE DATA; Schema: public; Owner: -
--

COPY public.finanzas_app_cuentaporpagar (id, uid, fecha_emision, fecha_vencimiento, concepto, descripcion, referencia, monto_total, monto_pagado, estado, creado_en, actualizado_en, categoria_id, creado_por_id, cuenta_sugerida_id, proveedor_id) FROM stdin;
\.


--
-- Data for Name: finanzas_app_movimientofinanciero; Type: TABLE DATA; Schema: public; Owner: -
--

COPY public.finanzas_app_movimientofinanciero (id, fecha, tipo, monto, descripcion, referencia, creado_en, actualizado_en, categoria_id, creado_por_id, cuenta_id, cantidad_sobres, estado, evento, forma_pago, ministerio, origen, persona_asociada_id, servicio, es_transferencia, transferencia_id, anulado_en, anulado_por_id, motivo_anulacion, unidad_id, cuenta_por_pagar_id) FROM stdin;
\.


--
-- Data for Name: finanzas_app_proveedorfinanciero; Type: TABLE DATA; Schema: public; Owner: -
--

COPY public.finanzas_app_proveedorfinanciero (id, tipo, nombre, telefono, email, notas, activo, creado_en, actualizado_en, miembro_id, banco, bloqueado, direccion, documento, metodo_pago_preferido, numero_cuenta, plazo_dias_pago, tipo_cuenta, tipo_documento, tipo_proveedor, titular_cuenta) FROM stdin;
\.


--
-- Data for Name: formacion_app_asistenciasesion; Type: TABLE DATA; Schema: public; Owner: -
--

COPY public.formacion_app_asistenciasesion (id, marcado_en, metodo, miembro_id, sesion_id) FROM stdin;
\.


--
-- Data for Name: formacion_app_cicloprograma; Type: TABLE DATA; Schema: public; Owner: -
--

COPY public.formacion_app_cicloprograma (id, nombre, fecha_inicio, fecha_fin, activo, programa_id) FROM stdin;
\.


--
-- Data for Name: formacion_app_grupoformativo; Type: TABLE DATA; Schema: public; Owner: -
--

COPY public.formacion_app_grupoformativo (id, nombre, sexo_permitido, edad_min, edad_max, horario, lugar, cupo, activo, ciclo_id, maestro_id, creado_en, programa_id, estado_civil_permitido) FROM stdin;
1	Clase Jovenes Casado	VARONES	33	40			\N	t	\N	\N	2026-02-11 13:36:56.531887+00	1	CASADO
\.


--
-- Data for Name: formacion_app_grupoformativo_ayudantes; Type: TABLE DATA; Schema: public; Owner: -
--

COPY public.formacion_app_grupoformativo_ayudantes (id, grupoformativo_id, miembro_id) FROM stdin;
\.


--
-- Data for Name: formacion_app_grupoformativo_maestros; Type: TABLE DATA; Schema: public; Owner: -
--

COPY public.formacion_app_grupoformativo_maestros (id, grupoformativo_id, miembro_id) FROM stdin;
\.


--
-- Data for Name: formacion_app_inscripciongrupo; Type: TABLE DATA; Schema: public; Owner: -
--

COPY public.formacion_app_inscripciongrupo (id, estado, fecha_inscripcion, nota, grupo_id, miembro_id) FROM stdin;
\.


--
-- Data for Name: formacion_app_programaeducativo; Type: TABLE DATA; Schema: public; Owner: -
--

COPY public.formacion_app_programaeducativo (id, nombre, descripcion, activo, tipo, creado_en, unidad_responsable_id) FROM stdin;
1	Escuela Dominical		t	CONTINUO	2026-02-11 13:33:54.868714+00	1
\.


--
-- Data for Name: formacion_app_rolformativo; Type: TABLE DATA; Schema: public; Owner: -
--

COPY public.formacion_app_rolformativo (id, tipo, activo, creado_en, miembro_id) FROM stdin;
1	MAESTRO	t	2026-02-11 13:34:44.476651+00	38
\.


--
-- Data for Name: formacion_app_sesiongrupo; Type: TABLE DATA; Schema: public; Owner: -
--

COPY public.formacion_app_sesiongrupo (id, estado, fecha, inicio, fin, creada_por_id, grupo_id) FROM stdin;
1	ABIERTA	2026-02-11	2026-02-11 13:37:53.692574+00	\N	1	1
2	ABIERTA	2026-02-12	2026-02-12 19:23:17.567519+00	\N	1	1
\.


--
-- Data for Name: inventario_app_categoriarecurso; Type: TABLE DATA; Schema: public; Owner: -
--

COPY public.inventario_app_categoriarecurso (id, nombre, descripcion, activo) FROM stdin;
2	Sonido		t
1	Mobiliarios		t
3	Multimedia		t
\.


--
-- Data for Name: inventario_app_movimientorecurso; Type: TABLE DATA; Schema: public; Owner: -
--

COPY public.inventario_app_movimientorecurso (id, tipo, cantidad, motivo, notas, fecha, recurso_id, ubicacion_destino_id, ubicacion_origen_id) FROM stdin;
\.


--
-- Data for Name: inventario_app_recurso; Type: TABLE DATA; Schema: public; Owner: -
--

COPY public.inventario_app_recurso (id, codigo, nombre, cantidad_total, estado, descripcion, foto, creado_en, actualizado_en, categoria_id, ubicacion_id, condicion_fisica, costo_unitario, es_consumible, fecha_compra, garantia_hasta, marca, modelo, numero_serie, proveedor, requiere_mantenimiento, deprecia, fecha_inicio_depreciacion, metodo_depreciacion, valor_residual_unitario, vida_util_anios) FROM stdin;
2	3453	Sillas Azul	300	DISPONIBLE		media/inventario/recursos/images_1_oroprt	2026-01-25 16:53:55.239748+00	2026-01-25 16:55:01.482507+00	1	1	BUENO	2500.00	f	2023-01-25	\N					f	t	2026-01-25	LINEA_RECTA	800.00	8
1	32323	Microfono Inamlambrico shure EG-10210	5	DISPONIBLE		media/inventario/recursos/D_NQ_NP_974032-MLU72053682704_102023-O_ftnzjp	2026-01-25 16:52:40.372814+00	2026-01-25 16:55:38.092873+00	2	1	BUENO	5000.00	f	2020-01-25	\N	shure	sm58	sn48576	yamaha	f	f	\N	LINEA_RECTA	\N	\N
3	2564	Mesas Plegables	13	DISPONIBLE		media/inventario/recursos/51RLEn8aecL._AC_UF8941000_QL80__cuam4g	2026-01-25 16:56:22.848764+00	2026-01-25 16:56:23.40203+00	1	1	BUENO	\N	f	\N	\N					f	f	\N	LINEA_RECTA	\N	\N
\.


--
-- Data for Name: inventario_app_ubicacion; Type: TABLE DATA; Schema: public; Owner: -
--

COPY public.inventario_app_ubicacion (id, nombre, descripcion) FROM stdin;
1	Deposito sonido	
\.


--
-- Data for Name: miembros_app_clanfamiliar; Type: TABLE DATA; Schema: public; Owner: -
--

COPY public.miembros_app_clanfamiliar (id, nombre, creado_en) FROM stdin;
\.


--
-- Data for Name: miembros_app_hogarfamiliar; Type: TABLE DATA; Schema: public; Owner: -
--

COPY public.miembros_app_hogarfamiliar (id, nombre, creado_en, clan_id) FROM stdin;
1	Familia de Neftali Castillo Calderon	2026-02-16 15:17:10.161539+00	\N
\.


--
-- Data for Name: miembros_app_hogarmiembro; Type: TABLE DATA; Schema: public; Owner: -
--

COPY public.miembros_app_hogarmiembro (id, rol, es_principal, hogar_id, miembro_id) FROM stdin;
1	otro	t	1	2
2	otro	f	1	16
\.


--
-- Data for Name: miembros_app_miembro; Type: TABLE DATA; Schema: public; Owner: -
--

COPY public.miembros_app_miembro (id, foto, nombres, apellidos, genero, fecha_nacimiento, lugar_nacimiento, nacionalidad, estado_civil, nivel_educativo, profesion, telefono, telefono_secundario, whatsapp, email, direccion, sector, ciudad, provincia, codigo_postal, contacto_emergencia_nombre, contacto_emergencia_telefono, contacto_emergencia_relacion, tipo_sangre, alergias, condiciones_medicas, medicamentos, empleador, puesto, telefono_trabajo, direccion_trabajo, estado_miembro, fecha_ingreso_iglesia, iglesia_anterior, fecha_conversion, fecha_bautismo, bautizado_confirmado, categoria_miembro, mentor, lider_celula, intereses, habilidades, otros_intereses, otras_habilidades, notas, fecha_creacion, fecha_actualizacion, categoria_edad, es_trasladado, activo, comentario_salida, fecha_salida, razon_salida_id, cedula, pasaporte, nuevo_creyente, numero_miembro, codigo_miembro, codigo_seguimiento, numero_seguimiento, situacion_economica, tiene_vehiculo, tipo_vivienda, vehiculo_marca, vehiculo_placa, vehiculo_tipo, usuario_id, carta_traslado_recibida, estado_pastoral_reingreso, etapa_actual, fecha_reingreso, nota_pastoral_reingreso, origen_reingreso, telefono_norm, bautizado_espiritu_santo, donde_estudio_teologia, mision_ciudad, mision_pais, misionero_activo, obrero_ordenado, preparacion_teologica, rol_ministerial, tiene_credenciales, area_formacion, credencial_fecha_emision, credencial_fecha_vencimiento, cursos_certificaciones, estado_ministerial, mision_fecha_fin, mision_fecha_inicio, mision_tipo, nivel_formacion, numero_credencial) FROM stdin;
7		Ramon	Felix	masculino	2011-01-25						809-333-2222		+18093332222																			2026-01-25		2026-01-21	2026-01-25	f									2026-01-25 13:19:55.079312+00	2026-01-25 13:19:55.07932+00	adolescente	f	t		\N	\N	\N	\N	t	\N	\N	NC-0001	1		f					\N	f	\N	miembro	\N		\N	8093332222	f				f	f			f		\N	\N			\N	\N			
8	media/solicitudes_alta/fotos/98ce8cd8-9f26-4931-87f7-0f05fe6620bb_uytkfm	Fairely	Linares Castillo	femenino	1993-06-13						829-708-0508		+18297080508		C/ Tarcila Valdez #31	Juan Pablo Duarte	Higuey	La Altagracia													activo	2026-01-25		\N	\N	t									2026-01-25 21:17:02.011429+00	2026-01-25 21:17:56.590808+00	adulto	f	t		\N	\N	028-0111288-5	\N	f	7	TF-0007	\N	\N		f					\N	f	\N	miembro	\N		\N	8297080508	f				f	f			f		\N	\N			\N	\N			
4	media/miembros_fotos/aee7ea89-c6b6-4bc6-8d80-0955dfb0c8de_x0uiav	Samaira	Guerrero Marte	femenino	1998-03-27						849-354-4169		+18493544169		C/ Teodulo Guerrero, Aptos Doña Nina #7	Los Sotos	Higuey	La Altagracia													activo	2026-01-23		\N	\N	t									2026-01-23 19:57:32.912934+00	2026-01-26 04:52:59.170894+00	joven	f	t		\N	\N	402-2850693-3	\N	f	4	TF-0004	\N	\N		f					\N	f	\N	miembro	\N		\N	8493544169	f				f	f			f		\N	\N			\N	\N			
15	media/solicitudes_alta/fotos/IMG_9614_uvp8v6	Joyce	De Los Santos	femenino	2005-07-30						+18299662590		+18299662590		C/ Teo Cruz #121	Los Sotos	Higüey	La Altagracia													activo	2026-01-26		\N	\N	t									2026-01-26 17:31:34.818589+00	2026-01-26 17:31:34.818596+00	joven	f	t		\N	\N	402-1090482-3	\N	f	14	TF-0014	\N	\N		f					\N	f	\N	miembro	\N		\N	8299662590	f				f	f			f		\N	\N			\N	\N			
11		Rosa	Alcantara	femenino	2004-03-01		República Dominicana	Soltero/a																							trasladado	2026-01-26		\N	\N	t									2026-01-26 14:57:05.823107+00	2026-01-26 15:54:19.748626+00	joven	f	f		2025-11-01	1	\N	\N	f	10	TF-0010	\N	\N		f					\N	f	\N	miembro	\N		\N	\N	f				f	f			f		\N	\N			\N	\N			
16	media/solicitudes_alta/fotos/4E3A57E9-8ED1-44EF-9038-133BCF22EF38_zofoqx	Dorka Inés	Delgado Ruiz	femenino	1988-05-23						+18097146576		+18097146576			Juan Pablo Duarte	Higüey	La Altagracia													activo	2026-01-26		\N	\N	t									2026-01-26 17:31:34.840343+00	2026-01-26 17:31:34.840352+00	adulto	f	t		\N	\N	\N	\N	f	15	TF-0015	\N	\N		f					\N	f	\N	miembro	\N		\N	8097146576	f				f	f			f		\N	\N			\N	\N			
1	media/miembros_fotos/1000026527_lwrt3t	Jonathan	Del Rosario	masculino	1985-11-15		República Dominicana	Casado/a			809-775-3957		+18097753957	guithan01@gmail.com	ORLANDO MARtiNEZ 192	Los Sotos	Higuey		23000												activo	2017-01-01		\N	\N	t									2026-01-23 15:19:23.694308+00	2026-01-26 17:20:26.116527+00	adulto	f	t		\N	\N	028-0087557-3	\N	f	1	TF-0001	\N	\N		f					1	f	\N	miembro	\N		\N	8097753957	f				f	f			f		\N	\N			\N	\N			
3	media/miembros_fotos/02ea40ae-bed4-4c4b-b121-0bea2b3f9c26-1_all_2005_hahdx3	Janser Nicolás	Payano Abreu	masculino	1996-09-12						829-362-4778		+18293624778		C/ Teódulo Guerrero Aptos Doña Nina #7	Los Sotos	Higuey	La Altagracia													activo	2026-01-23		\N	\N	t									2026-01-23 19:57:32.870683+00	2026-01-26 04:18:37.002555+00	joven	f	t		\N	\N	402-2674805-7	\N	f	3	TF-0003	\N	\N		f					\N	f	\N	miembro	\N		\N	8293624778	f				f	f			f		\N	\N			\N	\N			
2	media/miembros_fotos/4f82991e-da4c-49ee-bd27-b91e33d4881c_qethse	Neftali	Castillo Calderon	masculino	1990-11-06						829-885-7166		+18298857166		Bernardo Montas #95	Juan Pablo Duarte	Higuey	La Altagracia													activo	2026-01-23		\N	\N	t									2026-01-23 19:57:32.845341+00	2026-01-26 04:25:35.023406+00	adulto	f	t		\N	\N	402-2057367-5	\N	f	2	TF-0002	\N	\N		f					\N	f	\N	miembro	\N		\N	8298857166	f				f	f			f		\N	\N			\N	\N			
5	media/miembros_fotos/IMG_1978_np49dc	Joanel martin	De Los Santos Rodriguez	masculino	1982-02-24						809-671-7666		+18096717666		Teo Cruz #121	Los Sotos	Higuey	La Altagracia													activo	2026-01-23		\N	\N	t									2026-01-23 19:57:32.938627+00	2026-01-26 04:27:25.573703+00	adulto	f	t		\N	\N	028-0074422-5	\N	f	5	TF-0005	\N	\N		f					\N	f	\N	miembro	\N		\N	8096717666	f				f	f			f		\N	\N			\N	\N			
17		Alberto	Castillo	masculino	2026-01-26						+18096629708		+18096629708			Otro	Higüey	La Altagracia													activo	2026-01-26		\N	\N	t									2026-01-26 18:55:23.05502+00	2026-01-26 18:55:23.05503+00	infante	f	t		\N	\N	\N	\N	f	16	TF-0016	\N	\N		f					\N	f	\N	miembro	\N		\N	8096629708	f				f	f			f		\N	\N			\N	\N			
21		Alexsandra	Ruiz de Peña	femenino	1977-03-08						+18093998227		+18093998227		Calle 13 las manzanas, el Chilo poueriet	Otro	Higüey	La Altagracia													activo	2026-01-26		\N	\N	t									2026-01-26 19:48:44.656094+00	2026-01-26 19:48:44.656101+00	adulto	f	t		\N	\N	028-0052714-1	\N	f	20	TF-0020	\N	\N		f					\N	f	\N	miembro	\N		\N	8093998227	f				f	f			f		\N	\N			\N	\N			
18	media/solicitudes_alta/fotos/1000007562_soobzx	Jonayris	Torres Sánchez de Arias	femenino	1992-01-31						+18297819941		+18297819941		Callé/paris#83	Juan Pablo Duarte	Higüey	La Altagracia													activo	2026-01-26		\N	\N	t									2026-01-26 19:48:44.579978+00	2026-01-26 19:48:44.579988+00	adulto	f	t		\N	\N	090-0025367-5	\N	f	17	TF-0017	\N	\N		f					\N	f	\N	miembro	\N		\N	8297819941	f				f	f			f		\N	\N			\N	\N			
9	media/miembros_fotos/20170330_122347_dmeql7	Leonel	Del Rosario	masculino	1960-01-01		República Dominicana	Casado/a								Juan Pablo Duarte	Higuey	La Altagracia													pasivo	2026-01-26		\N	\N	t									2026-01-26 13:01:03.745202+00	2026-01-26 16:03:32.060917+00	adulto_mayor	f	t		\N	\N	\N	\N	f	8	TF-0008	\N	\N		f					\N	f	\N	miembro	\N		\N	\N	f				f	f			f		\N	\N			\N	\N			
12	media/miembros_fotos/8835b4f4-4a86-4446-a7d0-809ce08851fb_kxiqel	Victoria	Castillo	femenino	1975-08-07		República Dominicana	Casado/a								Juan Pablo Duarte	Higuey	La Altagracia													pasivo	2026-01-26		\N	\N	t									2026-01-26 15:56:22.600394+00	2026-01-26 16:03:51.139748+00	adulto	f	t		\N	\N	\N	\N	f	11	TF-0011	\N	\N		f					\N	f	\N	miembro	\N		\N	\N	f				f	f			f		\N	\N			\N	\N			
19	media/solicitudes_alta/fotos/Screenshot_2026-01-26-15-14-34-309_com.instagram.android_lcdoe2	Evelin Nathaly	Ozoria Santillan	femenino	1988-07-26						+18099044581				Dinamarca Pérez	Juan Pablo Duarte	Higüey	La Altagracia													activo	2026-01-26		\N	\N	t									2026-01-26 19:48:44.603185+00	2026-01-26 19:48:44.603202+00	adulto	f	t		\N	\N	\N	\N	f	18	TF-0018	\N	\N		f					\N	f	\N	miembro	\N		\N	8099044581	f				f	f			f		\N	\N			\N	\N			
13	media/miembros_fotos/IMG_8711_abtwor	Jonah	Del Rosario	masculino	2010-08-08		República Dominicana									Los Sotos	Higuey	La Altagracia													activo	2026-01-26		\N	\N	t									2026-01-26 16:03:17.720212+00	2026-01-26 16:19:27.465865+00	adolescente	f	t		\N	\N	\N	\N	f	12	TF-0012	\N	\N		f					\N	f	\N	miembro	\N		\N	\N	f				f	f			f		\N	\N			\N	\N			
14	media/miembros_fotos/66b9863e-1808-4025-a98b-97c0e61e3f89_ikf1jf	Victor leonel	Del Rosario Castillo	masculino	1984-03-01		República Dominicana	Casado/a			829-573-2838		+18295732838		higuey	Juan Pablo Duarte	Higuey	La Altagracia													activo	2026-01-26		\N	\N	t									2026-01-26 16:15:22.61422+00	2026-01-26 16:19:51.264079+00	adulto	f	t		\N	\N	028-0079215-8	\N	f	13	TF-0013	\N	\N		f					\N	f	\N	miembro	\N		\N	8295732838	f				f	f			f		\N	\N			\N	\N			
10		Juan	Salvador	masculino	2013-01-01		República Dominicana											La Altagracia													descarriado	2026-01-26		\N	\N	t									2026-01-26 14:56:05.772567+00	2026-01-26 16:22:00.523786+00	adolescente	f	f		2026-01-26	2	\N	\N	f	9	TF-0009	\N	\N		f					\N	f	\N	miembro	\N		\N	\N	f				f	f			f		\N	\N			\N	\N			
20		Emma Doris	Sanchez y Richiez	femenino	1967-05-28						+18492522252		+18492522252		Rosa Maria Montas#12	Los Sotos	Higüey	La Altagracia													activo	2026-01-26		\N	\N	t									2026-01-26 19:48:44.627084+00	2026-01-26 19:48:44.627092+00	adulto	f	t		\N	\N	028-0010373-7	\N	f	19	TF-0019	\N	\N		f					\N	f	\N	miembro	\N		\N	8492522252	f				f	f			f		\N	\N			\N	\N			
22	media/solicitudes_alta/fotos/1000105826_b9y5qp	Maria Cristina	Morla	femenino	2026-01-26						+18094817068		+18094817068		Por la escuela	Santana	Higüey	La Altagracia													activo	2026-01-26		\N	\N	t									2026-01-26 19:48:44.67597+00	2026-01-26 19:48:44.675979+00	infante	f	t		\N	\N	028-0002889-2	\N	f	21	TF-0021	\N	\N		f					\N	f	\N	miembro	\N		\N	8094817068	f				f	f			f		\N	\N			\N	\N			
23		Raysa	Ledesma De Peña	femenino	2026-08-17						+18297155668		+18297155668		Calle alegría 8		Higüey	La Altagracia													activo	2026-01-26		\N	\N	t									2026-01-26 19:48:44.715224+00	2026-01-26 19:48:44.715234+00	infante	f	t		\N	\N	028-0011098-9	\N	f	22	TF-0022	\N	\N		f					\N	f	\N	miembro	\N		\N	8297155668	f				f	f			f		\N	\N			\N	\N			
24	media/solicitudes_alta/fotos/3C10CCE5-1BAA-4B06-87A0-F1C6B3EC8F5B_twelp0	Flor Esmeralda	Feliciano de Salvador	femenino	1976-03-04						+18092723426		+18092723426		3	Luisa Perla	Higüey	La Altagracia													activo	2026-01-26		\N	\N	t									2026-01-26 19:48:44.738173+00	2026-01-26 19:48:44.738181+00	adulto	f	t		\N	\N	023-0104148-5	\N	f	23	TF-0023	\N	\N		f					\N	f	\N	miembro	\N		\N	8092723426	f				f	f			f		\N	\N			\N	\N			
25		Jeremías	Herrera Carpio	masculino	1973-02-15						+18497509002		+18497509002		Dios con Nosotros No. 15	Las Caobas	Higüey	La Altagracia													activo	2026-01-26		\N	\N	t									2026-01-26 19:48:44.770248+00	2026-01-26 19:48:44.770257+00	adulto	f	t		\N	\N	\N	\N	f	24	TF-0024	\N	\N		f					\N	f	\N	miembro	\N		\N	8497509002	f				f	f			f		\N	\N			\N	\N			
26	media/solicitudes_alta/fotos/IMG_20200223_164845_ympx0k	Angela Miledy	Ramírez de Segura	femenino	2026-01-26						+18498519297		+18498519297		Mélida Rodríguez, #21	Los Sotos	Higüey	La Altagracia													activo	2026-01-26		\N	\N	t									2026-01-26 19:48:44.819948+00	2026-01-26 19:48:44.819955+00	infante	f	t		\N	\N	028-0053190-3	\N	f	25	TF-0025	\N	\N		f					\N	f	\N	miembro	\N		\N	8498519297	f				f	f			f		\N	\N			\N	\N			
27		Mercedes	Soriano	femenino	1961-06-09						+18293736284		+18293736284			Juan Pablo Duarte	Higüey	La Altagracia													activo	2026-01-26		\N	\N	t									2026-01-26 19:48:44.837699+00	2026-01-26 19:48:44.837707+00	adulto_mayor	f	t		\N	\N	028-0001223-5	\N	f	26	TF-0026	\N	\N		f					\N	f	\N	miembro	\N		\N	8293736284	f				f	f			f		\N	\N			\N	\N			
28		Karina	De Gracia Guerrero	femenino	1988-07-18						+18098044550		+18098044550		Calle Orlando Martinez #46	Juan Pablo Duarte	Higüey	La Altagracia													activo	2026-01-26		\N	\N	t									2026-01-26 19:48:44.855096+00	2026-01-26 19:48:44.855103+00	adulto	f	t		\N	\N	028-0096771-9	\N	f	27	TF-0027	\N	\N		f					\N	f	\N	miembro	\N		\N	8098044550	f				f	f			f		\N	\N			\N	\N			
29	media/solicitudes_alta/fotos/IMG_7752_o86ov1	Diodelis	Rodríguez  Zorrilla	femenino	1986-02-14						+18299358878		+18299358878		Alboleda	Ana Melia	Higüey	La Altagracia													activo	2026-01-26		\N	\N	t									2026-01-26 19:48:44.916697+00	2026-01-26 19:48:44.916706+00	adulto	f	t		\N	\N	027-0040282-5	\N	f	28	TF-0028	\N	\N		f					\N	f	\N	miembro	\N		\N	8299358878	f				f	f			f		\N	\N			\N	\N			
30		Orlando	Nuesi	masculino	2026-03-19						+18494492669		+18494492669			La Aviación	Higüey	La Altagracia													activo	2026-01-26		\N	\N	t									2026-01-26 19:48:44.944306+00	2026-01-26 19:48:44.944313+00	infante	f	t		\N	\N	121-0009513-7	\N	f	29	TF-0029	\N	\N		f					\N	f	\N	miembro	\N		\N	8494492669	f				f	f			f		\N	\N			\N	\N			
31		Mariluz	Garrido	femenino	2026-08-19						+18093955113		+18093955113			Juan Pablo Duarte	Higüey	La Altagracia													activo	2026-01-26		\N	\N	t									2026-01-26 19:48:44.978762+00	2026-01-26 19:48:44.978771+00	infante	f	t		\N	\N	028-0054494-8	\N	f	30	TF-0030	\N	\N		f					\N	f	\N	miembro	\N		\N	8093955113	f				f	f			f		\N	\N			\N	\N			
32	media/solicitudes_alta/fotos/20250322_160549_igeanq	Martha Patricia	Roche Calderón	femenino	1982-03-09						+18499193880		+18499193880		Dionisio mejía #6 apartamento Williams #27	Juan Pablo Duarte	Higüey	La Altagracia													activo	2026-01-26		\N	\N	t									2026-01-26 19:48:45.02531+00	2026-01-26 19:48:45.025318+00	adulto	f	t		\N	\N	023-0121565-9	\N	f	31	TF-0031	\N	\N		f					\N	f	\N	miembro	\N		\N	8499193880	f				f	f			f		\N	\N			\N	\N			
33		Juana	Sánchez	femenino	1978-03-30						+18094197429		+18094197429		Calle Luisa Perla #8	La Altagracia	Higüey	La Altagracia													activo	2026-01-26		\N	\N	t									2026-01-26 19:48:45.042404+00	2026-01-26 19:48:45.042411+00	adulto	f	t		\N	\N	028-0056684-2	\N	f	32	TF-0032	\N	\N		f					\N	f	\N	miembro	\N		\N	8094197429	f				f	f			f		\N	\N			\N	\N			
34		Noemi	Delgado	femenino	1975-07-25						+18498068361		+18498068361			Juan Pablo Duarte	Higüey	La Altagracia													activo	2026-01-26		\N	\N	t									2026-01-26 19:48:45.059911+00	2026-01-26 19:48:45.059921+00	adulto	f	t		\N	\N	028-0009200-5	\N	f	33	TF-0033	\N	\N		f					\N	f	\N	miembro	\N		\N	8498068361	f				f	f			f		\N	\N			\N	\N			
35	media/solicitudes_alta/fotos/Atahualpa_Colome_cs6oxw	Atahualpa	Colome Santana	masculino	2026-02-18						+18297072460		+18297072460		Calle M. Garcia	Otro	Higüey	La Altagracia													activo	2026-01-26		\N	\N	t									2026-01-26 19:48:45.119964+00	2026-01-26 19:48:45.119971+00	infante	f	t		\N	\N	028-0053032-7	\N	f	34	TF-0034	\N	\N		f					\N	f	\N	miembro	\N		\N	8297072460	f				f	f			f		\N	\N			\N	\N			
36		Orquídea Carolina	Abreu Santana	femenino	1986-08-02						+18097575941		+18097575941		Calle Mario Alberto Avila No. 28, sector Brisas del Llano	Otro	Higüey	La Altagracia													activo	2026-01-26		\N	\N	t									2026-01-26 19:48:45.135067+00	2026-01-26 19:48:45.135075+00	adulto	f	t		\N	\N	\N	\N	f	35	TF-0035	\N	\N		f					\N	f	\N	miembro	\N		\N	8097575941	f				f	f			f		\N	\N			\N	\N			
37	media/solicitudes_alta/fotos/20250520_135434_oqnsj5	Madeline	Jimenez De Espiritusanto	femenino	1987-09-12						+18297944658		+18297944658		El naranjo \r\nBienvenido creales número 22	Otro	Higüey	La Altagracia													activo	2026-01-26		\N	\N	t									2026-01-26 19:48:45.151612+00	2026-01-26 19:48:45.151619+00	adulto	f	t		\N	\N	023-0147948-7	\N	f	36	TF-0036	\N	\N		f					\N	f	\N	miembro	\N		\N	8297944658	f				f	f			f		\N	\N			\N	\N			
38		Candido Eligio	Guerrero García	masculino	1985-02-14						+18296495974		+18296495974		Mario Alberto Ávila, 28 Brisas del Llano		Higüey	La Altagracia													activo	2026-01-26		\N	\N	t									2026-01-26 19:48:45.219915+00	2026-01-26 19:48:45.219927+00	adulto	f	t		\N	\N	028-0081977-9	\N	f	37	TF-0037	\N	\N		f					\N	f	\N	miembro	\N		\N	8296495974	f				f	f			f		\N	\N			\N	\N			
39		Maria Victoria	Castillo de Nuesi	femenino	1965-11-06						+18099537865		+18099537865		Ramon A pumarol	La Aviación	Higüey	La Altagracia													activo	2026-01-26		\N	\N	t									2026-01-26 19:48:45.26243+00	2026-01-26 19:48:45.262438+00	adulto_mayor	f	t		\N	\N	028-0036702	\N	f	38	TF-0038	\N	\N		f					\N	f	\N	miembro	\N		\N	8099537865	f				f	f			f		\N	\N			\N	\N			
40		Alexia Alexandra	Castillo Ruiz	femenino	1998-06-12						+18297668227		+18297668227		Los Rosales	Otro	Higüey	La Altagracia													activo	2026-01-26		\N	\N	t									2026-01-26 19:48:45.281021+00	2026-01-26 19:48:45.281027+00	joven	f	t		\N	\N	\N	\N	f	39	TF-0039	\N	\N		f					\N	f	\N	miembro	\N		\N	8297668227	f				f	f			f		\N	\N			\N	\N			
41		Evelyn	Garrido Cedano	femenino	1981-12-13						+18296024630				Angel Merino no.40	Juan Pablo Duarte	Higüey	La Altagracia													activo	2026-01-26		\N	\N	t									2026-01-26 19:48:45.321756+00	2026-01-26 19:48:45.321763+00	adulto	f	t		\N	\N	028-0075116-2	\N	f	40	TF-0040	\N	\N		f					\N	f	\N	miembro	\N		\N	8296024630	f				f	f			f		\N	\N			\N	\N			
42	media/solicitudes_alta/fotos/image_mchj4n	Jesús	Gil Rodriguez	masculino	1968-01-26						+18296482407		+18296482407		Benito Hilario #14	Juan Pablo Duarte	Higüey	La Altagracia													activo	2026-01-26		\N	\N	t									2026-01-26 19:48:45.338823+00	2026-01-26 19:48:45.33883+00	adulto	f	t		\N	\N	028-0020687-8	\N	f	41	TF-0041	\N	\N		f					\N	f	\N	miembro	\N		\N	8296482407	f				f	f			f		\N	\N			\N	\N			
43		Jose Benjamin	Santana Mazara	masculino	2026-01-26						+18498659650		+18498659650			Otro	Higüey	La Altagracia													activo	2026-01-26		\N	\N	t									2026-01-26 19:48:45.354356+00	2026-01-26 19:48:45.354363+00	infante	f	t		\N	\N	028-0056834-3	\N	f	42	TF-0042	\N	\N		f					\N	f	\N	miembro	\N		\N	8498659650	f				f	f			f		\N	\N			\N	\N			
44	media/solicitudes_alta/fotos/4cf442d2-1421-4d87-bd99-5e648628dfd7_yjcg4b	Emmanuel	Guerrero Cedano	masculino	1997-01-03						+18098891826		+18098891826		Ramón Marrero Aristy #19	Juan Pablo Duarte	Higüey	La Altagracia													activo	2026-01-26		\N	\N	t									2026-01-26 19:48:45.416969+00	2026-01-26 19:48:45.416979+00	joven	f	t		\N	\N	402-2784021-8	\N	f	43	TF-0043	\N	\N		f					\N	f	\N	miembro	\N		\N	8098891826	f				f	f			f		\N	\N			\N	\N			
45		Felito	Cruz	masculino	1976-03-23						+18098844431		+18098844431		Eliseo Perez Sanchez 65\r\njuan pablo duarte		Higüey	La Altagracia													activo	2026-01-26		\N	\N	t									2026-01-26 19:48:45.44729+00	2026-01-26 19:48:45.447299+00	adulto	f	t		\N	\N	\N	\N	f	44	TF-0044	\N	\N		f					\N	f	\N	miembro	\N		\N	8098844431	f				f	f			f		\N	\N			\N	\N			
46	media/solicitudes_alta/fotos/1001252922_ubk203	Melenesyn	Villavicencio	masculino	2026-09-01						+18297613730		+18297613730		Juan Pablo Duarte\r\n#16	Juan Pablo Duarte	Higüey	La Altagracia													activo	2026-01-26		\N	\N	t									2026-01-26 19:48:45.468588+00	2026-01-26 19:48:45.468596+00	infante	f	t		\N	\N	028-0077561-7	\N	f	45	TF-0045	\N	\N		f					\N	f	\N	miembro	\N		\N	8297613730	f				f	f			f		\N	\N			\N	\N			
47		Miguelina	Castillo	femenino	2026-10-29						+18298761636		+18298761636		Calle Real 5	Juan Pablo Duarte	Higüey	La Altagracia													activo	2026-01-26		\N	\N	t									2026-01-26 19:48:45.486389+00	2026-01-26 19:48:45.486396+00	infante	f	t		\N	\N	028-0006743-7	\N	f	46	TF-0046	\N	\N		f					\N	f	\N	miembro	\N		\N	8298761636	f				f	f			f		\N	\N			\N	\N			
48		Mairelly	De La Cruz	femenino	1989-03-11						+18097781047		+18097781047		Calle 8 de Marzo Apto Emma 2A sector Sajour	Otro	Higüey	La Altagracia													activo	2026-01-26		\N	\N	t									2026-01-26 19:48:45.555461+00	2026-01-26 19:48:45.555468+00	adulto	f	t		\N	\N	023-0151670-0	\N	f	47	TF-0047	\N	\N		f					\N	f	\N	miembro	\N		\N	8097781047	f				f	f			f		\N	\N			\N	\N			
49	media/solicitudes_alta/fotos/IMG_1843_r9gnib	Yosanni	Cuevas Encarnación	femenino	1994-04-27						+18298628769		+18298628769		Pepe santana	Villa María	Higüey	La Altagracia													activo	2026-01-26		\N	\N	t									2026-01-26 19:48:45.58047+00	2026-01-26 19:48:45.580479+00	adulto	f	t		\N	\N	028-0111294-3	\N	f	48	TF-0048	\N	\N		f					\N	f	\N	miembro	\N		\N	8298628769	f				f	f			f		\N	\N			\N	\N			
50	media/solicitudes_alta/fotos/IMG_7883_mdihhn	Omairis	De la Cruz Cedeño	femenino	1984-11-25						+18096091550		+18096091550		C/10 sector Chilo Poueriet	Otro	Higüey	La Altagracia													activo	2026-01-26		\N	\N	t									2026-01-26 19:48:45.623808+00	2026-01-26 19:48:45.623817+00	adulto	f	t		\N	\N	028-0084796-0	\N	f	49	TF-0049	\N	\N		f					\N	f	\N	miembro	\N		\N	8096091550	f				f	f			f		\N	\N			\N	\N			
51		Erick Luilly	Guerrero	masculino	2001-08-17						+18494032297		+18494032297		Liceo Perez Sánchez	Juan Pablo Duarte	Higüey	La Altagracia													activo	2026-01-26		\N	\N	t									2026-01-26 19:48:45.650015+00	2026-01-26 19:48:45.650022+00	joven	f	t		\N	\N	402-4670064-1	\N	f	50	TF-0050	\N	\N		f					\N	f	\N	miembro	\N		\N	8494032297	f				f	f			f		\N	\N			\N	\N			
52		Antonio	Guerrero	masculino	1972-07-05						+18097106817		+18097106817		Calle Real. No. 3	La Malena	Higüey	La Altagracia													activo	2026-01-26		\N	\N	t									2026-01-26 19:48:45.668191+00	2026-01-26 19:48:45.668199+00	adulto	f	t		\N	\N	028-0040416-8	\N	f	51	TF-0051	\N	\N		f					\N	f	\N	miembro	\N		\N	8097106817	f				f	f			f		\N	\N			\N	\N			
53	media/solicitudes_alta/fotos/IMG_8535_gz991l	Massiel	Payano Abreu	femenino	1992-12-14						+18097155334		+18097155334		Comandante Marmolejo	Savica	Higüey	La Altagracia													activo	2026-01-26		\N	\N	t									2026-01-26 19:48:45.719235+00	2026-01-26 19:48:45.719248+00	adulto	f	t		\N	\N	402-2282247-6	\N	f	52	TF-0052	\N	\N		f					\N	f	\N	miembro	\N		\N	8097155334	f				f	f			f		\N	\N			\N	\N			
54		Mayrobi Nicole	Payano Abreu	femenino	1999-11-16						+18494073040		+18494073040		Comandante Marmolejos #92	Savica	Higüey	La Altagracia													activo	2026-01-26		\N	\N	t									2026-01-26 19:48:45.739216+00	2026-01-26 19:48:45.739224+00	joven	f	t		\N	\N	\N	\N	f	53	TF-0053	\N	\N		f					\N	f	\N	miembro	\N		\N	8494073040	f				f	f			f		\N	\N			\N	\N			
55	media/solicitudes_alta/fotos/6bfb93a9-62c4-4cfc-8895-02b5a4d05780_gnw9im	Raphi Jonabel	Polanco Carpio	masculino	1990-08-22						+18099788816		+18099788816		Tarsila Valdez 30	Juan Pablo Duarte	Higüey	La Altagracia													activo	2026-01-26		\N	\N	t									2026-01-26 19:48:45.756923+00	2026-01-26 19:48:45.756932+00	adulto	f	t		\N	\N	402-2043075-1	\N	f	54	TF-0054	\N	\N		f					\N	f	\N	miembro	\N		\N	8099788816	f				f	f			f		\N	\N			\N	\N			
6	media/miembros_fotos/IMG_5274_fndzyi	Dariany	Martínez	femenino	1988-11-06						809-844-7894		+18098447894		Orlando Martínez 192	Los Sotos	Higuey	La Altagracia													activo	2026-01-23		\N	\N	t									2026-01-23 19:57:32.964618+00	2026-01-26 22:27:31.650452+00	adulto	f	t		\N	\N	028-0099335-0	\N	f	6	TF-0006	\N	\N		f					\N	f	\N	miembro	\N		\N	8098447894	f				f	f			f		\N	\N			\N	\N			
56		hola mundo	mundo	masculino	2001-01-07																											2026-01-30		2026-01-30	2026-01-30	f									2026-01-30 19:35:17.9103+00	2026-01-30 19:35:17.910316+00	joven	f	t		\N	\N	\N	\N	t	\N	\N	NC-0002	2		f					\N	f	\N	miembro	\N		\N	\N	f				f	f			f		\N	\N			\N	\N			
\.


--
-- Data for Name: miembros_app_miembro_padres_espirituales; Type: TABLE DATA; Schema: public; Owner: -
--

COPY public.miembros_app_miembro_padres_espirituales (id, from_miembro_id, to_miembro_id) FROM stdin;
\.


--
-- Data for Name: miembros_app_miembrobitacora; Type: TABLE DATA; Schema: public; Owner: -
--

COPY public.miembros_app_miembrobitacora (id, tipo, titulo, detalle, estado_from, estado_to, etapa_from, etapa_to, fecha, creado_por_id, miembro_id) FROM stdin;
1	salida	Salida registrada	Razón: Traslado a otra iglesia	activo	trasladado	miembro	miembro	2026-01-26 15:54:19.774566+00	1	11
2	salida	Salida registrada	Razón: Descarriado	observacion	descarriado	miembro	miembro	2026-01-26 16:22:00.530076+00	1	10
\.


--
-- Data for Name: miembros_app_miembrorelacion; Type: TABLE DATA; Schema: public; Owner: -
--

COPY public.miembros_app_miembrorelacion (id, tipo_relacion, vive_junto, es_responsable, notas, familiar_id, miembro_id, es_inferida) FROM stdin;
10	conyuge	f	f		9	12	f
5	conyuge	f	f		1	6	f
9	conyuge	f	f		12	9	f
8	conyuge	f	f		3	4	f
7	conyuge	f	f		4	3	f
6	conyuge	f	f		6	1	f
327	abuelo	f	f	Padre/madre de tu padre/madre	9	13	t
328	abuelo	f	f	Padre/madre de tu padre/madre	12	13	t
332	nieto	f	f	Hijo/a de tu hijo/a	13	9	t
334	madre	f	f	Cónyuge de tu padre/madre	12	1	t
11	padre	f	f		9	1	f
336	suegro	f	f	Padre/madre de tu cónyuge	9	6	t
333	yerno	f	f		6	9	t
337	suegro	f	f	Padre/madre de tu cónyuge	12	6	t
299	yerno	f	f		6	12	t
335	hijo	f	f	Hijo/a de tu cónyuge	13	6	t
326	madre	f	f		6	13	t
338	conyuge	f	f		16	2	f
20	hijo	f	f		1	9	f
131	hijo	f	f		13	1	f
117	padre	f	f		1	13	f
298	hijo	f	f		1	12	t
171	nieto	f	f		13	12	f
\.


--
-- Data for Name: miembros_app_razonsalidamiembro; Type: TABLE DATA; Schema: public; Owner: -
--

COPY public.miembros_app_razonsalidamiembro (id, nombre, descripcion, activo, orden, aplica_a, permite_carta, estado_resultante) FROM stdin;
1	Traslado a otra iglesia		t	0	ambos	t	trasladado
2	Descarriado		t	0	ambos	f	descarriado
\.


--
-- Data for Name: miembros_app_timelineevent; Type: TABLE DATA; Schema: public; Owner: -
--

COPY public.miembros_app_timelineevent (id, tipo, descripcion, detalle, valor_anterior, valor_nuevo, fecha, referencia_tipo, referencia_id, miembro_id, usuario_id) FROM stdin;
1	creacion	Miembro registrado en el sistema				2026-01-23 15:19:23.699173+00		\N	1	1
2	foto	Foto de perfil actualizada				2026-01-23 15:20:37.716207+00		\N	1	1
3	creacion	Miembro registrado en el sistema				2026-01-23 19:57:32.847889+00		\N	2	1
4	creacion	Miembro registrado en el sistema				2026-01-23 19:57:32.872629+00		\N	3	1
5	creacion	Miembro registrado en el sistema				2026-01-23 19:57:32.914938+00		\N	4	1
6	creacion	Miembro registrado en el sistema				2026-01-23 19:57:32.941134+00		\N	5	1
7	creacion	Miembro registrado en el sistema				2026-01-23 19:57:32.966977+00		\N	6	1
8	foto	Foto de perfil actualizada				2026-01-23 21:47:36.073563+00		\N	6	1
9	foto	Foto de perfil actualizada				2026-01-23 22:17:20.816413+00		\N	6	1
10	foto	Foto de perfil actualizada				2026-01-23 22:17:49.556869+00		\N	6	1
11	foto	Foto de perfil actualizada				2026-01-24 12:38:21.790067+00		\N	6	1
12	creacion	Miembro registrado en el sistema				2026-01-25 13:19:55.085152+00		\N	7	1
13	creacion	Miembro registrado en el sistema				2026-01-25 21:17:02.013901+00		\N	8	1
14	foto	Foto de perfil actualizada				2026-01-25 23:50:52.987954+00		\N	1	1
15	foto	Foto de perfil actualizada				2026-01-25 23:52:21.103639+00		\N	3	1
16	foto	Foto de perfil actualizada				2026-01-26 04:25:35.027387+00		\N	2	1
17	foto	Foto de perfil actualizada				2026-01-26 04:27:25.578065+00		\N	5	1
18	foto	Foto de perfil actualizada				2026-01-26 04:52:59.175671+00		\N	4	1
19	creacion	Miembro registrado en el sistema				2026-01-26 13:01:03.748836+00		\N	9	1
20	creacion	Miembro registrado en el sistema				2026-01-26 14:56:05.77957+00		\N	10	1
21	creacion	Miembro registrado en el sistema				2026-01-26 14:57:05.825674+00		\N	11	1
22	foto	Foto de perfil actualizada				2026-01-26 15:53:57.727831+00		\N	9	1
23	estado	Cambio de estado del miembro		Activo	Trasladado	2026-01-26 15:54:19.763431+00		\N	11	1
24	baja	Miembro dado de baja	Razón: Traslado a otra iglesia			2026-01-26 15:54:19.768097+00		\N	11	1
25	creacion	Miembro registrado en el sistema				2026-01-26 15:56:22.603109+00		\N	12	1
26	foto	Foto de perfil actualizada				2026-01-26 16:00:14.414383+00		\N	12	1
27	creacion	Miembro registrado en el sistema				2026-01-26 16:03:17.723879+00		\N	13	1
28	creacion	Miembro registrado en el sistema				2026-01-26 16:15:22.615706+00		\N	14	1
29	foto	Foto de perfil actualizada				2026-01-26 16:17:54.986923+00		\N	14	1
30	foto	Foto de perfil actualizada				2026-01-26 16:19:23.841775+00		\N	13	1
31	foto	Foto de perfil actualizada				2026-01-26 16:19:27.517479+00		\N	13	1
32	estado	Cambio de estado del miembro		En observación	Descarriado	2026-01-26 16:22:00.526519+00		\N	10	1
33	baja	Miembro dado de baja	Razón: Descarriado			2026-01-26 16:22:00.528374+00		\N	10	1
34	foto	Foto de perfil actualizada				2026-01-26 17:20:26.124241+00		\N	1	1
35	creacion	Miembro registrado en el sistema				2026-01-26 17:31:34.820566+00		\N	15	1
36	creacion	Miembro registrado en el sistema				2026-01-26 17:31:34.842094+00		\N	16	1
37	creacion	Miembro registrado en el sistema				2026-01-26 18:55:23.056886+00		\N	17	1
38	creacion	Miembro registrado en el sistema				2026-01-26 19:48:44.582209+00		\N	18	1
39	creacion	Miembro registrado en el sistema				2026-01-26 19:48:44.604936+00		\N	19	1
40	creacion	Miembro registrado en el sistema				2026-01-26 19:48:44.630834+00		\N	20	1
41	creacion	Miembro registrado en el sistema				2026-01-26 19:48:44.657593+00		\N	21	1
42	creacion	Miembro registrado en el sistema				2026-01-26 19:48:44.678607+00		\N	22	1
43	creacion	Miembro registrado en el sistema				2026-01-26 19:48:44.718107+00		\N	23	1
44	creacion	Miembro registrado en el sistema				2026-01-26 19:48:44.743844+00		\N	24	1
45	creacion	Miembro registrado en el sistema				2026-01-26 19:48:44.771889+00		\N	25	1
46	creacion	Miembro registrado en el sistema				2026-01-26 19:48:44.821566+00		\N	26	1
47	creacion	Miembro registrado en el sistema				2026-01-26 19:48:44.840965+00		\N	27	1
48	creacion	Miembro registrado en el sistema				2026-01-26 19:48:44.856969+00		\N	28	1
49	creacion	Miembro registrado en el sistema				2026-01-26 19:48:44.918634+00		\N	29	1
50	creacion	Miembro registrado en el sistema				2026-01-26 19:48:44.946387+00		\N	30	1
51	creacion	Miembro registrado en el sistema				2026-01-26 19:48:44.987978+00		\N	31	1
52	creacion	Miembro registrado en el sistema				2026-01-26 19:48:45.028398+00		\N	32	1
53	creacion	Miembro registrado en el sistema				2026-01-26 19:48:45.043932+00		\N	33	1
54	creacion	Miembro registrado en el sistema				2026-01-26 19:48:45.061618+00		\N	34	1
55	creacion	Miembro registrado en el sistema				2026-01-26 19:48:45.121484+00		\N	35	1
56	creacion	Miembro registrado en el sistema				2026-01-26 19:48:45.136475+00		\N	36	1
57	creacion	Miembro registrado en el sistema				2026-01-26 19:48:45.153564+00		\N	37	1
58	creacion	Miembro registrado en el sistema				2026-01-26 19:48:45.225818+00		\N	38	1
59	creacion	Miembro registrado en el sistema				2026-01-26 19:48:45.26427+00		\N	39	1
60	creacion	Miembro registrado en el sistema				2026-01-26 19:48:45.282432+00		\N	40	1
61	creacion	Miembro registrado en el sistema				2026-01-26 19:48:45.324311+00		\N	41	1
62	creacion	Miembro registrado en el sistema				2026-01-26 19:48:45.340422+00		\N	42	1
63	creacion	Miembro registrado en el sistema				2026-01-26 19:48:45.35602+00		\N	43	1
64	creacion	Miembro registrado en el sistema				2026-01-26 19:48:45.421278+00		\N	44	1
65	creacion	Miembro registrado en el sistema				2026-01-26 19:48:45.449021+00		\N	45	1
66	creacion	Miembro registrado en el sistema				2026-01-26 19:48:45.470242+00		\N	46	1
67	creacion	Miembro registrado en el sistema				2026-01-26 19:48:45.514762+00		\N	47	1
68	creacion	Miembro registrado en el sistema				2026-01-26 19:48:45.557843+00		\N	48	1
69	creacion	Miembro registrado en el sistema				2026-01-26 19:48:45.582047+00		\N	49	1
70	creacion	Miembro registrado en el sistema				2026-01-26 19:48:45.626284+00		\N	50	1
71	creacion	Miembro registrado en el sistema				2026-01-26 19:48:45.65234+00		\N	51	1
72	creacion	Miembro registrado en el sistema				2026-01-26 19:48:45.669742+00		\N	52	1
73	creacion	Miembro registrado en el sistema				2026-01-26 19:48:45.720949+00		\N	53	1
74	creacion	Miembro registrado en el sistema				2026-01-26 19:48:45.741223+00		\N	54	1
75	creacion	Miembro registrado en el sistema				2026-01-26 19:48:45.759171+00		\N	55	1
76	creacion	Miembro registrado en el sistema				2026-01-30 19:35:18.012773+00		\N	56	1
\.


--
-- Data for Name: miembros_app_zonageo; Type: TABLE DATA; Schema: public; Owner: -
--

COPY public.miembros_app_zonageo (id, sector, ciudad, provincia, lat, lng, actualizado) FROM stdin;
2	San Francisco	Higuey	La Altagracia	18.610199	-68.705587	2026-01-21 17:02:43.278+00
3	San Pedro	Higuey	La Altagracia	18.615729	-68.739818	2026-01-21 17:03:48.997+00
4	Ana Melia	Higuey	La Altagracia	18.598439	-68.722069	2026-01-21 16:57:17.371+00
5	Anamuya	Higüey	La Altagracia	\N	\N	2026-01-15 18:26:56.668+00
6	Antonio Guzmán	Higüey	La Altagracia	\N	\N	2026-01-15 18:26:56.683+00
7	Brisas del Duey	Higüey	La Altagracia	\N	\N	2026-01-15 18:26:56.697+00
8	Cristo Rey	Higüey	La Altagracia	\N	\N	2026-01-15 18:26:56.712+00
9	Don Celso	Higüey	La Altagracia	\N	\N	2026-01-15 18:26:56.727+00
10	Duarte	Higüey	La Altagracia	\N	\N	2026-01-15 18:26:56.742+00
11	Juan Pablo Duarte	Higuey	La Altagracia	18.599694	-68.710089	2026-01-21 16:56:31.379+00
12	El Bonao	Higüey	La Altagracia	\N	\N	2026-01-15 18:26:56.772+00
13	El Centro	Higüey	La Altagracia	\N	\N	2026-01-15 18:26:56.787+00
14	El Chorro	Higüey	La Altagracia	\N	\N	2026-01-15 18:26:56.802+00
15	Cambelen	Higuey	La Altagracia	18.606948	-68.712179	2026-01-21 17:00:20.128+00
16	El Obispado	Higüey	La Altagracia	\N	\N	2026-01-15 18:26:56.833+00
17	Sajul	Higuey	La Altagracia	18.613875	-68.724164	2026-01-21 17:01:56.035+00
18	Savica	Higuey	La Altagracia	18.606948	-68.712179	2026-01-21 16:58:23.36+00
19	La Aviación	Higüey	La Altagracia	\N	\N	2026-01-15 18:26:56.874+00
20	La Cabrera	Higüey	La Altagracia	\N	\N	2026-01-15 18:26:56.887+00
21	La Candelaria	Higüey	La Altagracia	\N	\N	2026-01-15 18:26:56.901+00
22	La Ceiba del Salado	Higüey	La Altagracia	\N	\N	2026-01-15 18:26:56.916+00
23	La Colonia	Higüey	La Altagracia	\N	\N	2026-01-15 18:26:56.931+00
24	La Cruz	Higüey	La Altagracia	\N	\N	2026-01-15 18:26:56.947+00
25	La Fe	Higüey	La Altagracia	\N	\N	2026-01-15 18:26:56.963+00
26	La Laguna	Higüey	La Altagracia	\N	\N	2026-01-15 18:26:56.98+00
27	La Malena	Higuey	La Altagracia	18.592386	-68.711819	2026-01-15 19:58:34.329+00
28	La Mina	Higüey	La Altagracia	\N	\N	2026-01-15 18:26:57.01+00
29	La Otra Banda	Higüey	La Altagracia	\N	\N	2026-01-15 18:26:57.024+00
30	Las Caobas	Higüey	La Altagracia	\N	\N	2026-01-15 18:26:57.039+00
31	Las Flores	Higüey	La Altagracia	\N	\N	2026-01-15 18:26:57.053+00
32	Las Mercedes	Higüey	La Altagracia	\N	\N	2026-01-15 18:26:57.067+00
33	Los Platanitos	Higüey	La Altagracia	\N	\N	2026-01-15 18:26:57.082+00
34	Los Ríos	Higüey	La Altagracia	\N	\N	2026-01-15 18:26:57.096+00
35	Los Sotos	Higuey	La Altagracia	18.60435	-68.70469	2026-01-15 19:03:35.996+00
36	Luisa Perla	Higüey	La Altagracia	\N	\N	2026-01-15 18:26:57.131+00
37	Mamá Tingó	Higüey	La Altagracia	\N	\N	2026-01-15 18:26:57.145+00
38	Nazaret	Higüey	La Altagracia	\N	\N	2026-01-15 18:26:57.16+00
39	San Francisco	Higüey	La Altagracia	\N	\N	2026-01-15 18:26:57.174+00
40	San José	Higüey	La Altagracia	\N	\N	2026-01-15 18:26:57.188+00
41	San Martín	Higüey	La Altagracia	\N	\N	2026-01-15 18:26:57.203+00
42	San Pedro	Higüey	La Altagracia	\N	\N	2026-01-15 18:26:57.221+00
43	Santa Cruz	Higüey	La Altagracia	\N	\N	2026-01-15 18:26:57.235+00
44	Santana	Higüey	La Altagracia	\N	\N	2026-01-15 18:26:57.247+00
45	Savica	Higüey	La Altagracia	\N	\N	2026-01-15 18:26:57.259+00
46	Villa Cerro	Higüey	La Altagracia	\N	\N	2026-01-15 18:26:57.271+00
47	Villa Hortensia	Higüey	La Altagracia	\N	\N	2026-01-15 18:26:57.282+00
48	Villa María	Higüey	La Altagracia	\N	\N	2026-01-15 18:26:57.294+00
49	Villa Palmera	Higüey	La Altagracia	\N	\N	2026-01-15 18:26:57.305+00
50	Villa Progreso	Higüey	La Altagracia	\N	\N	2026-01-15 18:26:57.318+00
51	Yuma	Higüey	La Altagracia	\N	\N	2026-01-15 18:26:57.329+00
\.


--
-- Data for Name: notificaciones_app_notification; Type: TABLE DATA; Schema: public; Owner: -
--

COPY public.notificaciones_app_notification (id, titulo, mensaje, url_destino, tipo, leida, fecha_creacion, usuario_id) FROM stdin;
1	Nuevo miembro registrado	Jonathan Del Rosario ha sido añadido al sistema.	/miembros/detalle/1/	success	t	2026-01-23 15:19:23.70446+00	1
3	🗓️ Nueva actividad agendada	culto de prueba • 30/01/2026	/agenda/actividad/1/	info	t	2026-01-24 21:53:14.619822+00	1
6	🗓️ Nueva actividad agendada	Reunión de líderes • 20/02/2026	/agenda/actividad/2/	info	t	2026-01-25 01:05:26.887269+00	1
7	Nuevo creyente registrado	Ramon Felix ha entregado su vida a Cristo.	/miembros/nuevos-creyentes/editar/7/	info	t	2026-01-25 13:19:55.089556+00	1
8	🧪 Prueba desde shell	Si ves esto, el signal funciona	/	info	t	2026-01-25 19:56:19.034734+00	1
11	🗓️ Nueva actividad agendada	gfgfgfgfgfg • 28/01/2026	/agenda/actividad/3/	info	t	2026-01-25 19:59:21.567921+00	1
2	🗓️ Nueva actividad agendada	culto de prueba • 30/01/2026	/agenda/actividad/1/	info	t	2026-01-24 21:53:14.61456+00	2
4	🗓️ Nueva actividad agendada	Reunión de líderes • 20/02/2026	/agenda/actividad/2/	info	t	2026-01-25 01:05:26.875841+00	2
9	🗓️ Nueva actividad agendada	gfgfgfgfgfg • 28/01/2026	/agenda/actividad/3/	info	t	2026-01-25 19:59:21.55932+00	2
5	🗓️ Nueva actividad agendada	Reunión de líderes • 20/02/2026	/agenda/actividad/2/	info	t	2026-01-25 01:05:26.882099+00	3
10	🗓️ Nueva actividad agendada	gfgfgfgfgfg • 28/01/2026	/agenda/actividad/3/	info	t	2026-01-25 19:59:21.563892+00	3
17	🗓️ Nueva actividad agendada	culto familiar • 31/01/2026	/agenda/actividad/4/	info	f	2026-01-30 14:53:18.421758+00	4
21	🗓️ Nueva actividad agendada	hola munfo • 31/01/2026	/agenda/actividad/5/	info	f	2026-01-30 15:23:14.338884+00	4
25	🗓️ Nueva actividad agendada	hola mundo • 30/01/2026	/agenda/actividad/6/	info	f	2026-01-30 18:20:02.724801+00	4
29	🗓️ Nueva actividad agendada	hola mundo 1 • 30/01/2026	/agenda/actividad/7/	info	f	2026-01-30 19:09:29.077238+00	4
12	Nuevo miembro registrado	Leonel Del Rosario ha sido añadido al sistema.	/miembros/detalle/9/	success	t	2026-01-26 13:01:03.753911+00	1
13	Nuevo miembro registrado	Juan Salvador ha sido añadido al sistema.	/miembros/detalle/10/	success	t	2026-01-26 14:56:05.786377+00	1
14	Nuevo miembro registrado	Rosa Alcantara ha sido añadido al sistema.	/miembros/detalle/11/	success	t	2026-01-26 14:57:05.827907+00	1
15	Nuevo miembro registrado	Victoria Castillo ha sido añadido al sistema.	/miembros/detalle/12/	success	t	2026-01-26 15:56:22.605699+00	1
16	Nuevo miembro registrado	Jonah Del Rosario ha sido añadido al sistema.	/miembros/detalle/13/	success	t	2026-01-26 16:03:17.726561+00	1
18	🗓️ Nueva actividad agendada	culto familiar • 31/01/2026	/agenda/actividad/4/	info	t	2026-01-30 14:53:18.425617+00	1
22	🗓️ Nueva actividad agendada	hola munfo • 31/01/2026	/agenda/actividad/5/	info	t	2026-01-30 15:23:14.418987+00	1
26	🗓️ Nueva actividad agendada	hola mundo • 30/01/2026	/agenda/actividad/6/	info	t	2026-01-30 18:20:02.727073+00	1
30	🗓️ Nueva actividad agendada	hola mundo 1 • 30/01/2026	/agenda/actividad/7/	info	t	2026-01-30 19:09:29.08044+00	1
34	🗓️ Nueva actividad agendada	hola mundo 2 • 30/01/2026	/agenda/actividad/8/	info	f	2026-01-30 19:49:06.315424+00	4
38	🗓️ Nueva actividad agendada	Prueba • 30/01/2026	/agenda/actividad/9/	info	f	2026-01-30 20:18:31.718387+00	4
42	🗓️ Nueva actividad agendada	hola a todos • 30/01/2026	/agenda/actividad/10/	info	f	2026-01-30 20:31:16.894309+00	4
46	🗓️ Nueva actividad agendada	cada 10 minutos • 30/01/2026	/agenda/actividad/11/	info	f	2026-01-30 20:54:18.736675+00	4
50	🗓️ Nueva actividad agendada	otra 1 • 30/01/2026	/agenda/actividad/12/	info	f	2026-01-30 21:01:57.813068+00	4
19	🗓️ Nueva actividad agendada	culto familiar • 31/01/2026	/agenda/actividad/4/	info	t	2026-01-30 14:53:18.806272+00	3
23	🗓️ Nueva actividad agendada	hola munfo • 31/01/2026	/agenda/actividad/5/	info	t	2026-01-30 15:23:14.871755+00	3
33	Nuevo creyente registrado	hola mundo mundo ha entregado su vida a Cristo.	/miembros/nuevos-creyentes/editar/56/	info	t	2026-01-30 19:35:18.021239+00	1
36	🗓️ Nueva actividad agendada	hola mundo 2 • 30/01/2026	/agenda/actividad/8/	info	t	2026-01-30 19:49:06.323899+00	1
40	🗓️ Nueva actividad agendada	Prueba • 30/01/2026	/agenda/actividad/9/	info	t	2026-01-30 20:18:31.726129+00	1
44	🗓️ Nueva actividad agendada	hola a todos • 30/01/2026	/agenda/actividad/10/	info	t	2026-01-30 20:31:17.112084+00	1
48	🗓️ Nueva actividad agendada	cada 10 minutos • 30/01/2026	/agenda/actividad/11/	info	t	2026-01-30 20:54:18.923149+00	1
52	🗓️ Nueva actividad agendada	otra 1 • 30/01/2026	/agenda/actividad/12/	info	t	2026-01-30 21:01:57.986678+00	1
20	🗓️ Nueva actividad agendada	culto familiar • 31/01/2026	/agenda/actividad/4/	info	t	2026-01-30 14:53:18.95852+00	2
24	🗓️ Nueva actividad agendada	hola munfo • 31/01/2026	/agenda/actividad/5/	info	t	2026-01-30 15:23:15.012507+00	2
28	🗓️ Nueva actividad agendada	hola mundo • 30/01/2026	/agenda/actividad/6/	info	t	2026-01-30 18:20:02.730677+00	2
32	🗓️ Nueva actividad agendada	hola mundo 1 • 30/01/2026	/agenda/actividad/7/	info	t	2026-01-30 19:09:29.088795+00	2
37	🗓️ Nueva actividad agendada	hola mundo 2 • 30/01/2026	/agenda/actividad/8/	info	t	2026-01-30 19:49:06.326037+00	2
41	🗓️ Nueva actividad agendada	Prueba • 30/01/2026	/agenda/actividad/9/	info	t	2026-01-30 20:18:31.729618+00	2
45	🗓️ Nueva actividad agendada	hola a todos • 30/01/2026	/agenda/actividad/10/	info	t	2026-01-30 20:31:17.480153+00	2
49	🗓️ Nueva actividad agendada	cada 10 minutos • 30/01/2026	/agenda/actividad/11/	info	t	2026-01-30 20:54:19.299021+00	2
53	🗓️ Nueva actividad agendada	otra 1 • 30/01/2026	/agenda/actividad/12/	info	t	2026-01-30 21:01:58.354993+00	2
27	🗓️ Nueva actividad agendada	hola mundo • 30/01/2026	/agenda/actividad/6/	info	t	2026-01-30 18:20:02.728916+00	3
31	🗓️ Nueva actividad agendada	hola mundo 1 • 30/01/2026	/agenda/actividad/7/	info	t	2026-01-30 19:09:29.083542+00	3
35	🗓️ Nueva actividad agendada	hola mundo 2 • 30/01/2026	/agenda/actividad/8/	info	t	2026-01-30 19:49:06.319938+00	3
39	🗓️ Nueva actividad agendada	Prueba • 30/01/2026	/agenda/actividad/9/	info	t	2026-01-30 20:18:31.723144+00	3
43	🗓️ Nueva actividad agendada	hola a todos • 30/01/2026	/agenda/actividad/10/	info	t	2026-01-30 20:31:16.908317+00	3
47	🗓️ Nueva actividad agendada	cada 10 minutos • 30/01/2026	/agenda/actividad/11/	info	t	2026-01-30 20:54:18.74336+00	3
51	🗓️ Nueva actividad agendada	otra 1 • 30/01/2026	/agenda/actividad/12/	info	t	2026-01-30 21:01:57.819462+00	3
54	🗓️ Nueva actividad agendada	hola mundo 5 • 30/01/2026	/agenda/actividad/13/	info	f	2026-01-30 21:29:50.035922+00	4
58	🗓️ Nueva actividad agendada	hola mundo 6 • 30/01/2026	/agenda/actividad/14/	info	f	2026-01-30 21:33:56.171176+00	4
62	🗓️ Nueva actividad agendada	Hola mundo 98 • 30/01/2026	/agenda/actividad/15/	info	f	2026-01-31 00:19:06.430115+00	4
56	🗓️ Nueva actividad agendada	hola mundo 5 • 30/01/2026	/agenda/actividad/13/	info	t	2026-01-30 21:29:50.357197+00	1
60	🗓️ Nueva actividad agendada	hola mundo 6 • 30/01/2026	/agenda/actividad/14/	info	t	2026-01-30 21:33:56.495205+00	1
63	🗓️ Nueva actividad agendada	Hola mundo 98 • 30/01/2026	/agenda/actividad/15/	info	t	2026-01-31 00:19:06.433994+00	1
57	🗓️ Nueva actividad agendada	hola mundo 5 • 30/01/2026	/agenda/actividad/13/	info	t	2026-01-30 21:29:50.728834+00	2
61	🗓️ Nueva actividad agendada	hola mundo 6 • 30/01/2026	/agenda/actividad/14/	info	t	2026-01-30 21:33:56.903108+00	2
65	🗓️ Nueva actividad agendada	Hola mundo 98 • 30/01/2026	/agenda/actividad/15/	info	t	2026-01-31 00:19:06.828406+00	2
66	🗓️ Nueva actividad agendada	Culto familia • 09/08/2026	/agenda/actividad/16/	info	f	2026-02-14 00:23:56.199204+00	4
67	🗓️ Nueva actividad agendada	Culto familia • 09/08/2026	/agenda/actividad/16/	info	f	2026-02-14 00:23:56.206016+00	2
69	🗓️ Nueva actividad agendada	Culto familia • 09/08/2026	/agenda/actividad/16/	info	t	2026-02-14 00:23:56.410468+00	1
70	🗓️ Nueva actividad agendada	Culto en la malena • 17/02/2026	/agenda/actividad/17/	info	f	2026-02-16 22:57:44.149025+00	4
71	🗓️ Nueva actividad agendada	Culto en la malena • 17/02/2026	/agenda/actividad/17/	info	f	2026-02-16 22:57:44.184444+00	5
73	🗓️ Nueva actividad agendada	Culto en la malena • 17/02/2026	/agenda/actividad/17/	info	f	2026-02-16 22:57:44.977029+00	2
75	📅 Nueva actividad agendada	Se ha programado: Culto relampago (2026-02-20)	/agenda/	info	f	2026-02-19 16:35:13.290349+00	4
76	📅 Nueva actividad agendada	Se ha programado: Culto relampago (2026-02-20)	/agenda/	info	f	2026-02-19 16:35:13.30318+00	5
78	📅 Nueva actividad agendada	Se ha programado: Culto relampago (2026-02-20)	/agenda/	info	f	2026-02-19 16:35:13.985172+00	2
55	🗓️ Nueva actividad agendada	hola mundo 5 • 30/01/2026	/agenda/actividad/13/	info	t	2026-01-30 21:29:50.042364+00	3
59	🗓️ Nueva actividad agendada	hola mundo 6 • 30/01/2026	/agenda/actividad/14/	info	t	2026-01-30 21:33:56.176135+00	3
64	🗓️ Nueva actividad agendada	Hola mundo 98 • 30/01/2026	/agenda/actividad/15/	info	t	2026-01-31 00:19:06.635103+00	3
68	🗓️ Nueva actividad agendada	Culto familia • 09/08/2026	/agenda/actividad/16/	info	t	2026-02-14 00:23:56.211063+00	3
74	🗓️ Nueva actividad agendada	Culto en la malena • 17/02/2026	/agenda/actividad/17/	info	t	2026-02-16 22:57:44.984766+00	3
79	📅 Nueva actividad agendada	Se ha programado: Culto relampago (2026-02-20)	/agenda/	info	t	2026-02-19 16:35:14.031532+00	3
72	🗓️ Nueva actividad agendada	Culto en la malena • 17/02/2026	/agenda/actividad/17/	info	t	2026-02-16 22:57:44.205024+00	1
77	📅 Nueva actividad agendada	Se ha programado: Culto relampago (2026-02-20)	/agenda/	info	t	2026-02-19 16:35:13.316314+00	1
\.


--
-- Data for Name: notificaciones_app_pushsubscription; Type: TABLE DATA; Schema: public; Owner: -
--

COPY public.notificaciones_app_pushsubscription (id, endpoint, p256dh, auth, user_agent, activo, creado_en, actualizado_en, user_id) FROM stdin;
3	https://web.push.apple.com/QFlw4e5w5F08qLf7B8xCse2vSwzWxnQkH5cn_3wmj2SvmctQhXVDQh2WgpwX5mKjbMqvjYkSbJdTLMLyOhSHt3OG-3Gp9jX9H1IfomhZCteP69kQOQPttNn8m5WxvaAwJ_25V5151ueZ6rCU7aJUDwI8OmA0QZizZ0rWPBtR_lk	BAWwx7NeU9yHUXFJiQBpAeJeC95mWQCCZzImUxJx-g2Ilt1y06jQIxg-K1CymRnmrwpf0h2hRV4Dv2154bsuAB0	5aKrZFVEQ37fvLaq0y7Rdw	Mozilla/5.0 (iPhone; CPU iPhone OS 18_6 like Mac OS X) AppleWebKit/605.1.15 (KHTML, like Gecko) Version/18.6 Mobile/15E148 Safari/604.1	f	2026-01-30 14:48:33.569495+00	2026-01-31 00:17:48.66088+00	3
12	https://fcm.googleapis.com/fcm/send/f71TRcutgbM:APA91bGX58aeTqAP-ZCns_LS8eGJ4l0Slz2qd9uXj83SrgE0AzR7OvOh2qqPc3tb9TwvCNuj9pjpHTJ18C_pMAjvMREChBBtu0Jc9k6hI6O4NF5VFT8XUjDYf6nopZNB5OuiIO-jLc6u	BNu7gystpAd7TkFQTgmvKrvA1H3ZEt5Q7racnMSC5y7n7F5wLa8joQ7YygkPTdhgmmQ7PfoRRQpgzGHbzNlXuCg	DWh9O7NEkiaMaJsihjp4tA	Mozilla/5.0 (Windows NT 10.0; Win64; x64) AppleWebKit/537.36 (KHTML, like Gecko) Chrome/144.0.0.0 Safari/537.36	t	2026-02-02 17:46:07.73323+00	2026-02-16 17:47:42.67321+00	1
10	https://web.push.apple.com/QOVD23PJT2lwpCgcGlEz7rCNc-IQBbBVqte_MQcFaxJ6vsAPfrFQria_Py2vbX8CtRLlmI6wxr0pZljD8N4W8t9anYEzM2peGZxSNIJ_RVCie57mhv1_UoSIduuMjtkNkPKEIB84WNiJBrWt5QMYRcxHzXMJ1TTMlAEefHlwiQI	BJcJYjmpsXGAkD2XqJyBrIntcx17WqYpU1VQNtFWaYr7SavUZuYjPztDCX41xyQ8S1WPc5WujlvyjAIgUwmkXVc	dqT4SeaSyOfse2m1apwIUA	Mozilla/5.0 (iPhone; CPU iPhone OS 18_2 like Mac OS X) AppleWebKit/605.1.15 (KHTML, like Gecko) Version/18.2 Mobile/15E148 Safari/604.1	t	2026-01-31 06:45:34.602139+00	2026-02-14 05:00:40.948822+00	1
8	https://fcm.googleapis.com/fcm/send/d7VU816wCFw:APA91bEDDDUvChQ5THRXR9M7w_RnCGNbJu8sLBZZA-XCr_9cSiLPFmHaQqyrCRANyMybNFpb4wb-gf-IPOrtWSisL0S5B3LqyomPOWJLDUhTlf-sGNmUPQrBSwXhTOLMWFt9Q-lSD9hw	BF2oIngFAC5MJONvJoHoUVBhSPuQbFsA3pLfT3qz6vYsbgZkVy9a8ebHtDgZWOAO7rF4ByIIkBM2xqLpauq_Zhw	XJZX6gXnM-27tyA6mi3kkA	Mozilla/5.0 (Linux; Android 10; K) AppleWebKit/537.36 (KHTML, like Gecko) Chrome/145.0.0.0 Mobile Safari/537.36	t	2026-01-30 21:33:16.781371+00	2026-02-21 17:33:08.816316+00	1
9	https://web.push.apple.com/QNbOPXkG3tnRgOw9SOy3RTHB8fbojB72EfCKmPk9HJVD8DLlL0XU5oNtN4-qt-OlJDM09Pn7TFP_ASBzJS1QqkwgaUALwpB6FN9NHTkQoNN8_TKw0i1fKeF5QzZ5LjCrvR2zzk9n0bf-USE6o9ia1nkGIf5OLWQY2zYR2WbR5kQ	BMhuAA8yX_QhOK_p4cwm1sck18PggkCvS5m5v6jQoiNJ-hn4Nl4esr4Sb2TCst7KQbMdWkA9TqKSIrczbct76L8	sVVq0Kb6fyi81HnagloyYQ	Mozilla/5.0 (iPhone; CPU iPhone OS 18_6 like Mac OS X) AppleWebKit/605.1.15 (KHTML, like Gecko) Version/18.6 Mobile/15E148 Safari/604.1	t	2026-01-31 00:17:51.000356+00	2026-02-20 12:18:59.308011+00	3
11	https://fcm.googleapis.com/fcm/send/eGr9kNbjqwg:APA91bEEUhxhDFRLeJKoMqwd4pHOl0RnTP6AXK2TRVXnFmi3xO2HCAOENL1G7fwEnTi0HSG_q6qb-T0Jrf6m2EBbNWSh4PoobTPrkquwl1f_6ECtwK0b61TlCzYh3ObARF9Ocr1upulp	BIr3dF0A8bR_y-Y225XFvXUIJpyZPGb9e_R76IxNjk4cLQmXWxi-x7KTsBiGuPW0KomPOV2THH5AMw5C1yjo4_A	ADsHkI-YgHYVe8ilhf0J7A	Mozilla/5.0 (Macintosh; Intel Mac OS X 10_15_7) AppleWebKit/537.36 (KHTML, like Gecko) Chrome/144.0.0.0 Safari/537.36	t	2026-02-01 17:20:30.347067+00	2026-02-19 00:52:37.822446+00	1
\.


--
-- Data for Name: nuevo_creyente_app_nuevocreyentebitacora; Type: TABLE DATA; Schema: public; Owner: -
--

COPY public.nuevo_creyente_app_nuevocreyentebitacora (id, tipo, titulo, detalle, canal, resultado_contacto, etapa_from, etapa_to, padre_miembro_id, padre_nombre, padre_accion, fecha, creado_por_id, expediente_id) FROM stdin;
1	accion	Visita registrada	lo visite y es muy motivado	reunion	visita			\N			2026-01-25 17:01:11.542884+00	1	1
2	etapa	Cambio de etapa	De: INICIO → PRIMER_CONTACTO			INICIO	PRIMER_CONTACTO	\N			2026-01-25 17:01:11.55166+00	1	1
\.


--
-- Data for Name: nuevo_creyente_app_nuevocreyenteexpediente; Type: TABLE DATA; Schema: public; Owner: -
--

COPY public.nuevo_creyente_app_nuevocreyenteexpediente (id, estado, fecha_envio, fecha_cierre, proximo_contacto, notas, fecha_creacion, fecha_actualizacion, miembro_id, responsable_id, unidad_responsable_id, etapa) FROM stdin;
1	EN_SEGUIMIENTO	2026-01-25 16:58:23.290928+00	\N	2026-01-27		2026-01-25 16:58:23.291156+00	2026-01-25 17:01:11.546716+00	7	1	\N	PRIMER_CONTACTO
\.


--
-- Data for Name: nuevo_creyente_app_nuevocreyentepadreespiritual; Type: TABLE DATA; Schema: public; Owner: -
--

COPY public.nuevo_creyente_app_nuevocreyentepadreespiritual (id, fecha_asignacion, activo, expediente_id, padre_id) FROM stdin;
\.


--
-- Data for Name: votacion_app_candidato; Type: TABLE DATA; Schema: public; Owner: -
--

COPY public.votacion_app_candidato (id, nombre, descripcion, orden, activo, votacion_id, miembro_id) FROM stdin;
\.


--
-- Data for Name: votacion_app_listacandidatos; Type: TABLE DATA; Schema: public; Owner: -
--

COPY public.votacion_app_listacandidatos (id, nombre, codigo_lista, estado, fecha_creacion, fecha_confirmacion, notas) FROM stdin;
1	Nueva lista de candidatos	\N	BORRADOR	2026-01-26 22:25:18.271004+00	\N	
\.


--
-- Data for Name: votacion_app_listacandidatositem; Type: TABLE DATA; Schema: public; Owner: -
--

COPY public.votacion_app_listacandidatositem (id, orden, observacion, lista_id, miembro_id) FROM stdin;
\.


--
-- Data for Name: votacion_app_ronda; Type: TABLE DATA; Schema: public; Owner: -
--

COPY public.votacion_app_ronda (id, numero, nombre, estado, fecha_inicio, fecha_fin, votacion_id) FROM stdin;
\.


--
-- Data for Name: votacion_app_votacion; Type: TABLE DATA; Schema: public; Owner: -
--

COPY public.votacion_app_votacion (id, nombre, descripcion, tipo, estado, total_habilitados, regla_ganador, numero_cargos, permite_empates, fecha_inicio, fecha_fin, permite_voto_remoto, observaciones_internas, creada_el, actualizada_el, edad_minima_candidato, miembros_presentes, tipo_quorum, valor_quorum, votos_minimos_requeridos, base_quorum, mostrar_conteo_en_vivo) FROM stdin;
\.


--
-- Data for Name: votacion_app_voto; Type: TABLE DATA; Schema: public; Owner: -
--

COPY public.votacion_app_voto (id, tablet_id, emitido_el, candidato_id, miembro_id, votacion_id, ronda_id) FROM stdin;
\.


--
-- Name: actualizacion_datos_miembros_accesoactualizaciondatos_id_seq; Type: SEQUENCE SET; Schema: public; Owner: -
--

SELECT pg_catalog.setval('public.actualizacion_datos_miembros_accesoactualizaciondatos_id_seq', 48, true);


--
-- Name: actualizacion_datos_miembros_accesoaltafamilia_id_seq; Type: SEQUENCE SET; Schema: public; Owner: -
--

SELECT pg_catalog.setval('public.actualizacion_datos_miembros_accesoaltafamilia_id_seq', 1, false);


--
-- Name: actualizacion_datos_miembros_actualizaciondatosconfig_id_seq; Type: SEQUENCE SET; Schema: public; Owner: -
--

SELECT pg_catalog.setval('public.actualizacion_datos_miembros_actualizaciondatosconfig_id_seq', 1, false);


--
-- Name: actualizacion_datos_miembros_altafamilialog_id_seq; Type: SEQUENCE SET; Schema: public; Owner: -
--

SELECT pg_catalog.setval('public.actualizacion_datos_miembros_altafamilialog_id_seq', 1, false);


--
-- Name: actualizacion_datos_miembros_altamasivaconfig_id_seq; Type: SEQUENCE SET; Schema: public; Owner: -
--

SELECT pg_catalog.setval('public.actualizacion_datos_miembros_altamasivaconfig_id_seq', 1, false);


--
-- Name: actualizacion_datos_miembros_solicitudactualizacionmiemb_id_seq; Type: SEQUENCE SET; Schema: public; Owner: -
--

SELECT pg_catalog.setval('public.actualizacion_datos_miembros_solicitudactualizacionmiemb_id_seq', 1, false);


--
-- Name: actualizacion_datos_miembros_solicitudaltamiembro_id_seq; Type: SEQUENCE SET; Schema: public; Owner: -
--

SELECT pg_catalog.setval('public.actualizacion_datos_miembros_solicitudaltamiembro_id_seq', 49, true);


--
-- Name: agenda_app_actividad_id_seq; Type: SEQUENCE SET; Schema: public; Owner: -
--

SELECT pg_catalog.setval('public.agenda_app_actividad_id_seq', 18, true);


--
-- Name: agenda_app_actividadrecordatorio_id_seq; Type: SEQUENCE SET; Schema: public; Owner: -
--

SELECT pg_catalog.setval('public.agenda_app_actividadrecordatorio_id_seq', 8, true);


--
-- Name: auth_group_id_seq; Type: SEQUENCE SET; Schema: public; Owner: -
--

SELECT pg_catalog.setval('public.auth_group_id_seq', 4, true);


--
-- Name: auth_group_permissions_id_seq; Type: SEQUENCE SET; Schema: public; Owner: -
--

SELECT pg_catalog.setval('public.auth_group_permissions_id_seq', 614, true);


--
-- Name: auth_permission_id_seq; Type: SEQUENCE SET; Schema: public; Owner: -
--

SELECT pg_catalog.setval('public.auth_permission_id_seq', 306, true);


--
-- Name: auth_user_groups_id_seq; Type: SEQUENCE SET; Schema: public; Owner: -
--

SELECT pg_catalog.setval('public.auth_user_groups_id_seq', 12, true);


--
-- Name: auth_user_id_seq; Type: SEQUENCE SET; Schema: public; Owner: -
--

SELECT pg_catalog.setval('public.auth_user_id_seq', 5, true);


--
-- Name: auth_user_user_permissions_id_seq; Type: SEQUENCE SET; Schema: public; Owner: -
--

SELECT pg_catalog.setval('public.auth_user_user_permissions_id_seq', 1, false);


--
-- Name: codigo_qr_qrenvio_id_seq; Type: SEQUENCE SET; Schema: public; Owner: -
--

SELECT pg_catalog.setval('public.codigo_qr_qrenvio_id_seq', 2, true);


--
-- Name: codigo_qr_qrscanlog_id_seq; Type: SEQUENCE SET; Schema: public; Owner: -
--

SELECT pg_catalog.setval('public.codigo_qr_qrscanlog_id_seq', 1, false);


--
-- Name: codigo_qr_qrtoken_id_seq; Type: SEQUENCE SET; Schema: public; Owner: -
--

SELECT pg_catalog.setval('public.codigo_qr_qrtoken_id_seq', 2, true);


--
-- Name: core_configuracionsistema_id_seq; Type: SEQUENCE SET; Schema: public; Owner: -
--

SELECT pg_catalog.setval('public.core_configuracionsistema_id_seq', 1, true);


--
-- Name: core_documentocompartido_id_seq; Type: SEQUENCE SET; Schema: public; Owner: -
--

SELECT pg_catalog.setval('public.core_documentocompartido_id_seq', 20, true);


--
-- Name: core_module_id_seq; Type: SEQUENCE SET; Schema: public; Owner: -
--

SELECT pg_catalog.setval('public.core_module_id_seq', 13, true);


--
-- Name: core_userengagement_id_seq; Type: SEQUENCE SET; Schema: public; Owner: -
--

SELECT pg_catalog.setval('public.core_userengagement_id_seq', 1, false);


--
-- Name: core_userloginhistory_id_seq; Type: SEQUENCE SET; Schema: public; Owner: -
--

SELECT pg_catalog.setval('public.core_userloginhistory_id_seq', 96, true);


--
-- Name: core_usuariotemporal_id_seq; Type: SEQUENCE SET; Schema: public; Owner: -
--

SELECT pg_catalog.setval('public.core_usuariotemporal_id_seq', 1, false);


--
-- Name: django_admin_log_id_seq; Type: SEQUENCE SET; Schema: public; Owner: -
--

SELECT pg_catalog.setval('public.django_admin_log_id_seq', 72, true);


--
-- Name: django_content_type_id_seq; Type: SEQUENCE SET; Schema: public; Owner: -
--

SELECT pg_catalog.setval('public.django_content_type_id_seq', 76, true);


--
-- Name: django_migrations_id_seq; Type: SEQUENCE SET; Schema: public; Owner: -
--

SELECT pg_catalog.setval('public.django_migrations_id_seq', 165, true);


--
-- Name: estructura_app_actividadunidad_id_seq; Type: SEQUENCE SET; Schema: public; Owner: -
--

SELECT pg_catalog.setval('public.estructura_app_actividadunidad_id_seq', 1, false);


--
-- Name: estructura_app_actividadunidad_participantes_id_seq; Type: SEQUENCE SET; Schema: public; Owner: -
--

SELECT pg_catalog.setval('public.estructura_app_actividadunidad_participantes_id_seq', 1, false);


--
-- Name: estructura_app_categoriaunidad_id_seq; Type: SEQUENCE SET; Schema: public; Owner: -
--

SELECT pg_catalog.setval('public.estructura_app_categoriaunidad_id_seq', 3, true);


--
-- Name: estructura_app_movimientounidad_id_seq; Type: SEQUENCE SET; Schema: public; Owner: -
--

SELECT pg_catalog.setval('public.estructura_app_movimientounidad_id_seq', 1, false);


--
-- Name: estructura_app_movimientounidadlog_id_seq; Type: SEQUENCE SET; Schema: public; Owner: -
--

SELECT pg_catalog.setval('public.estructura_app_movimientounidadlog_id_seq', 1, false);


--
-- Name: estructura_app_reporteunidadcierre_id_seq; Type: SEQUENCE SET; Schema: public; Owner: -
--

SELECT pg_catalog.setval('public.estructura_app_reporteunidadcierre_id_seq', 1, false);


--
-- Name: estructura_app_reporteunidadperiodo_id_seq; Type: SEQUENCE SET; Schema: public; Owner: -
--

SELECT pg_catalog.setval('public.estructura_app_reporteunidadperiodo_id_seq', 1, false);


--
-- Name: estructura_app_rolunidad_id_seq; Type: SEQUENCE SET; Schema: public; Owner: -
--

SELECT pg_catalog.setval('public.estructura_app_rolunidad_id_seq', 3, true);


--
-- Name: estructura_app_tipounidad_id_seq; Type: SEQUENCE SET; Schema: public; Owner: -
--

SELECT pg_catalog.setval('public.estructura_app_tipounidad_id_seq', 6, true);


--
-- Name: estructura_app_unidad_id_seq; Type: SEQUENCE SET; Schema: public; Owner: -
--

SELECT pg_catalog.setval('public.estructura_app_unidad_id_seq', 1, true);


--
-- Name: estructura_app_unidadcargo_id_seq; Type: SEQUENCE SET; Schema: public; Owner: -
--

SELECT pg_catalog.setval('public.estructura_app_unidadcargo_id_seq', 2, true);


--
-- Name: estructura_app_unidadmembresia_id_seq; Type: SEQUENCE SET; Schema: public; Owner: -
--

SELECT pg_catalog.setval('public.estructura_app_unidadmembresia_id_seq', 3, true);


--
-- Name: evaluaciones_app_evaluacionmiembro_id_seq; Type: SEQUENCE SET; Schema: public; Owner: -
--

SELECT pg_catalog.setval('public.evaluaciones_app_evaluacionmiembro_id_seq', 1, false);


--
-- Name: evaluaciones_app_evaluacionperfilunidad_id_seq; Type: SEQUENCE SET; Schema: public; Owner: -
--

SELECT pg_catalog.setval('public.evaluaciones_app_evaluacionperfilunidad_id_seq', 1, false);


--
-- Name: evaluaciones_app_evaluacionunidad_id_seq; Type: SEQUENCE SET; Schema: public; Owner: -
--

SELECT pg_catalog.setval('public.evaluaciones_app_evaluacionunidad_id_seq', 1, false);


--
-- Name: finanzas_app_adjuntomovimiento_id_seq; Type: SEQUENCE SET; Schema: public; Owner: -
--

SELECT pg_catalog.setval('public.finanzas_app_adjuntomovimiento_id_seq', 1, false);


--
-- Name: finanzas_app_casillaf001_id_seq; Type: SEQUENCE SET; Schema: public; Owner: -
--

SELECT pg_catalog.setval('public.finanzas_app_casillaf001_id_seq', 69, true);


--
-- Name: finanzas_app_categoriamovimiento_id_seq; Type: SEQUENCE SET; Schema: public; Owner: -
--

SELECT pg_catalog.setval('public.finanzas_app_categoriamovimiento_id_seq', 48, true);


--
-- Name: finanzas_app_cuentafinanciera_id_seq; Type: SEQUENCE SET; Schema: public; Owner: -
--

SELECT pg_catalog.setval('public.finanzas_app_cuentafinanciera_id_seq', 3, true);


--
-- Name: finanzas_app_cuentaporpagar_id_seq; Type: SEQUENCE SET; Schema: public; Owner: -
--

SELECT pg_catalog.setval('public.finanzas_app_cuentaporpagar_id_seq', 2, true);


--
-- Name: finanzas_app_movimientofinanciero_id_seq; Type: SEQUENCE SET; Schema: public; Owner: -
--

SELECT pg_catalog.setval('public.finanzas_app_movimientofinanciero_id_seq', 2, true);


--
-- Name: finanzas_app_proveedorfinanciero_id_seq; Type: SEQUENCE SET; Schema: public; Owner: -
--

SELECT pg_catalog.setval('public.finanzas_app_proveedorfinanciero_id_seq', 1, true);


--
-- Name: formacion_app_asistenciasesion_id_seq; Type: SEQUENCE SET; Schema: public; Owner: -
--

SELECT pg_catalog.setval('public.formacion_app_asistenciasesion_id_seq', 1, false);


--
-- Name: formacion_app_cicloprograma_id_seq; Type: SEQUENCE SET; Schema: public; Owner: -
--

SELECT pg_catalog.setval('public.formacion_app_cicloprograma_id_seq', 1, false);


--
-- Name: formacion_app_grupoformativo_ayudantes_id_seq; Type: SEQUENCE SET; Schema: public; Owner: -
--

SELECT pg_catalog.setval('public.formacion_app_grupoformativo_ayudantes_id_seq', 1, false);


--
-- Name: formacion_app_grupoformativo_id_seq; Type: SEQUENCE SET; Schema: public; Owner: -
--

SELECT pg_catalog.setval('public.formacion_app_grupoformativo_id_seq', 1, true);


--
-- Name: formacion_app_grupoformativo_maestros_id_seq; Type: SEQUENCE SET; Schema: public; Owner: -
--

SELECT pg_catalog.setval('public.formacion_app_grupoformativo_maestros_id_seq', 1, false);


--
-- Name: formacion_app_inscripciongrupo_id_seq; Type: SEQUENCE SET; Schema: public; Owner: -
--

SELECT pg_catalog.setval('public.formacion_app_inscripciongrupo_id_seq', 1, false);


--
-- Name: formacion_app_programaeducativo_id_seq; Type: SEQUENCE SET; Schema: public; Owner: -
--

SELECT pg_catalog.setval('public.formacion_app_programaeducativo_id_seq', 1, true);


--
-- Name: formacion_app_rolformativo_id_seq; Type: SEQUENCE SET; Schema: public; Owner: -
--

SELECT pg_catalog.setval('public.formacion_app_rolformativo_id_seq', 1, true);


--
-- Name: formacion_app_sesiongrupo_id_seq; Type: SEQUENCE SET; Schema: public; Owner: -
--

SELECT pg_catalog.setval('public.formacion_app_sesiongrupo_id_seq', 2, true);


--
-- Name: inventario_app_categoriarecurso_id_seq; Type: SEQUENCE SET; Schema: public; Owner: -
--

SELECT pg_catalog.setval('public.inventario_app_categoriarecurso_id_seq', 3, true);


--
-- Name: inventario_app_movimientorecurso_id_seq; Type: SEQUENCE SET; Schema: public; Owner: -
--

SELECT pg_catalog.setval('public.inventario_app_movimientorecurso_id_seq', 1, false);


--
-- Name: inventario_app_recurso_id_seq; Type: SEQUENCE SET; Schema: public; Owner: -
--

SELECT pg_catalog.setval('public.inventario_app_recurso_id_seq', 3, true);


--
-- Name: inventario_app_ubicacion_id_seq; Type: SEQUENCE SET; Schema: public; Owner: -
--

SELECT pg_catalog.setval('public.inventario_app_ubicacion_id_seq', 1, true);


--
-- Name: miembros_app_clanfamiliar_id_seq; Type: SEQUENCE SET; Schema: public; Owner: -
--

SELECT pg_catalog.setval('public.miembros_app_clanfamiliar_id_seq', 1, false);


--
-- Name: miembros_app_hogarfamiliar_id_seq; Type: SEQUENCE SET; Schema: public; Owner: -
--

SELECT pg_catalog.setval('public.miembros_app_hogarfamiliar_id_seq', 1, true);


--
-- Name: miembros_app_hogarmiembro_id_seq; Type: SEQUENCE SET; Schema: public; Owner: -
--

SELECT pg_catalog.setval('public.miembros_app_hogarmiembro_id_seq', 2, true);


--
-- Name: miembros_app_miembro_id_seq; Type: SEQUENCE SET; Schema: public; Owner: -
--

SELECT pg_catalog.setval('public.miembros_app_miembro_id_seq', 56, true);


--
-- Name: miembros_app_miembro_padres_espirituales_id_seq; Type: SEQUENCE SET; Schema: public; Owner: -
--

SELECT pg_catalog.setval('public.miembros_app_miembro_padres_espirituales_id_seq', 1, false);


--
-- Name: miembros_app_miembrobitacora_id_seq; Type: SEQUENCE SET; Schema: public; Owner: -
--

SELECT pg_catalog.setval('public.miembros_app_miembrobitacora_id_seq', 2, true);


--
-- Name: miembros_app_miembrorelacion_id_seq; Type: SEQUENCE SET; Schema: public; Owner: -
--

SELECT pg_catalog.setval('public.miembros_app_miembrorelacion_id_seq', 338, true);


--
-- Name: miembros_app_razonsalidamiembro_id_seq; Type: SEQUENCE SET; Schema: public; Owner: -
--

SELECT pg_catalog.setval('public.miembros_app_razonsalidamiembro_id_seq', 2, true);


--
-- Name: miembros_app_timelineevent_id_seq; Type: SEQUENCE SET; Schema: public; Owner: -
--

SELECT pg_catalog.setval('public.miembros_app_timelineevent_id_seq', 76, true);


--
-- Name: miembros_app_zonageo_id_seq; Type: SEQUENCE SET; Schema: public; Owner: -
--

SELECT pg_catalog.setval('public.miembros_app_zonageo_id_seq', 51, true);


--
-- Name: notificaciones_app_notification_id_seq; Type: SEQUENCE SET; Schema: public; Owner: -
--

SELECT pg_catalog.setval('public.notificaciones_app_notification_id_seq', 79, true);


--
-- Name: notificaciones_app_pushsubscription_id_seq; Type: SEQUENCE SET; Schema: public; Owner: -
--

SELECT pg_catalog.setval('public.notificaciones_app_pushsubscription_id_seq', 12, true);


--
-- Name: nuevo_creyente_app_nuevocreyentebitacora_id_seq; Type: SEQUENCE SET; Schema: public; Owner: -
--

SELECT pg_catalog.setval('public.nuevo_creyente_app_nuevocreyentebitacora_id_seq', 2, true);


--
-- Name: nuevo_creyente_app_nuevocreyenteexpediente_id_seq; Type: SEQUENCE SET; Schema: public; Owner: -
--

SELECT pg_catalog.setval('public.nuevo_creyente_app_nuevocreyenteexpediente_id_seq', 1, true);


--
-- Name: nuevo_creyente_app_nuevocreyentepadreespiritual_id_seq; Type: SEQUENCE SET; Schema: public; Owner: -
--

SELECT pg_catalog.setval('public.nuevo_creyente_app_nuevocreyentepadreespiritual_id_seq', 1, false);


--
-- Name: votacion_app_candidato_id_seq; Type: SEQUENCE SET; Schema: public; Owner: -
--

SELECT pg_catalog.setval('public.votacion_app_candidato_id_seq', 1, false);


--
-- Name: votacion_app_listacandidatos_id_seq; Type: SEQUENCE SET; Schema: public; Owner: -
--

SELECT pg_catalog.setval('public.votacion_app_listacandidatos_id_seq', 1, true);


--
-- Name: votacion_app_listacandidatositem_id_seq; Type: SEQUENCE SET; Schema: public; Owner: -
--

SELECT pg_catalog.setval('public.votacion_app_listacandidatositem_id_seq', 1, false);


--
-- Name: votacion_app_ronda_id_seq; Type: SEQUENCE SET; Schema: public; Owner: -
--

SELECT pg_catalog.setval('public.votacion_app_ronda_id_seq', 1, false);


--
-- Name: votacion_app_votacion_id_seq; Type: SEQUENCE SET; Schema: public; Owner: -
--

SELECT pg_catalog.setval('public.votacion_app_votacion_id_seq', 1, false);


--
-- Name: votacion_app_voto_id_seq; Type: SEQUENCE SET; Schema: public; Owner: -
--

SELECT pg_catalog.setval('public.votacion_app_voto_id_seq', 1, false);


--
-- Name: actualizacion_datos_miembros_accesoactualizaciondatos actualizacion_datos_miembros_accesoactualizacion_miembro_id_key; Type: CONSTRAINT; Schema: public; Owner: -
--

ALTER TABLE ONLY public.actualizacion_datos_miembros_accesoactualizaciondatos
    ADD CONSTRAINT actualizacion_datos_miembros_accesoactualizacion_miembro_id_key UNIQUE (miembro_id);


--
-- Name: actualizacion_datos_miembros_accesoactualizaciondatos actualizacion_datos_miembros_accesoactualizaciondatos_pkey; Type: CONSTRAINT; Schema: public; Owner: -
--

ALTER TABLE ONLY public.actualizacion_datos_miembros_accesoactualizaciondatos
    ADD CONSTRAINT actualizacion_datos_miembros_accesoactualizaciondatos_pkey PRIMARY KEY (id);


--
-- Name: actualizacion_datos_miembros_accesoactualizaciondatos actualizacion_datos_miembros_accesoactualizaciondatos_token_key; Type: CONSTRAINT; Schema: public; Owner: -
--

ALTER TABLE ONLY public.actualizacion_datos_miembros_accesoactualizaciondatos
    ADD CONSTRAINT actualizacion_datos_miembros_accesoactualizaciondatos_token_key UNIQUE (token);


--
-- Name: actualizacion_datos_miembros_accesoaltafamilia actualizacion_datos_miembros_accesoaltafamilia_pkey; Type: CONSTRAINT; Schema: public; Owner: -
--

ALTER TABLE ONLY public.actualizacion_datos_miembros_accesoaltafamilia
    ADD CONSTRAINT actualizacion_datos_miembros_accesoaltafamilia_pkey PRIMARY KEY (id);


--
-- Name: actualizacion_datos_miembros_accesoaltafamilia actualizacion_datos_miembros_accesoaltafamilia_token_key; Type: CONSTRAINT; Schema: public; Owner: -
--

ALTER TABLE ONLY public.actualizacion_datos_miembros_accesoaltafamilia
    ADD CONSTRAINT actualizacion_datos_miembros_accesoaltafamilia_token_key UNIQUE (token);


--
-- Name: actualizacion_datos_miembros_actualizaciondatosconfig actualizacion_datos_miembros_actualizaciondatosconfig_pkey; Type: CONSTRAINT; Schema: public; Owner: -
--

ALTER TABLE ONLY public.actualizacion_datos_miembros_actualizaciondatosconfig
    ADD CONSTRAINT actualizacion_datos_miembros_actualizaciondatosconfig_pkey PRIMARY KEY (id);


--
-- Name: actualizacion_datos_miembros_altafamilialog actualizacion_datos_miembros_altafamilialog_pkey; Type: CONSTRAINT; Schema: public; Owner: -
--

ALTER TABLE ONLY public.actualizacion_datos_miembros_altafamilialog
    ADD CONSTRAINT actualizacion_datos_miembros_altafamilialog_pkey PRIMARY KEY (id);


--
-- Name: actualizacion_datos_miembros_altamasivaconfig actualizacion_datos_miembros_altamasivaconfig_pkey; Type: CONSTRAINT; Schema: public; Owner: -
--

ALTER TABLE ONLY public.actualizacion_datos_miembros_altamasivaconfig
    ADD CONSTRAINT actualizacion_datos_miembros_altamasivaconfig_pkey PRIMARY KEY (id);


--
-- Name: actualizacion_datos_miembros_solicitudactualizacionmiembro actualizacion_datos_miembros_solicitudactualizacionmiembro_pkey; Type: CONSTRAINT; Schema: public; Owner: -
--

ALTER TABLE ONLY public.actualizacion_datos_miembros_solicitudactualizacionmiembro
    ADD CONSTRAINT actualizacion_datos_miembros_solicitudactualizacionmiembro_pkey PRIMARY KEY (id);


--
-- Name: actualizacion_datos_miembros_solicitudaltamiembro actualizacion_datos_miembros_solicitudaltamiembro_pkey; Type: CONSTRAINT; Schema: public; Owner: -
--

ALTER TABLE ONLY public.actualizacion_datos_miembros_solicitudaltamiembro
    ADD CONSTRAINT actualizacion_datos_miembros_solicitudaltamiembro_pkey PRIMARY KEY (id);


--
-- Name: agenda_app_actividad agenda_app_actividad_pkey; Type: CONSTRAINT; Schema: public; Owner: -
--

ALTER TABLE ONLY public.agenda_app_actividad
    ADD CONSTRAINT agenda_app_actividad_pkey PRIMARY KEY (id);


--
-- Name: agenda_app_actividadrecordatorio agenda_app_actividadreco_actividad_id_minutos_ant_2048ac22_uniq; Type: CONSTRAINT; Schema: public; Owner: -
--

ALTER TABLE ONLY public.agenda_app_actividadrecordatorio
    ADD CONSTRAINT agenda_app_actividadreco_actividad_id_minutos_ant_2048ac22_uniq UNIQUE (actividad_id, minutos_antes);


--
-- Name: agenda_app_actividadrecordatorio agenda_app_actividadrecordatorio_pkey; Type: CONSTRAINT; Schema: public; Owner: -
--

ALTER TABLE ONLY public.agenda_app_actividadrecordatorio
    ADD CONSTRAINT agenda_app_actividadrecordatorio_pkey PRIMARY KEY (id);


--
-- Name: auth_group auth_group_name_key; Type: CONSTRAINT; Schema: public; Owner: -
--

ALTER TABLE ONLY public.auth_group
    ADD CONSTRAINT auth_group_name_key UNIQUE (name);


--
-- Name: auth_group_permissions auth_group_permissions_group_id_permission_id_0cd325b0_uniq; Type: CONSTRAINT; Schema: public; Owner: -
--

ALTER TABLE ONLY public.auth_group_permissions
    ADD CONSTRAINT auth_group_permissions_group_id_permission_id_0cd325b0_uniq UNIQUE (group_id, permission_id);


--
-- Name: auth_group_permissions auth_group_permissions_pkey; Type: CONSTRAINT; Schema: public; Owner: -
--

ALTER TABLE ONLY public.auth_group_permissions
    ADD CONSTRAINT auth_group_permissions_pkey PRIMARY KEY (id);


--
-- Name: auth_group auth_group_pkey; Type: CONSTRAINT; Schema: public; Owner: -
--

ALTER TABLE ONLY public.auth_group
    ADD CONSTRAINT auth_group_pkey PRIMARY KEY (id);


--
-- Name: auth_permission auth_permission_content_type_id_codename_01ab375a_uniq; Type: CONSTRAINT; Schema: public; Owner: -
--

ALTER TABLE ONLY public.auth_permission
    ADD CONSTRAINT auth_permission_content_type_id_codename_01ab375a_uniq UNIQUE (content_type_id, codename);


--
-- Name: auth_permission auth_permission_pkey; Type: CONSTRAINT; Schema: public; Owner: -
--

ALTER TABLE ONLY public.auth_permission
    ADD CONSTRAINT auth_permission_pkey PRIMARY KEY (id);


--
-- Name: auth_user_groups auth_user_groups_pkey; Type: CONSTRAINT; Schema: public; Owner: -
--

ALTER TABLE ONLY public.auth_user_groups
    ADD CONSTRAINT auth_user_groups_pkey PRIMARY KEY (id);


--
-- Name: auth_user_groups auth_user_groups_user_id_group_id_94350c0c_uniq; Type: CONSTRAINT; Schema: public; Owner: -
--

ALTER TABLE ONLY public.auth_user_groups
    ADD CONSTRAINT auth_user_groups_user_id_group_id_94350c0c_uniq UNIQUE (user_id, group_id);


--
-- Name: auth_user auth_user_pkey; Type: CONSTRAINT; Schema: public; Owner: -
--

ALTER TABLE ONLY public.auth_user
    ADD CONSTRAINT auth_user_pkey PRIMARY KEY (id);


--
-- Name: auth_user_user_permissions auth_user_user_permissions_pkey; Type: CONSTRAINT; Schema: public; Owner: -
--

ALTER TABLE ONLY public.auth_user_user_permissions
    ADD CONSTRAINT auth_user_user_permissions_pkey PRIMARY KEY (id);


--
-- Name: auth_user_user_permissions auth_user_user_permissions_user_id_permission_id_14a6b632_uniq; Type: CONSTRAINT; Schema: public; Owner: -
--

ALTER TABLE ONLY public.auth_user_user_permissions
    ADD CONSTRAINT auth_user_user_permissions_user_id_permission_id_14a6b632_uniq UNIQUE (user_id, permission_id);


--
-- Name: auth_user auth_user_username_key; Type: CONSTRAINT; Schema: public; Owner: -
--

ALTER TABLE ONLY public.auth_user
    ADD CONSTRAINT auth_user_username_key UNIQUE (username);


--
-- Name: codigo_qr_qrenvio codigo_qr_qrenvio_pkey; Type: CONSTRAINT; Schema: public; Owner: -
--

ALTER TABLE ONLY public.codigo_qr_qrenvio
    ADD CONSTRAINT codigo_qr_qrenvio_pkey PRIMARY KEY (id);


--
-- Name: codigo_qr_qrscanlog codigo_qr_qrscanlog_pkey; Type: CONSTRAINT; Schema: public; Owner: -
--

ALTER TABLE ONLY public.codigo_qr_qrscanlog
    ADD CONSTRAINT codigo_qr_qrscanlog_pkey PRIMARY KEY (id);


--
-- Name: codigo_qr_qrtoken codigo_qr_qrtoken_miembro_id_key; Type: CONSTRAINT; Schema: public; Owner: -
--

ALTER TABLE ONLY public.codigo_qr_qrtoken
    ADD CONSTRAINT codigo_qr_qrtoken_miembro_id_key UNIQUE (miembro_id);


--
-- Name: codigo_qr_qrtoken codigo_qr_qrtoken_pkey; Type: CONSTRAINT; Schema: public; Owner: -
--

ALTER TABLE ONLY public.codigo_qr_qrtoken
    ADD CONSTRAINT codigo_qr_qrtoken_pkey PRIMARY KEY (id);


--
-- Name: codigo_qr_qrtoken codigo_qr_qrtoken_token_key; Type: CONSTRAINT; Schema: public; Owner: -
--

ALTER TABLE ONLY public.codigo_qr_qrtoken
    ADD CONSTRAINT codigo_qr_qrtoken_token_key UNIQUE (token);


--
-- Name: core_configuracionsistema core_configuracionsistema_pkey; Type: CONSTRAINT; Schema: public; Owner: -
--

ALTER TABLE ONLY public.core_configuracionsistema
    ADD CONSTRAINT core_configuracionsistema_pkey PRIMARY KEY (id);


--
-- Name: core_documentocompartido core_documentocompartido_pkey; Type: CONSTRAINT; Schema: public; Owner: -
--

ALTER TABLE ONLY public.core_documentocompartido
    ADD CONSTRAINT core_documentocompartido_pkey PRIMARY KEY (id);


--
-- Name: core_documentocompartido core_documentocompartido_token_key; Type: CONSTRAINT; Schema: public; Owner: -
--

ALTER TABLE ONLY public.core_documentocompartido
    ADD CONSTRAINT core_documentocompartido_token_key UNIQUE (token);


--
-- Name: core_module core_module_code_key; Type: CONSTRAINT; Schema: public; Owner: -
--

ALTER TABLE ONLY public.core_module
    ADD CONSTRAINT core_module_code_key UNIQUE (code);


--
-- Name: core_module core_module_pkey; Type: CONSTRAINT; Schema: public; Owner: -
--

ALTER TABLE ONLY public.core_module
    ADD CONSTRAINT core_module_pkey PRIMARY KEY (id);


--
-- Name: core_userengagement core_userengagement_pkey; Type: CONSTRAINT; Schema: public; Owner: -
--

ALTER TABLE ONLY public.core_userengagement
    ADD CONSTRAINT core_userengagement_pkey PRIMARY KEY (id);


--
-- Name: core_userengagement core_userengagement_user_id_key; Type: CONSTRAINT; Schema: public; Owner: -
--

ALTER TABLE ONLY public.core_userengagement
    ADD CONSTRAINT core_userengagement_user_id_key UNIQUE (user_id);


--
-- Name: core_userloginhistory core_userloginhistory_pkey; Type: CONSTRAINT; Schema: public; Owner: -
--

ALTER TABLE ONLY public.core_userloginhistory
    ADD CONSTRAINT core_userloginhistory_pkey PRIMARY KEY (id);


--
-- Name: core_usuariotemporal core_usuariotemporal_pkey; Type: CONSTRAINT; Schema: public; Owner: -
--

ALTER TABLE ONLY public.core_usuariotemporal
    ADD CONSTRAINT core_usuariotemporal_pkey PRIMARY KEY (id);


--
-- Name: core_usuariotemporal core_usuariotemporal_user_id_key; Type: CONSTRAINT; Schema: public; Owner: -
--

ALTER TABLE ONLY public.core_usuariotemporal
    ADD CONSTRAINT core_usuariotemporal_user_id_key UNIQUE (user_id);


--
-- Name: django_admin_log django_admin_log_pkey; Type: CONSTRAINT; Schema: public; Owner: -
--

ALTER TABLE ONLY public.django_admin_log
    ADD CONSTRAINT django_admin_log_pkey PRIMARY KEY (id);


--
-- Name: django_content_type django_content_type_app_label_model_76bd3d3b_uniq; Type: CONSTRAINT; Schema: public; Owner: -
--

ALTER TABLE ONLY public.django_content_type
    ADD CONSTRAINT django_content_type_app_label_model_76bd3d3b_uniq UNIQUE (app_label, model);


--
-- Name: django_content_type django_content_type_pkey; Type: CONSTRAINT; Schema: public; Owner: -
--

ALTER TABLE ONLY public.django_content_type
    ADD CONSTRAINT django_content_type_pkey PRIMARY KEY (id);


--
-- Name: django_migrations django_migrations_pkey; Type: CONSTRAINT; Schema: public; Owner: -
--

ALTER TABLE ONLY public.django_migrations
    ADD CONSTRAINT django_migrations_pkey PRIMARY KEY (id);


--
-- Name: django_session django_session_pkey; Type: CONSTRAINT; Schema: public; Owner: -
--

ALTER TABLE ONLY public.django_session
    ADD CONSTRAINT django_session_pkey PRIMARY KEY (session_key);


--
-- Name: estructura_app_actividadunidad_participantes estructura_app_actividad_actividadunidad_id_miemb_d1d5314f_uniq; Type: CONSTRAINT; Schema: public; Owner: -
--

ALTER TABLE ONLY public.estructura_app_actividadunidad_participantes
    ADD CONSTRAINT estructura_app_actividad_actividadunidad_id_miemb_d1d5314f_uniq UNIQUE (actividadunidad_id, miembro_id);


--
-- Name: estructura_app_actividadunidad_participantes estructura_app_actividadunidad_participantes_pkey; Type: CONSTRAINT; Schema: public; Owner: -
--

ALTER TABLE ONLY public.estructura_app_actividadunidad_participantes
    ADD CONSTRAINT estructura_app_actividadunidad_participantes_pkey PRIMARY KEY (id);


--
-- Name: estructura_app_actividadunidad estructura_app_actividadunidad_pkey; Type: CONSTRAINT; Schema: public; Owner: -
--

ALTER TABLE ONLY public.estructura_app_actividadunidad
    ADD CONSTRAINT estructura_app_actividadunidad_pkey PRIMARY KEY (id);


--
-- Name: estructura_app_categoriaunidad estructura_app_categoriaunidad_codigo_key; Type: CONSTRAINT; Schema: public; Owner: -
--

ALTER TABLE ONLY public.estructura_app_categoriaunidad
    ADD CONSTRAINT estructura_app_categoriaunidad_codigo_key UNIQUE (codigo);


--
-- Name: estructura_app_categoriaunidad estructura_app_categoriaunidad_nombre_key; Type: CONSTRAINT; Schema: public; Owner: -
--

ALTER TABLE ONLY public.estructura_app_categoriaunidad
    ADD CONSTRAINT estructura_app_categoriaunidad_nombre_key UNIQUE (nombre);


--
-- Name: estructura_app_categoriaunidad estructura_app_categoriaunidad_pkey; Type: CONSTRAINT; Schema: public; Owner: -
--

ALTER TABLE ONLY public.estructura_app_categoriaunidad
    ADD CONSTRAINT estructura_app_categoriaunidad_pkey PRIMARY KEY (id);


--
-- Name: estructura_app_movimientounidad estructura_app_movimientounidad_pkey; Type: CONSTRAINT; Schema: public; Owner: -
--

ALTER TABLE ONLY public.estructura_app_movimientounidad
    ADD CONSTRAINT estructura_app_movimientounidad_pkey PRIMARY KEY (id);


--
-- Name: estructura_app_movimientounidadlog estructura_app_movimientounidadlog_pkey; Type: CONSTRAINT; Schema: public; Owner: -
--

ALTER TABLE ONLY public.estructura_app_movimientounidadlog
    ADD CONSTRAINT estructura_app_movimientounidadlog_pkey PRIMARY KEY (id);


--
-- Name: estructura_app_reporteunidadcierre estructura_app_reporteunidadcierre_pkey; Type: CONSTRAINT; Schema: public; Owner: -
--

ALTER TABLE ONLY public.estructura_app_reporteunidadcierre
    ADD CONSTRAINT estructura_app_reporteunidadcierre_pkey PRIMARY KEY (id);


--
-- Name: estructura_app_reporteunidadperiodo estructura_app_reporteunidadperiodo_pkey; Type: CONSTRAINT; Schema: public; Owner: -
--

ALTER TABLE ONLY public.estructura_app_reporteunidadperiodo
    ADD CONSTRAINT estructura_app_reporteunidadperiodo_pkey PRIMARY KEY (id);


--
-- Name: estructura_app_rolunidad estructura_app_rolunidad_nombre_key; Type: CONSTRAINT; Schema: public; Owner: -
--

ALTER TABLE ONLY public.estructura_app_rolunidad
    ADD CONSTRAINT estructura_app_rolunidad_nombre_key UNIQUE (nombre);


--
-- Name: estructura_app_rolunidad estructura_app_rolunidad_pkey; Type: CONSTRAINT; Schema: public; Owner: -
--

ALTER TABLE ONLY public.estructura_app_rolunidad
    ADD CONSTRAINT estructura_app_rolunidad_pkey PRIMARY KEY (id);


--
-- Name: estructura_app_tipounidad estructura_app_tipounidad_nombre_key; Type: CONSTRAINT; Schema: public; Owner: -
--

ALTER TABLE ONLY public.estructura_app_tipounidad
    ADD CONSTRAINT estructura_app_tipounidad_nombre_key UNIQUE (nombre);


--
-- Name: estructura_app_tipounidad estructura_app_tipounidad_pkey; Type: CONSTRAINT; Schema: public; Owner: -
--

ALTER TABLE ONLY public.estructura_app_tipounidad
    ADD CONSTRAINT estructura_app_tipounidad_pkey PRIMARY KEY (id);


--
-- Name: estructura_app_unidad estructura_app_unidad_pkey; Type: CONSTRAINT; Schema: public; Owner: -
--

ALTER TABLE ONLY public.estructura_app_unidad
    ADD CONSTRAINT estructura_app_unidad_pkey PRIMARY KEY (id);


--
-- Name: estructura_app_unidadcargo estructura_app_unidadcargo_pkey; Type: CONSTRAINT; Schema: public; Owner: -
--

ALTER TABLE ONLY public.estructura_app_unidadcargo
    ADD CONSTRAINT estructura_app_unidadcargo_pkey PRIMARY KEY (id);


--
-- Name: estructura_app_unidadmembresia estructura_app_unidadmembresia_pkey; Type: CONSTRAINT; Schema: public; Owner: -
--

ALTER TABLE ONLY public.estructura_app_unidadmembresia
    ADD CONSTRAINT estructura_app_unidadmembresia_pkey PRIMARY KEY (id);


--
-- Name: evaluaciones_app_evaluacionmiembro evaluaciones_app_evaluacionmiembro_pkey; Type: CONSTRAINT; Schema: public; Owner: -
--

ALTER TABLE ONLY public.evaluaciones_app_evaluacionmiembro
    ADD CONSTRAINT evaluaciones_app_evaluacionmiembro_pkey PRIMARY KEY (id);


--
-- Name: evaluaciones_app_evaluacionperfilunidad evaluaciones_app_evaluacionperfilunidad_pkey; Type: CONSTRAINT; Schema: public; Owner: -
--

ALTER TABLE ONLY public.evaluaciones_app_evaluacionperfilunidad
    ADD CONSTRAINT evaluaciones_app_evaluacionperfilunidad_pkey PRIMARY KEY (id);


--
-- Name: evaluaciones_app_evaluacionperfilunidad evaluaciones_app_evaluacionperfilunidad_unidad_id_key; Type: CONSTRAINT; Schema: public; Owner: -
--

ALTER TABLE ONLY public.evaluaciones_app_evaluacionperfilunidad
    ADD CONSTRAINT evaluaciones_app_evaluacionperfilunidad_unidad_id_key UNIQUE (unidad_id);


--
-- Name: evaluaciones_app_evaluacionunidad evaluaciones_app_evaluacionunidad_pkey; Type: CONSTRAINT; Schema: public; Owner: -
--

ALTER TABLE ONLY public.evaluaciones_app_evaluacionunidad
    ADD CONSTRAINT evaluaciones_app_evaluacionunidad_pkey PRIMARY KEY (id);


--
-- Name: finanzas_app_adjuntomovimiento finanzas_app_adjuntomovimiento_pkey; Type: CONSTRAINT; Schema: public; Owner: -
--

ALTER TABLE ONLY public.finanzas_app_adjuntomovimiento
    ADD CONSTRAINT finanzas_app_adjuntomovimiento_pkey PRIMARY KEY (id);


--
-- Name: finanzas_app_casillaf001 finanzas_app_casillaf001_codigo_key; Type: CONSTRAINT; Schema: public; Owner: -
--

ALTER TABLE ONLY public.finanzas_app_casillaf001
    ADD CONSTRAINT finanzas_app_casillaf001_codigo_key UNIQUE (codigo);


--
-- Name: finanzas_app_casillaf001 finanzas_app_casillaf001_pkey; Type: CONSTRAINT; Schema: public; Owner: -
--

ALTER TABLE ONLY public.finanzas_app_casillaf001
    ADD CONSTRAINT finanzas_app_casillaf001_pkey PRIMARY KEY (id);


--
-- Name: finanzas_app_categoriamovimiento finanzas_app_categoriamovimiento_codigo_key; Type: CONSTRAINT; Schema: public; Owner: -
--

ALTER TABLE ONLY public.finanzas_app_categoriamovimiento
    ADD CONSTRAINT finanzas_app_categoriamovimiento_codigo_key UNIQUE (codigo);


--
-- Name: finanzas_app_categoriamovimiento finanzas_app_categoriamovimiento_pkey; Type: CONSTRAINT; Schema: public; Owner: -
--

ALTER TABLE ONLY public.finanzas_app_categoriamovimiento
    ADD CONSTRAINT finanzas_app_categoriamovimiento_pkey PRIMARY KEY (id);


--
-- Name: finanzas_app_cuentafinanciera finanzas_app_cuentafinanciera_pkey; Type: CONSTRAINT; Schema: public; Owner: -
--

ALTER TABLE ONLY public.finanzas_app_cuentafinanciera
    ADD CONSTRAINT finanzas_app_cuentafinanciera_pkey PRIMARY KEY (id);


--
-- Name: finanzas_app_cuentaporpagar finanzas_app_cuentaporpagar_pkey; Type: CONSTRAINT; Schema: public; Owner: -
--

ALTER TABLE ONLY public.finanzas_app_cuentaporpagar
    ADD CONSTRAINT finanzas_app_cuentaporpagar_pkey PRIMARY KEY (id);


--
-- Name: finanzas_app_cuentaporpagar finanzas_app_cuentaporpagar_uid_key; Type: CONSTRAINT; Schema: public; Owner: -
--

ALTER TABLE ONLY public.finanzas_app_cuentaporpagar
    ADD CONSTRAINT finanzas_app_cuentaporpagar_uid_key UNIQUE (uid);


--
-- Name: finanzas_app_movimientofinanciero finanzas_app_movimientofinanciero_pkey; Type: CONSTRAINT; Schema: public; Owner: -
--

ALTER TABLE ONLY public.finanzas_app_movimientofinanciero
    ADD CONSTRAINT finanzas_app_movimientofinanciero_pkey PRIMARY KEY (id);


--
-- Name: finanzas_app_proveedorfinanciero finanzas_app_proveedorfinanciero_pkey; Type: CONSTRAINT; Schema: public; Owner: -
--

ALTER TABLE ONLY public.finanzas_app_proveedorfinanciero
    ADD CONSTRAINT finanzas_app_proveedorfinanciero_pkey PRIMARY KEY (id);


--
-- Name: formacion_app_asistenciasesion formacion_app_asistenciasesion_pkey; Type: CONSTRAINT; Schema: public; Owner: -
--

ALTER TABLE ONLY public.formacion_app_asistenciasesion
    ADD CONSTRAINT formacion_app_asistenciasesion_pkey PRIMARY KEY (id);


--
-- Name: formacion_app_cicloprograma formacion_app_cicloprograma_pkey; Type: CONSTRAINT; Schema: public; Owner: -
--

ALTER TABLE ONLY public.formacion_app_cicloprograma
    ADD CONSTRAINT formacion_app_cicloprograma_pkey PRIMARY KEY (id);


--
-- Name: formacion_app_cicloprograma formacion_app_cicloprograma_programa_id_nombre_eb633499_uniq; Type: CONSTRAINT; Schema: public; Owner: -
--

ALTER TABLE ONLY public.formacion_app_cicloprograma
    ADD CONSTRAINT formacion_app_cicloprograma_programa_id_nombre_eb633499_uniq UNIQUE (programa_id, nombre);


--
-- Name: formacion_app_grupoformativo_ayudantes formacion_app_grupoforma_grupoformativo_id_miembr_a74b83cf_uniq; Type: CONSTRAINT; Schema: public; Owner: -
--

ALTER TABLE ONLY public.formacion_app_grupoformativo_ayudantes
    ADD CONSTRAINT formacion_app_grupoforma_grupoformativo_id_miembr_a74b83cf_uniq UNIQUE (grupoformativo_id, miembro_id);


--
-- Name: formacion_app_grupoformativo_maestros formacion_app_grupoforma_grupoformativo_id_miembr_bdd33268_uniq; Type: CONSTRAINT; Schema: public; Owner: -
--

ALTER TABLE ONLY public.formacion_app_grupoformativo_maestros
    ADD CONSTRAINT formacion_app_grupoforma_grupoformativo_id_miembr_bdd33268_uniq UNIQUE (grupoformativo_id, miembro_id);


--
-- Name: formacion_app_grupoformativo_ayudantes formacion_app_grupoformativo_ayudantes_pkey; Type: CONSTRAINT; Schema: public; Owner: -
--

ALTER TABLE ONLY public.formacion_app_grupoformativo_ayudantes
    ADD CONSTRAINT formacion_app_grupoformativo_ayudantes_pkey PRIMARY KEY (id);


--
-- Name: formacion_app_grupoformativo_maestros formacion_app_grupoformativo_maestros_pkey; Type: CONSTRAINT; Schema: public; Owner: -
--

ALTER TABLE ONLY public.formacion_app_grupoformativo_maestros
    ADD CONSTRAINT formacion_app_grupoformativo_maestros_pkey PRIMARY KEY (id);


--
-- Name: formacion_app_grupoformativo formacion_app_grupoformativo_pkey; Type: CONSTRAINT; Schema: public; Owner: -
--

ALTER TABLE ONLY public.formacion_app_grupoformativo
    ADD CONSTRAINT formacion_app_grupoformativo_pkey PRIMARY KEY (id);


--
-- Name: formacion_app_grupoformativo formacion_app_grupoformativo_programa_id_nombre_218d87ef_uniq; Type: CONSTRAINT; Schema: public; Owner: -
--

ALTER TABLE ONLY public.formacion_app_grupoformativo
    ADD CONSTRAINT formacion_app_grupoformativo_programa_id_nombre_218d87ef_uniq UNIQUE (programa_id, nombre);


--
-- Name: formacion_app_inscripciongrupo formacion_app_inscripciongrupo_pkey; Type: CONSTRAINT; Schema: public; Owner: -
--

ALTER TABLE ONLY public.formacion_app_inscripciongrupo
    ADD CONSTRAINT formacion_app_inscripciongrupo_pkey PRIMARY KEY (id);


--
-- Name: formacion_app_programaeducativo formacion_app_programaeducativo_nombre_key; Type: CONSTRAINT; Schema: public; Owner: -
--

ALTER TABLE ONLY public.formacion_app_programaeducativo
    ADD CONSTRAINT formacion_app_programaeducativo_nombre_key UNIQUE (nombre);


--
-- Name: formacion_app_programaeducativo formacion_app_programaeducativo_pkey; Type: CONSTRAINT; Schema: public; Owner: -
--

ALTER TABLE ONLY public.formacion_app_programaeducativo
    ADD CONSTRAINT formacion_app_programaeducativo_pkey PRIMARY KEY (id);


--
-- Name: formacion_app_rolformativo formacion_app_rolformativo_pkey; Type: CONSTRAINT; Schema: public; Owner: -
--

ALTER TABLE ONLY public.formacion_app_rolformativo
    ADD CONSTRAINT formacion_app_rolformativo_pkey PRIMARY KEY (id);


--
-- Name: formacion_app_sesiongrupo formacion_app_sesiongrupo_pkey; Type: CONSTRAINT; Schema: public; Owner: -
--

ALTER TABLE ONLY public.formacion_app_sesiongrupo
    ADD CONSTRAINT formacion_app_sesiongrupo_pkey PRIMARY KEY (id);


--
-- Name: inventario_app_categoriarecurso inventario_app_categoriarecurso_nombre_key; Type: CONSTRAINT; Schema: public; Owner: -
--

ALTER TABLE ONLY public.inventario_app_categoriarecurso
    ADD CONSTRAINT inventario_app_categoriarecurso_nombre_key UNIQUE (nombre);


--
-- Name: inventario_app_categoriarecurso inventario_app_categoriarecurso_pkey; Type: CONSTRAINT; Schema: public; Owner: -
--

ALTER TABLE ONLY public.inventario_app_categoriarecurso
    ADD CONSTRAINT inventario_app_categoriarecurso_pkey PRIMARY KEY (id);


--
-- Name: inventario_app_movimientorecurso inventario_app_movimientorecurso_pkey; Type: CONSTRAINT; Schema: public; Owner: -
--

ALTER TABLE ONLY public.inventario_app_movimientorecurso
    ADD CONSTRAINT inventario_app_movimientorecurso_pkey PRIMARY KEY (id);


--
-- Name: inventario_app_recurso inventario_app_recurso_codigo_key; Type: CONSTRAINT; Schema: public; Owner: -
--

ALTER TABLE ONLY public.inventario_app_recurso
    ADD CONSTRAINT inventario_app_recurso_codigo_key UNIQUE (codigo);


--
-- Name: inventario_app_recurso inventario_app_recurso_pkey; Type: CONSTRAINT; Schema: public; Owner: -
--

ALTER TABLE ONLY public.inventario_app_recurso
    ADD CONSTRAINT inventario_app_recurso_pkey PRIMARY KEY (id);


--
-- Name: inventario_app_ubicacion inventario_app_ubicacion_nombre_key; Type: CONSTRAINT; Schema: public; Owner: -
--

ALTER TABLE ONLY public.inventario_app_ubicacion
    ADD CONSTRAINT inventario_app_ubicacion_nombre_key UNIQUE (nombre);


--
-- Name: inventario_app_ubicacion inventario_app_ubicacion_pkey; Type: CONSTRAINT; Schema: public; Owner: -
--

ALTER TABLE ONLY public.inventario_app_ubicacion
    ADD CONSTRAINT inventario_app_ubicacion_pkey PRIMARY KEY (id);


--
-- Name: miembros_app_clanfamiliar miembros_app_clanfamiliar_pkey; Type: CONSTRAINT; Schema: public; Owner: -
--

ALTER TABLE ONLY public.miembros_app_clanfamiliar
    ADD CONSTRAINT miembros_app_clanfamiliar_pkey PRIMARY KEY (id);


--
-- Name: miembros_app_hogarfamiliar miembros_app_hogarfamiliar_pkey; Type: CONSTRAINT; Schema: public; Owner: -
--

ALTER TABLE ONLY public.miembros_app_hogarfamiliar
    ADD CONSTRAINT miembros_app_hogarfamiliar_pkey PRIMARY KEY (id);


--
-- Name: miembros_app_hogarmiembro miembros_app_hogarmiembro_hogar_id_miembro_id_9ccdf6fc_uniq; Type: CONSTRAINT; Schema: public; Owner: -
--

ALTER TABLE ONLY public.miembros_app_hogarmiembro
    ADD CONSTRAINT miembros_app_hogarmiembro_hogar_id_miembro_id_9ccdf6fc_uniq UNIQUE (hogar_id, miembro_id);


--
-- Name: miembros_app_hogarmiembro miembros_app_hogarmiembro_pkey; Type: CONSTRAINT; Schema: public; Owner: -
--

ALTER TABLE ONLY public.miembros_app_hogarmiembro
    ADD CONSTRAINT miembros_app_hogarmiembro_pkey PRIMARY KEY (id);


--
-- Name: miembros_app_miembro miembros_app_miembro_codigo_miembro_key; Type: CONSTRAINT; Schema: public; Owner: -
--

ALTER TABLE ONLY public.miembros_app_miembro
    ADD CONSTRAINT miembros_app_miembro_codigo_miembro_key UNIQUE (codigo_miembro);


--
-- Name: miembros_app_miembro miembros_app_miembro_codigo_seguimiento_key; Type: CONSTRAINT; Schema: public; Owner: -
--

ALTER TABLE ONLY public.miembros_app_miembro
    ADD CONSTRAINT miembros_app_miembro_codigo_seguimiento_key UNIQUE (codigo_seguimiento);


--
-- Name: miembros_app_miembro miembros_app_miembro_numero_miembro_key; Type: CONSTRAINT; Schema: public; Owner: -
--

ALTER TABLE ONLY public.miembros_app_miembro
    ADD CONSTRAINT miembros_app_miembro_numero_miembro_key UNIQUE (numero_miembro);


--
-- Name: miembros_app_miembro miembros_app_miembro_numero_seguimiento_key; Type: CONSTRAINT; Schema: public; Owner: -
--

ALTER TABLE ONLY public.miembros_app_miembro
    ADD CONSTRAINT miembros_app_miembro_numero_seguimiento_key UNIQUE (numero_seguimiento);


--
-- Name: miembros_app_miembro_padres_espirituales miembros_app_miembro_pad_from_miembro_id_to_miemb_1bd816c1_uniq; Type: CONSTRAINT; Schema: public; Owner: -
--

ALTER TABLE ONLY public.miembros_app_miembro_padres_espirituales
    ADD CONSTRAINT miembros_app_miembro_pad_from_miembro_id_to_miemb_1bd816c1_uniq UNIQUE (from_miembro_id, to_miembro_id);


--
-- Name: miembros_app_miembro_padres_espirituales miembros_app_miembro_padres_espirituales_pkey; Type: CONSTRAINT; Schema: public; Owner: -
--

ALTER TABLE ONLY public.miembros_app_miembro_padres_espirituales
    ADD CONSTRAINT miembros_app_miembro_padres_espirituales_pkey PRIMARY KEY (id);


--
-- Name: miembros_app_miembro miembros_app_miembro_pkey; Type: CONSTRAINT; Schema: public; Owner: -
--

ALTER TABLE ONLY public.miembros_app_miembro
    ADD CONSTRAINT miembros_app_miembro_pkey PRIMARY KEY (id);


--
-- Name: miembros_app_miembro miembros_app_miembro_usuario_id_key; Type: CONSTRAINT; Schema: public; Owner: -
--

ALTER TABLE ONLY public.miembros_app_miembro
    ADD CONSTRAINT miembros_app_miembro_usuario_id_key UNIQUE (usuario_id);


--
-- Name: miembros_app_miembrobitacora miembros_app_miembrobitacora_pkey; Type: CONSTRAINT; Schema: public; Owner: -
--

ALTER TABLE ONLY public.miembros_app_miembrobitacora
    ADD CONSTRAINT miembros_app_miembrobitacora_pkey PRIMARY KEY (id);


--
-- Name: miembros_app_miembrorelacion miembros_app_miembrorelacion_pkey; Type: CONSTRAINT; Schema: public; Owner: -
--

ALTER TABLE ONLY public.miembros_app_miembrorelacion
    ADD CONSTRAINT miembros_app_miembrorelacion_pkey PRIMARY KEY (id);


--
-- Name: miembros_app_razonsalidamiembro miembros_app_razonsalidamiembro_nombre_key; Type: CONSTRAINT; Schema: public; Owner: -
--

ALTER TABLE ONLY public.miembros_app_razonsalidamiembro
    ADD CONSTRAINT miembros_app_razonsalidamiembro_nombre_key UNIQUE (nombre);


--
-- Name: miembros_app_razonsalidamiembro miembros_app_razonsalidamiembro_pkey; Type: CONSTRAINT; Schema: public; Owner: -
--

ALTER TABLE ONLY public.miembros_app_razonsalidamiembro
    ADD CONSTRAINT miembros_app_razonsalidamiembro_pkey PRIMARY KEY (id);


--
-- Name: miembros_app_timelineevent miembros_app_timelineevent_pkey; Type: CONSTRAINT; Schema: public; Owner: -
--

ALTER TABLE ONLY public.miembros_app_timelineevent
    ADD CONSTRAINT miembros_app_timelineevent_pkey PRIMARY KEY (id);


--
-- Name: miembros_app_zonageo miembros_app_zonageo_pkey; Type: CONSTRAINT; Schema: public; Owner: -
--

ALTER TABLE ONLY public.miembros_app_zonageo
    ADD CONSTRAINT miembros_app_zonageo_pkey PRIMARY KEY (id);


--
-- Name: miembros_app_zonageo miembros_app_zonageo_sector_ciudad_provincia_f8382cbd_uniq; Type: CONSTRAINT; Schema: public; Owner: -
--

ALTER TABLE ONLY public.miembros_app_zonageo
    ADD CONSTRAINT miembros_app_zonageo_sector_ciudad_provincia_f8382cbd_uniq UNIQUE (sector, ciudad, provincia);


--
-- Name: notificaciones_app_notification notificaciones_app_notification_pkey; Type: CONSTRAINT; Schema: public; Owner: -
--

ALTER TABLE ONLY public.notificaciones_app_notification
    ADD CONSTRAINT notificaciones_app_notification_pkey PRIMARY KEY (id);


--
-- Name: notificaciones_app_pushsubscription notificaciones_app_pushsubscription_endpoint_key; Type: CONSTRAINT; Schema: public; Owner: -
--

ALTER TABLE ONLY public.notificaciones_app_pushsubscription
    ADD CONSTRAINT notificaciones_app_pushsubscription_endpoint_key UNIQUE (endpoint);


--
-- Name: notificaciones_app_pushsubscription notificaciones_app_pushsubscription_pkey; Type: CONSTRAINT; Schema: public; Owner: -
--

ALTER TABLE ONLY public.notificaciones_app_pushsubscription
    ADD CONSTRAINT notificaciones_app_pushsubscription_pkey PRIMARY KEY (id);


--
-- Name: nuevo_creyente_app_nuevocreyentepadreespiritual nuevo_creyente_app_nuevo_expediente_id_padre_id_134e9592_uniq; Type: CONSTRAINT; Schema: public; Owner: -
--

ALTER TABLE ONLY public.nuevo_creyente_app_nuevocreyentepadreespiritual
    ADD CONSTRAINT nuevo_creyente_app_nuevo_expediente_id_padre_id_134e9592_uniq UNIQUE (expediente_id, padre_id);


--
-- Name: nuevo_creyente_app_nuevocreyentebitacora nuevo_creyente_app_nuevocreyentebitacora_pkey; Type: CONSTRAINT; Schema: public; Owner: -
--

ALTER TABLE ONLY public.nuevo_creyente_app_nuevocreyentebitacora
    ADD CONSTRAINT nuevo_creyente_app_nuevocreyentebitacora_pkey PRIMARY KEY (id);


--
-- Name: nuevo_creyente_app_nuevocreyenteexpediente nuevo_creyente_app_nuevocreyenteexpediente_miembro_id_key; Type: CONSTRAINT; Schema: public; Owner: -
--

ALTER TABLE ONLY public.nuevo_creyente_app_nuevocreyenteexpediente
    ADD CONSTRAINT nuevo_creyente_app_nuevocreyenteexpediente_miembro_id_key UNIQUE (miembro_id);


--
-- Name: nuevo_creyente_app_nuevocreyenteexpediente nuevo_creyente_app_nuevocreyenteexpediente_pkey; Type: CONSTRAINT; Schema: public; Owner: -
--

ALTER TABLE ONLY public.nuevo_creyente_app_nuevocreyenteexpediente
    ADD CONSTRAINT nuevo_creyente_app_nuevocreyenteexpediente_pkey PRIMARY KEY (id);


--
-- Name: nuevo_creyente_app_nuevocreyentepadreespiritual nuevo_creyente_app_nuevocreyentepadreespiritual_pkey; Type: CONSTRAINT; Schema: public; Owner: -
--

ALTER TABLE ONLY public.nuevo_creyente_app_nuevocreyentepadreespiritual
    ADD CONSTRAINT nuevo_creyente_app_nuevocreyentepadreespiritual_pkey PRIMARY KEY (id);


--
-- Name: votacion_app_voto un_voto_por_miembro_y_ronda; Type: CONSTRAINT; Schema: public; Owner: -
--

ALTER TABLE ONLY public.votacion_app_voto
    ADD CONSTRAINT un_voto_por_miembro_y_ronda UNIQUE (ronda_id, miembro_id);


--
-- Name: formacion_app_asistenciasesion uniq_asistencia_por_sesion; Type: CONSTRAINT; Schema: public; Owner: -
--

ALTER TABLE ONLY public.formacion_app_asistenciasesion
    ADD CONSTRAINT uniq_asistencia_por_sesion UNIQUE (sesion_id, miembro_id);


--
-- Name: evaluaciones_app_evaluacionmiembro uniq_evaluacion_miembro_por_periodo; Type: CONSTRAINT; Schema: public; Owner: -
--

ALTER TABLE ONLY public.evaluaciones_app_evaluacionmiembro
    ADD CONSTRAINT uniq_evaluacion_miembro_por_periodo UNIQUE (evaluacion_id, miembro_id);


--
-- Name: evaluaciones_app_evaluacionunidad uniq_evaluacion_unidad_periodo_secuencia; Type: CONSTRAINT; Schema: public; Owner: -
--

ALTER TABLE ONLY public.evaluaciones_app_evaluacionunidad
    ADD CONSTRAINT uniq_evaluacion_unidad_periodo_secuencia UNIQUE (unidad_id, anio, mes, numero_secuencia);


--
-- Name: formacion_app_inscripciongrupo uniq_miembro_grupo; Type: CONSTRAINT; Schema: public; Owner: -
--

ALTER TABLE ONLY public.formacion_app_inscripciongrupo
    ADD CONSTRAINT uniq_miembro_grupo UNIQUE (miembro_id, grupo_id);


--
-- Name: estructura_app_unidadmembresia uniq_miembro_unidad; Type: CONSTRAINT; Schema: public; Owner: -
--

ALTER TABLE ONLY public.estructura_app_unidadmembresia
    ADD CONSTRAINT uniq_miembro_unidad UNIQUE (miembo_fk_id, unidad_id);


--
-- Name: estructura_app_reporteunidadperiodo uniq_reporte_unidad_anio_mes; Type: CONSTRAINT; Schema: public; Owner: -
--

ALTER TABLE ONLY public.estructura_app_reporteunidadperiodo
    ADD CONSTRAINT uniq_reporte_unidad_anio_mes UNIQUE (unidad_id, anio, mes);


--
-- Name: estructura_app_reporteunidadcierre uniq_reporte_unidad_cierre; Type: CONSTRAINT; Schema: public; Owner: -
--

ALTER TABLE ONLY public.estructura_app_reporteunidadcierre
    ADD CONSTRAINT uniq_reporte_unidad_cierre UNIQUE (unidad_id, anio, tipo, trimestre);


--
-- Name: formacion_app_rolformativo uniq_rol_formativo_por_miembro; Type: CONSTRAINT; Schema: public; Owner: -
--

ALTER TABLE ONLY public.formacion_app_rolformativo
    ADD CONSTRAINT uniq_rol_formativo_por_miembro UNIQUE (miembro_id, tipo);


--
-- Name: formacion_app_sesiongrupo uniq_sesion_grupo_fecha; Type: CONSTRAINT; Schema: public; Owner: -
--

ALTER TABLE ONLY public.formacion_app_sesiongrupo
    ADD CONSTRAINT uniq_sesion_grupo_fecha UNIQUE (grupo_id, fecha);


--
-- Name: estructura_app_unidad uniq_unidad_por_tipo_nombre_padre; Type: CONSTRAINT; Schema: public; Owner: -
--

ALTER TABLE ONLY public.estructura_app_unidad
    ADD CONSTRAINT uniq_unidad_por_tipo_nombre_padre UNIQUE (tipo_id, nombre, padre_id);


--
-- Name: finanzas_app_categoriamovimiento uq_categoria_nombre_tipo; Type: CONSTRAINT; Schema: public; Owner: -
--

ALTER TABLE ONLY public.finanzas_app_categoriamovimiento
    ADD CONSTRAINT uq_categoria_nombre_tipo UNIQUE (nombre, tipo);


--
-- Name: finanzas_app_cuentafinanciera uq_cuenta_financiera_nombre; Type: CONSTRAINT; Schema: public; Owner: -
--

ALTER TABLE ONLY public.finanzas_app_cuentafinanciera
    ADD CONSTRAINT uq_cuenta_financiera_nombre UNIQUE (nombre);


--
-- Name: finanzas_app_proveedorfinanciero uq_proveedor_nombre; Type: CONSTRAINT; Schema: public; Owner: -
--

ALTER TABLE ONLY public.finanzas_app_proveedorfinanciero
    ADD CONSTRAINT uq_proveedor_nombre UNIQUE (nombre);


--
-- Name: votacion_app_candidato votacion_app_candidato_pkey; Type: CONSTRAINT; Schema: public; Owner: -
--

ALTER TABLE ONLY public.votacion_app_candidato
    ADD CONSTRAINT votacion_app_candidato_pkey PRIMARY KEY (id);


--
-- Name: votacion_app_listacandidatositem votacion_app_listacandid_lista_id_miembro_id_a4d284ad_uniq; Type: CONSTRAINT; Schema: public; Owner: -
--

ALTER TABLE ONLY public.votacion_app_listacandidatositem
    ADD CONSTRAINT votacion_app_listacandid_lista_id_miembro_id_a4d284ad_uniq UNIQUE (lista_id, miembro_id);


--
-- Name: votacion_app_listacandidatos votacion_app_listacandidatos_codigo_lista_key; Type: CONSTRAINT; Schema: public; Owner: -
--

ALTER TABLE ONLY public.votacion_app_listacandidatos
    ADD CONSTRAINT votacion_app_listacandidatos_codigo_lista_key UNIQUE (codigo_lista);


--
-- Name: votacion_app_listacandidatos votacion_app_listacandidatos_pkey; Type: CONSTRAINT; Schema: public; Owner: -
--

ALTER TABLE ONLY public.votacion_app_listacandidatos
    ADD CONSTRAINT votacion_app_listacandidatos_pkey PRIMARY KEY (id);


--
-- Name: votacion_app_listacandidatositem votacion_app_listacandidatositem_pkey; Type: CONSTRAINT; Schema: public; Owner: -
--

ALTER TABLE ONLY public.votacion_app_listacandidatositem
    ADD CONSTRAINT votacion_app_listacandidatositem_pkey PRIMARY KEY (id);


--
-- Name: votacion_app_ronda votacion_app_ronda_pkey; Type: CONSTRAINT; Schema: public; Owner: -
--

ALTER TABLE ONLY public.votacion_app_ronda
    ADD CONSTRAINT votacion_app_ronda_pkey PRIMARY KEY (id);


--
-- Name: votacion_app_votacion votacion_app_votacion_pkey; Type: CONSTRAINT; Schema: public; Owner: -
--

ALTER TABLE ONLY public.votacion_app_votacion
    ADD CONSTRAINT votacion_app_votacion_pkey PRIMARY KEY (id);


--
-- Name: votacion_app_voto votacion_app_voto_pkey; Type: CONSTRAINT; Schema: public; Owner: -
--

ALTER TABLE ONLY public.votacion_app_voto
    ADD CONSTRAINT votacion_app_voto_pkey PRIMARY KEY (id);


--
-- Name: actualizacion_datos_miembr_miembro_id_3af81af9; Type: INDEX; Schema: public; Owner: -
--

CREATE INDEX actualizacion_datos_miembr_miembro_id_3af81af9 ON public.actualizacion_datos_miembros_solicitudactualizacionmiembro USING btree (miembro_id);


--
-- Name: actualizacion_datos_miembr_principal_id_316c1165; Type: INDEX; Schema: public; Owner: -
--

CREATE INDEX actualizacion_datos_miembr_principal_id_316c1165 ON public.actualizacion_datos_miembros_altafamilialog USING btree (principal_id);


--
-- Name: actualizacion_datos_miembr_revisado_por_id_08aa27c3; Type: INDEX; Schema: public; Owner: -
--

CREATE INDEX actualizacion_datos_miembr_revisado_por_id_08aa27c3 ON public.actualizacion_datos_miembros_altafamilialog USING btree (revisado_por_id);


--
-- Name: actualizacion_datos_miembr_revisado_por_id_70da4552; Type: INDEX; Schema: public; Owner: -
--

CREATE INDEX actualizacion_datos_miembr_revisado_por_id_70da4552 ON public.actualizacion_datos_miembros_solicitudaltamiembro USING btree (revisado_por_id);


--
-- Name: actualizacion_datos_miembr_revisado_por_id_b60cabd4; Type: INDEX; Schema: public; Owner: -
--

CREATE INDEX actualizacion_datos_miembr_revisado_por_id_b60cabd4 ON public.actualizacion_datos_miembros_solicitudactualizacionmiembro USING btree (revisado_por_id);


--
-- Name: actualizacion_datos_miembros_altafamilialog_acceso_id_e06b9aa8; Type: INDEX; Schema: public; Owner: -
--

CREATE INDEX actualizacion_datos_miembros_altafamilialog_acceso_id_e06b9aa8 ON public.actualizacion_datos_miembros_altafamilialog USING btree (acceso_id);


--
-- Name: agenda_app__minutos_43388b_idx; Type: INDEX; Schema: public; Owner: -
--

CREATE INDEX agenda_app__minutos_43388b_idx ON public.agenda_app_actividadrecordatorio USING btree (minutos_antes, enviado_en);


--
-- Name: agenda_app_actividad_unidad_id_859c3bec; Type: INDEX; Schema: public; Owner: -
--

CREATE INDEX agenda_app_actividad_unidad_id_859c3bec ON public.agenda_app_actividad USING btree (unidad_id);


--
-- Name: agenda_app_actividad_visibilidad_c5560602; Type: INDEX; Schema: public; Owner: -
--

CREATE INDEX agenda_app_actividad_visibilidad_c5560602 ON public.agenda_app_actividad USING btree (visibilidad);


--
-- Name: agenda_app_actividad_visibilidad_c5560602_like; Type: INDEX; Schema: public; Owner: -
--

CREATE INDEX agenda_app_actividad_visibilidad_c5560602_like ON public.agenda_app_actividad USING btree (visibilidad varchar_pattern_ops);


--
-- Name: agenda_app_actividadrecordatorio_actividad_id_5f4276ad; Type: INDEX; Schema: public; Owner: -
--

CREATE INDEX agenda_app_actividadrecordatorio_actividad_id_5f4276ad ON public.agenda_app_actividadrecordatorio USING btree (actividad_id);


--
-- Name: auth_group_name_a6ea08ec_like; Type: INDEX; Schema: public; Owner: -
--

CREATE INDEX auth_group_name_a6ea08ec_like ON public.auth_group USING btree (name varchar_pattern_ops);


--
-- Name: auth_group_permissions_group_id_b120cbf9; Type: INDEX; Schema: public; Owner: -
--

CREATE INDEX auth_group_permissions_group_id_b120cbf9 ON public.auth_group_permissions USING btree (group_id);


--
-- Name: auth_group_permissions_permission_id_84c5c92e; Type: INDEX; Schema: public; Owner: -
--

CREATE INDEX auth_group_permissions_permission_id_84c5c92e ON public.auth_group_permissions USING btree (permission_id);


--
-- Name: auth_permission_content_type_id_2f476e4b; Type: INDEX; Schema: public; Owner: -
--

CREATE INDEX auth_permission_content_type_id_2f476e4b ON public.auth_permission USING btree (content_type_id);


--
-- Name: auth_user_groups_group_id_97559544; Type: INDEX; Schema: public; Owner: -
--

CREATE INDEX auth_user_groups_group_id_97559544 ON public.auth_user_groups USING btree (group_id);


--
-- Name: auth_user_groups_user_id_6a12ed8b; Type: INDEX; Schema: public; Owner: -
--

CREATE INDEX auth_user_groups_user_id_6a12ed8b ON public.auth_user_groups USING btree (user_id);


--
-- Name: auth_user_user_permissions_permission_id_1fbb5f2c; Type: INDEX; Schema: public; Owner: -
--

CREATE INDEX auth_user_user_permissions_permission_id_1fbb5f2c ON public.auth_user_user_permissions USING btree (permission_id);


--
-- Name: auth_user_user_permissions_user_id_a95ead1b; Type: INDEX; Schema: public; Owner: -
--

CREATE INDEX auth_user_user_permissions_user_id_a95ead1b ON public.auth_user_user_permissions USING btree (user_id);


--
-- Name: auth_user_username_6821ab7c_like; Type: INDEX; Schema: public; Owner: -
--

CREATE INDEX auth_user_username_6821ab7c_like ON public.auth_user USING btree (username varchar_pattern_ops);


--
-- Name: codigo_qr_q_creado__9be580_idx; Type: INDEX; Schema: public; Owner: -
--

CREATE INDEX codigo_qr_q_creado__9be580_idx ON public.codigo_qr_qrenvio USING btree (creado_en);


--
-- Name: codigo_qr_q_estado_ab8836_idx; Type: INDEX; Schema: public; Owner: -
--

CREATE INDEX codigo_qr_q_estado_ab8836_idx ON public.codigo_qr_qrenvio USING btree (estado);


--
-- Name: codigo_qr_qrenvio_creado_por_id_8c47496b; Type: INDEX; Schema: public; Owner: -
--

CREATE INDEX codigo_qr_qrenvio_creado_por_id_8c47496b ON public.codigo_qr_qrenvio USING btree (creado_por_id);


--
-- Name: codigo_qr_qrenvio_enviado_por_id_5910ccd2; Type: INDEX; Schema: public; Owner: -
--

CREATE INDEX codigo_qr_qrenvio_enviado_por_id_5910ccd2 ON public.codigo_qr_qrenvio USING btree (enviado_por_id);


--
-- Name: codigo_qr_qrenvio_miembro_id_114babc4; Type: INDEX; Schema: public; Owner: -
--

CREATE INDEX codigo_qr_qrenvio_miembro_id_114babc4 ON public.codigo_qr_qrenvio USING btree (miembro_id);


--
-- Name: codigo_qr_qrenvio_token_id_ecde1309; Type: INDEX; Schema: public; Owner: -
--

CREATE INDEX codigo_qr_qrenvio_token_id_ecde1309 ON public.codigo_qr_qrenvio USING btree (token_id);


--
-- Name: codigo_qr_qrscanlog_escaneado_por_id_f21b9493; Type: INDEX; Schema: public; Owner: -
--

CREATE INDEX codigo_qr_qrscanlog_escaneado_por_id_f21b9493 ON public.codigo_qr_qrscanlog USING btree (escaneado_por_id);


--
-- Name: codigo_qr_qrscanlog_token_id_664c81b9; Type: INDEX; Schema: public; Owner: -
--

CREATE INDEX codigo_qr_qrscanlog_token_id_664c81b9 ON public.codigo_qr_qrscanlog USING btree (token_id);


--
-- Name: codigo_qr_qrtoken_token_59b096db_like; Type: INDEX; Schema: public; Owner: -
--

CREATE INDEX codigo_qr_qrtoken_token_59b096db_like ON public.codigo_qr_qrtoken USING btree (token varchar_pattern_ops);


--
-- Name: core_documentocompartido_creado_por_id_2a054826; Type: INDEX; Schema: public; Owner: -
--

CREATE INDEX core_documentocompartido_creado_por_id_2a054826 ON public.core_documentocompartido USING btree (creado_por_id);


--
-- Name: core_documentocompartido_token_c40ad773_like; Type: INDEX; Schema: public; Owner: -
--

CREATE INDEX core_documentocompartido_token_c40ad773_like ON public.core_documentocompartido USING btree (token varchar_pattern_ops);


--
-- Name: core_module_code_cdfdc8ba_like; Type: INDEX; Schema: public; Owner: -
--

CREATE INDEX core_module_code_cdfdc8ba_like ON public.core_module USING btree (code varchar_pattern_ops);


--
-- Name: core_userloginhistory_user_id_23c48a21; Type: INDEX; Schema: public; Owner: -
--

CREATE INDEX core_userloginhistory_user_id_23c48a21 ON public.core_userloginhistory USING btree (user_id);


--
-- Name: core_usuariotemporal_creado_por_id_c223759e; Type: INDEX; Schema: public; Owner: -
--

CREATE INDEX core_usuariotemporal_creado_por_id_c223759e ON public.core_usuariotemporal USING btree (creado_por_id);


--
-- Name: django_admin_log_content_type_id_c4bce8eb; Type: INDEX; Schema: public; Owner: -
--

CREATE INDEX django_admin_log_content_type_id_c4bce8eb ON public.django_admin_log USING btree (content_type_id);


--
-- Name: django_admin_log_user_id_c564eba6; Type: INDEX; Schema: public; Owner: -
--

CREATE INDEX django_admin_log_user_id_c564eba6 ON public.django_admin_log USING btree (user_id);


--
-- Name: django_session_expire_date_a5c62663; Type: INDEX; Schema: public; Owner: -
--

CREATE INDEX django_session_expire_date_a5c62663 ON public.django_session USING btree (expire_date);


--
-- Name: django_session_session_key_c0390e0f_like; Type: INDEX; Schema: public; Owner: -
--

CREATE INDEX django_session_session_key_c0390e0f_like ON public.django_session USING btree (session_key varchar_pattern_ops);


--
-- Name: estructura__activa_806dea_idx; Type: INDEX; Schema: public; Owner: -
--

CREATE INDEX estructura__activa_806dea_idx ON public.estructura_app_unidad USING btree (activa, visible);


--
-- Name: estructura__categor_2d4b4b_idx; Type: INDEX; Schema: public; Owner: -
--

CREATE INDEX estructura__categor_2d4b4b_idx ON public.estructura_app_unidad USING btree (categoria_id);


--
-- Name: estructura__miembo__e8d1dc_idx; Type: INDEX; Schema: public; Owner: -
--

CREATE INDEX estructura__miembo__e8d1dc_idx ON public.estructura_app_unidadcargo USING btree (miembo_fk_id, vigente);


--
-- Name: estructura__padre_i_df12c5_idx; Type: INDEX; Schema: public; Owner: -
--

CREATE INDEX estructura__padre_i_df12c5_idx ON public.estructura_app_unidad USING btree (padre_id);


--
-- Name: estructura__unidad__0c264a_idx; Type: INDEX; Schema: public; Owner: -
--

CREATE INDEX estructura__unidad__0c264a_idx ON public.estructura_app_reporteunidadperiodo USING btree (unidad_id, anio, mes);


--
-- Name: estructura__unidad__4d887a_idx; Type: INDEX; Schema: public; Owner: -
--

CREATE INDEX estructura__unidad__4d887a_idx ON public.estructura_app_actividadunidad USING btree (unidad_id, tipo);


--
-- Name: estructura__unidad__5eb47e_idx; Type: INDEX; Schema: public; Owner: -
--

CREATE INDEX estructura__unidad__5eb47e_idx ON public.estructura_app_unidadcargo USING btree (unidad_id, vigente);


--
-- Name: estructura__unidad__5f3b22_idx; Type: INDEX; Schema: public; Owner: -
--

CREATE INDEX estructura__unidad__5f3b22_idx ON public.estructura_app_actividadunidad USING btree (unidad_id, fecha);


--
-- Name: estructura__unidad__aeb66b_idx; Type: INDEX; Schema: public; Owner: -
--

CREATE INDEX estructura__unidad__aeb66b_idx ON public.estructura_app_movimientounidad USING btree (unidad_id, anulado);


--
-- Name: estructura__unidad__e8b46c_idx; Type: INDEX; Schema: public; Owner: -
--

CREATE INDEX estructura__unidad__e8b46c_idx ON public.estructura_app_movimientounidad USING btree (unidad_id, tipo);


--
-- Name: estructura__unidad__fa8fa4_idx; Type: INDEX; Schema: public; Owner: -
--

CREATE INDEX estructura__unidad__fa8fa4_idx ON public.estructura_app_movimientounidad USING btree (unidad_id, fecha);


--
-- Name: estructura_app_actividadun_actividadunidad_id_fa20a43b; Type: INDEX; Schema: public; Owner: -
--

CREATE INDEX estructura_app_actividadun_actividadunidad_id_fa20a43b ON public.estructura_app_actividadunidad_participantes USING btree (actividadunidad_id);


--
-- Name: estructura_app_actividadun_miembro_id_e0ca95c5; Type: INDEX; Schema: public; Owner: -
--

CREATE INDEX estructura_app_actividadun_miembro_id_e0ca95c5 ON public.estructura_app_actividadunidad_participantes USING btree (miembro_id);


--
-- Name: estructura_app_actividadunidad_creado_por_id_266f945b; Type: INDEX; Schema: public; Owner: -
--

CREATE INDEX estructura_app_actividadunidad_creado_por_id_266f945b ON public.estructura_app_actividadunidad USING btree (creado_por_id);


--
-- Name: estructura_app_actividadunidad_responsable_id_d66b3744; Type: INDEX; Schema: public; Owner: -
--

CREATE INDEX estructura_app_actividadunidad_responsable_id_d66b3744 ON public.estructura_app_actividadunidad USING btree (responsable_id);


--
-- Name: estructura_app_actividadunidad_unidad_id_3c3ad6fb; Type: INDEX; Schema: public; Owner: -
--

CREATE INDEX estructura_app_actividadunidad_unidad_id_3c3ad6fb ON public.estructura_app_actividadunidad USING btree (unidad_id);


--
-- Name: estructura_app_categoriaunidad_codigo_382ff875_like; Type: INDEX; Schema: public; Owner: -
--

CREATE INDEX estructura_app_categoriaunidad_codigo_382ff875_like ON public.estructura_app_categoriaunidad USING btree (codigo varchar_pattern_ops);


--
-- Name: estructura_app_categoriaunidad_nombre_613fd953_like; Type: INDEX; Schema: public; Owner: -
--

CREATE INDEX estructura_app_categoriaunidad_nombre_613fd953_like ON public.estructura_app_categoriaunidad USING btree (nombre varchar_pattern_ops);


--
-- Name: estructura_app_movimientounidad_actualizado_por_id_94de4fc1; Type: INDEX; Schema: public; Owner: -
--

CREATE INDEX estructura_app_movimientounidad_actualizado_por_id_94de4fc1 ON public.estructura_app_movimientounidad USING btree (actualizado_por_id);


--
-- Name: estructura_app_movimientounidad_creado_por_id_7cd15e41; Type: INDEX; Schema: public; Owner: -
--

CREATE INDEX estructura_app_movimientounidad_creado_por_id_7cd15e41 ON public.estructura_app_movimientounidad USING btree (creado_por_id);


--
-- Name: estructura_app_movimientounidad_unidad_id_33cc3b33; Type: INDEX; Schema: public; Owner: -
--

CREATE INDEX estructura_app_movimientounidad_unidad_id_33cc3b33 ON public.estructura_app_movimientounidad USING btree (unidad_id);


--
-- Name: estructura_app_movimientounidadlog_movimiento_id_5ef7680b; Type: INDEX; Schema: public; Owner: -
--

CREATE INDEX estructura_app_movimientounidadlog_movimiento_id_5ef7680b ON public.estructura_app_movimientounidadlog USING btree (movimiento_id);


--
-- Name: estructura_app_movimientounidadlog_usuario_id_5d775fcb; Type: INDEX; Schema: public; Owner: -
--

CREATE INDEX estructura_app_movimientounidadlog_usuario_id_5d775fcb ON public.estructura_app_movimientounidadlog USING btree (usuario_id);


--
-- Name: estructura_app_reporteunidadcierre_creado_por_id_72991e3f; Type: INDEX; Schema: public; Owner: -
--

CREATE INDEX estructura_app_reporteunidadcierre_creado_por_id_72991e3f ON public.estructura_app_reporteunidadcierre USING btree (creado_por_id);


--
-- Name: estructura_app_reporteunidadcierre_unidad_id_34c130c7; Type: INDEX; Schema: public; Owner: -
--

CREATE INDEX estructura_app_reporteunidadcierre_unidad_id_34c130c7 ON public.estructura_app_reporteunidadcierre USING btree (unidad_id);


--
-- Name: estructura_app_reporteunidadperiodo_creado_por_id_6a77f3e1; Type: INDEX; Schema: public; Owner: -
--

CREATE INDEX estructura_app_reporteunidadperiodo_creado_por_id_6a77f3e1 ON public.estructura_app_reporteunidadperiodo USING btree (creado_por_id);


--
-- Name: estructura_app_reporteunidadperiodo_unidad_id_bf1b87f4; Type: INDEX; Schema: public; Owner: -
--

CREATE INDEX estructura_app_reporteunidadperiodo_unidad_id_bf1b87f4 ON public.estructura_app_reporteunidadperiodo USING btree (unidad_id);


--
-- Name: estructura_app_rolunidad_nombre_75a851d4_like; Type: INDEX; Schema: public; Owner: -
--

CREATE INDEX estructura_app_rolunidad_nombre_75a851d4_like ON public.estructura_app_rolunidad USING btree (nombre varchar_pattern_ops);


--
-- Name: estructura_app_tipounidad_nombre_72b59ee7_like; Type: INDEX; Schema: public; Owner: -
--

CREATE INDEX estructura_app_tipounidad_nombre_72b59ee7_like ON public.estructura_app_tipounidad USING btree (nombre varchar_pattern_ops);


--
-- Name: estructura_app_unidad_categoria_id_696ba436; Type: INDEX; Schema: public; Owner: -
--

CREATE INDEX estructura_app_unidad_categoria_id_696ba436 ON public.estructura_app_unidad USING btree (categoria_id);


--
-- Name: estructura_app_unidad_padre_id_b0880b85; Type: INDEX; Schema: public; Owner: -
--

CREATE INDEX estructura_app_unidad_padre_id_b0880b85 ON public.estructura_app_unidad USING btree (padre_id);


--
-- Name: estructura_app_unidad_tipo_id_516b566a; Type: INDEX; Schema: public; Owner: -
--

CREATE INDEX estructura_app_unidad_tipo_id_516b566a ON public.estructura_app_unidad USING btree (tipo_id);


--
-- Name: estructura_app_unidadcargo_miembo_fk_id_a77f2663; Type: INDEX; Schema: public; Owner: -
--

CREATE INDEX estructura_app_unidadcargo_miembo_fk_id_a77f2663 ON public.estructura_app_unidadcargo USING btree (miembo_fk_id);


--
-- Name: estructura_app_unidadcargo_rol_id_e923924f; Type: INDEX; Schema: public; Owner: -
--

CREATE INDEX estructura_app_unidadcargo_rol_id_e923924f ON public.estructura_app_unidadcargo USING btree (rol_id);


--
-- Name: estructura_app_unidadcargo_unidad_id_b3ec1743; Type: INDEX; Schema: public; Owner: -
--

CREATE INDEX estructura_app_unidadcargo_unidad_id_b3ec1743 ON public.estructura_app_unidadcargo USING btree (unidad_id);


--
-- Name: estructura_app_unidadmembresia_miembo_fk_id_9ead35e7; Type: INDEX; Schema: public; Owner: -
--

CREATE INDEX estructura_app_unidadmembresia_miembo_fk_id_9ead35e7 ON public.estructura_app_unidadmembresia USING btree (miembo_fk_id);


--
-- Name: estructura_app_unidadmembresia_rol_id_c1bbf15f; Type: INDEX; Schema: public; Owner: -
--

CREATE INDEX estructura_app_unidadmembresia_rol_id_c1bbf15f ON public.estructura_app_unidadmembresia USING btree (rol_id);


--
-- Name: estructura_app_unidadmembresia_unidad_id_65a63cb2; Type: INDEX; Schema: public; Owner: -
--

CREATE INDEX estructura_app_unidadmembresia_unidad_id_65a63cb2 ON public.estructura_app_unidadmembresia USING btree (unidad_id);


--
-- Name: evaluacione_diagnos_40bc18_idx; Type: INDEX; Schema: public; Owner: -
--

CREATE INDEX evaluacione_diagnos_40bc18_idx ON public.evaluaciones_app_evaluacionunidad USING btree (diagnostico);


--
-- Name: evaluacione_estado__7ce077_idx; Type: INDEX; Schema: public; Owner: -
--

CREATE INDEX evaluacione_estado__7ce077_idx ON public.evaluaciones_app_evaluacionmiembro USING btree (estado_espiritual);


--
-- Name: evaluacione_estado__b44f09_idx; Type: INDEX; Schema: public; Owner: -
--

CREATE INDEX evaluacione_estado__b44f09_idx ON public.evaluaciones_app_evaluacionunidad USING btree (estado_workflow);


--
-- Name: evaluacione_evaluac_04eb72_idx; Type: INDEX; Schema: public; Owner: -
--

CREATE INDEX evaluacione_evaluac_04eb72_idx ON public.evaluaciones_app_evaluacionmiembro USING btree (evaluacion_id);


--
-- Name: evaluacione_miembro_c82e11_idx; Type: INDEX; Schema: public; Owner: -
--

CREATE INDEX evaluacione_miembro_c82e11_idx ON public.evaluaciones_app_evaluacionmiembro USING btree (miembro_id);


--
-- Name: evaluacione_puntaje_ae2893_idx; Type: INDEX; Schema: public; Owner: -
--

CREATE INDEX evaluacione_puntaje_ae2893_idx ON public.evaluaciones_app_evaluacionmiembro USING btree (puntaje_general);


--
-- Name: evaluacione_unidad__7844de_idx; Type: INDEX; Schema: public; Owner: -
--

CREATE INDEX evaluacione_unidad__7844de_idx ON public.evaluaciones_app_evaluacionunidad USING btree (unidad_id, anio, mes);


--
-- Name: evaluaciones_app_evaluacionmiembro_evaluacion_id_925d73db; Type: INDEX; Schema: public; Owner: -
--

CREATE INDEX evaluaciones_app_evaluacionmiembro_evaluacion_id_925d73db ON public.evaluaciones_app_evaluacionmiembro USING btree (evaluacion_id);


--
-- Name: evaluaciones_app_evaluacionmiembro_evaluado_por_id_a67bc449; Type: INDEX; Schema: public; Owner: -
--

CREATE INDEX evaluaciones_app_evaluacionmiembro_evaluado_por_id_a67bc449 ON public.evaluaciones_app_evaluacionmiembro USING btree (evaluado_por_id);


--
-- Name: evaluaciones_app_evaluacionmiembro_miembro_id_3913df55; Type: INDEX; Schema: public; Owner: -
--

CREATE INDEX evaluaciones_app_evaluacionmiembro_miembro_id_3913df55 ON public.evaluaciones_app_evaluacionmiembro USING btree (miembro_id);


--
-- Name: evaluaciones_app_evaluacionunidad_creado_por_id_daef9521; Type: INDEX; Schema: public; Owner: -
--

CREATE INDEX evaluaciones_app_evaluacionunidad_creado_por_id_daef9521 ON public.evaluaciones_app_evaluacionunidad USING btree (creado_por_id);


--
-- Name: evaluaciones_app_evaluacionunidad_perfil_id_ee9de3a3; Type: INDEX; Schema: public; Owner: -
--

CREATE INDEX evaluaciones_app_evaluacionunidad_perfil_id_ee9de3a3 ON public.evaluaciones_app_evaluacionunidad USING btree (perfil_id);


--
-- Name: evaluaciones_app_evaluacionunidad_unidad_id_534e9540; Type: INDEX; Schema: public; Owner: -
--

CREATE INDEX evaluaciones_app_evaluacionunidad_unidad_id_534e9540 ON public.evaluaciones_app_evaluacionunidad USING btree (unidad_id);


--
-- Name: finanzas_ap_estado_f3f352_idx; Type: INDEX; Schema: public; Owner: -
--

CREATE INDEX finanzas_ap_estado_f3f352_idx ON public.finanzas_app_cuentaporpagar USING btree (estado, fecha_vencimiento);


--
-- Name: finanzas_ap_fecha_e_9cb6b0_idx; Type: INDEX; Schema: public; Owner: -
--

CREATE INDEX finanzas_ap_fecha_e_9cb6b0_idx ON public.finanzas_app_cuentaporpagar USING btree (fecha_emision);


--
-- Name: finanzas_app_adjuntomovimiento_movimiento_id_c586b00c; Type: INDEX; Schema: public; Owner: -
--

CREATE INDEX finanzas_app_adjuntomovimiento_movimiento_id_c586b00c ON public.finanzas_app_adjuntomovimiento USING btree (movimiento_id);


--
-- Name: finanzas_app_adjuntomovimiento_subido_por_id_1d00ffd8; Type: INDEX; Schema: public; Owner: -
--

CREATE INDEX finanzas_app_adjuntomovimiento_subido_por_id_1d00ffd8 ON public.finanzas_app_adjuntomovimiento USING btree (subido_por_id);


--
-- Name: finanzas_app_casillaf001_codigo_913a51b8_like; Type: INDEX; Schema: public; Owner: -
--

CREATE INDEX finanzas_app_casillaf001_codigo_913a51b8_like ON public.finanzas_app_casillaf001 USING btree (codigo varchar_pattern_ops);


--
-- Name: finanzas_app_categoriamovimiento_casilla_f001_id_7a65c672; Type: INDEX; Schema: public; Owner: -
--

CREATE INDEX finanzas_app_categoriamovimiento_casilla_f001_id_7a65c672 ON public.finanzas_app_categoriamovimiento USING btree (casilla_f001_id);


--
-- Name: finanzas_app_categoriamovimiento_codigo_18e712ac_like; Type: INDEX; Schema: public; Owner: -
--

CREATE INDEX finanzas_app_categoriamovimiento_codigo_18e712ac_like ON public.finanzas_app_categoriamovimiento USING btree (codigo varchar_pattern_ops);


--
-- Name: finanzas_app_cuentaporpagar_categoria_id_4296de59; Type: INDEX; Schema: public; Owner: -
--

CREATE INDEX finanzas_app_cuentaporpagar_categoria_id_4296de59 ON public.finanzas_app_cuentaporpagar USING btree (categoria_id);


--
-- Name: finanzas_app_cuentaporpagar_creado_por_id_48265f34; Type: INDEX; Schema: public; Owner: -
--

CREATE INDEX finanzas_app_cuentaporpagar_creado_por_id_48265f34 ON public.finanzas_app_cuentaporpagar USING btree (creado_por_id);


--
-- Name: finanzas_app_cuentaporpagar_cuenta_sugerida_id_52784a00; Type: INDEX; Schema: public; Owner: -
--

CREATE INDEX finanzas_app_cuentaporpagar_cuenta_sugerida_id_52784a00 ON public.finanzas_app_cuentaporpagar USING btree (cuenta_sugerida_id);


--
-- Name: finanzas_app_cuentaporpagar_proveedor_id_87e2a862; Type: INDEX; Schema: public; Owner: -
--

CREATE INDEX finanzas_app_cuentaporpagar_proveedor_id_87e2a862 ON public.finanzas_app_cuentaporpagar USING btree (proveedor_id);


--
-- Name: finanzas_app_movimientofinanciero_anulado_por_id_4b9bf4b6; Type: INDEX; Schema: public; Owner: -
--

CREATE INDEX finanzas_app_movimientofinanciero_anulado_por_id_4b9bf4b6 ON public.finanzas_app_movimientofinanciero USING btree (anulado_por_id);


--
-- Name: finanzas_app_movimientofinanciero_categoria_id_ee85dd81; Type: INDEX; Schema: public; Owner: -
--

CREATE INDEX finanzas_app_movimientofinanciero_categoria_id_ee85dd81 ON public.finanzas_app_movimientofinanciero USING btree (categoria_id);


--
-- Name: finanzas_app_movimientofinanciero_creado_por_id_fe4bc68f; Type: INDEX; Schema: public; Owner: -
--

CREATE INDEX finanzas_app_movimientofinanciero_creado_por_id_fe4bc68f ON public.finanzas_app_movimientofinanciero USING btree (creado_por_id);


--
-- Name: finanzas_app_movimientofinanciero_cuenta_id_95f7f8c1; Type: INDEX; Schema: public; Owner: -
--

CREATE INDEX finanzas_app_movimientofinanciero_cuenta_id_95f7f8c1 ON public.finanzas_app_movimientofinanciero USING btree (cuenta_id);


--
-- Name: finanzas_app_movimientofinanciero_cuenta_por_pagar_id_5a08ac28; Type: INDEX; Schema: public; Owner: -
--

CREATE INDEX finanzas_app_movimientofinanciero_cuenta_por_pagar_id_5a08ac28 ON public.finanzas_app_movimientofinanciero USING btree (cuenta_por_pagar_id);


--
-- Name: finanzas_app_movimientofinanciero_persona_asociada_id_6db59fcb; Type: INDEX; Schema: public; Owner: -
--

CREATE INDEX finanzas_app_movimientofinanciero_persona_asociada_id_6db59fcb ON public.finanzas_app_movimientofinanciero USING btree (persona_asociada_id);


--
-- Name: finanzas_app_movimientofinanciero_transferencia_id_58742e0b; Type: INDEX; Schema: public; Owner: -
--

CREATE INDEX finanzas_app_movimientofinanciero_transferencia_id_58742e0b ON public.finanzas_app_movimientofinanciero USING btree (transferencia_id);


--
-- Name: finanzas_app_movimientofinanciero_unidad_id_740d19d1; Type: INDEX; Schema: public; Owner: -
--

CREATE INDEX finanzas_app_movimientofinanciero_unidad_id_740d19d1 ON public.finanzas_app_movimientofinanciero USING btree (unidad_id);


--
-- Name: finanzas_app_proveedorfinanciero_miembro_id_2a178035; Type: INDEX; Schema: public; Owner: -
--

CREATE INDEX finanzas_app_proveedorfinanciero_miembro_id_2a178035 ON public.finanzas_app_proveedorfinanciero USING btree (miembro_id);


--
-- Name: formacion_a_grupo_i_fa8c48_idx; Type: INDEX; Schema: public; Owner: -
--

CREATE INDEX formacion_a_grupo_i_fa8c48_idx ON public.formacion_app_sesiongrupo USING btree (grupo_id, estado, fecha);


--
-- Name: formacion_app_asistenciasesion_miembro_id_172eb7f5; Type: INDEX; Schema: public; Owner: -
--

CREATE INDEX formacion_app_asistenciasesion_miembro_id_172eb7f5 ON public.formacion_app_asistenciasesion USING btree (miembro_id);


--
-- Name: formacion_app_asistenciasesion_sesion_id_0d6f30be; Type: INDEX; Schema: public; Owner: -
--

CREATE INDEX formacion_app_asistenciasesion_sesion_id_0d6f30be ON public.formacion_app_asistenciasesion USING btree (sesion_id);


--
-- Name: formacion_app_cicloprograma_programa_id_8ecf95f2; Type: INDEX; Schema: public; Owner: -
--

CREATE INDEX formacion_app_cicloprograma_programa_id_8ecf95f2 ON public.formacion_app_cicloprograma USING btree (programa_id);


--
-- Name: formacion_app_grupoformati_grupoformativo_id_27e6d150; Type: INDEX; Schema: public; Owner: -
--

CREATE INDEX formacion_app_grupoformati_grupoformativo_id_27e6d150 ON public.formacion_app_grupoformativo_maestros USING btree (grupoformativo_id);


--
-- Name: formacion_app_grupoformati_grupoformativo_id_fa80a503; Type: INDEX; Schema: public; Owner: -
--

CREATE INDEX formacion_app_grupoformati_grupoformativo_id_fa80a503 ON public.formacion_app_grupoformativo_ayudantes USING btree (grupoformativo_id);


--
-- Name: formacion_app_grupoformativo_ayudantes_miembro_id_927cef7a; Type: INDEX; Schema: public; Owner: -
--

CREATE INDEX formacion_app_grupoformativo_ayudantes_miembro_id_927cef7a ON public.formacion_app_grupoformativo_ayudantes USING btree (miembro_id);


--
-- Name: formacion_app_grupoformativo_ciclo_id_d0455e41; Type: INDEX; Schema: public; Owner: -
--

CREATE INDEX formacion_app_grupoformativo_ciclo_id_d0455e41 ON public.formacion_app_grupoformativo USING btree (ciclo_id);


--
-- Name: formacion_app_grupoformativo_maestro_id_f9b21748; Type: INDEX; Schema: public; Owner: -
--

CREATE INDEX formacion_app_grupoformativo_maestro_id_f9b21748 ON public.formacion_app_grupoformativo USING btree (maestro_id);


--
-- Name: formacion_app_grupoformativo_maestros_miembro_id_9558ad94; Type: INDEX; Schema: public; Owner: -
--

CREATE INDEX formacion_app_grupoformativo_maestros_miembro_id_9558ad94 ON public.formacion_app_grupoformativo_maestros USING btree (miembro_id);


--
-- Name: formacion_app_grupoformativo_programa_id_15a899c4; Type: INDEX; Schema: public; Owner: -
--

CREATE INDEX formacion_app_grupoformativo_programa_id_15a899c4 ON public.formacion_app_grupoformativo USING btree (programa_id);


--
-- Name: formacion_app_inscripciongrupo_grupo_id_31efe9fc; Type: INDEX; Schema: public; Owner: -
--

CREATE INDEX formacion_app_inscripciongrupo_grupo_id_31efe9fc ON public.formacion_app_inscripciongrupo USING btree (grupo_id);


--
-- Name: formacion_app_inscripciongrupo_miembro_id_04575a89; Type: INDEX; Schema: public; Owner: -
--

CREATE INDEX formacion_app_inscripciongrupo_miembro_id_04575a89 ON public.formacion_app_inscripciongrupo USING btree (miembro_id);


--
-- Name: formacion_app_programaeducativo_nombre_7a1fdce6_like; Type: INDEX; Schema: public; Owner: -
--

CREATE INDEX formacion_app_programaeducativo_nombre_7a1fdce6_like ON public.formacion_app_programaeducativo USING btree (nombre varchar_pattern_ops);


--
-- Name: formacion_app_programaeducativo_unidad_responsable_id_3f248700; Type: INDEX; Schema: public; Owner: -
--

CREATE INDEX formacion_app_programaeducativo_unidad_responsable_id_3f248700 ON public.formacion_app_programaeducativo USING btree (unidad_responsable_id);


--
-- Name: formacion_app_rolformativo_miembro_id_35ca378d; Type: INDEX; Schema: public; Owner: -
--

CREATE INDEX formacion_app_rolformativo_miembro_id_35ca378d ON public.formacion_app_rolformativo USING btree (miembro_id);


--
-- Name: formacion_app_sesiongrupo_creada_por_id_d81d71b1; Type: INDEX; Schema: public; Owner: -
--

CREATE INDEX formacion_app_sesiongrupo_creada_por_id_d81d71b1 ON public.formacion_app_sesiongrupo USING btree (creada_por_id);


--
-- Name: formacion_app_sesiongrupo_grupo_id_84164c2b; Type: INDEX; Schema: public; Owner: -
--

CREATE INDEX formacion_app_sesiongrupo_grupo_id_84164c2b ON public.formacion_app_sesiongrupo USING btree (grupo_id);


--
-- Name: inventario__codigo_6c29de_idx; Type: INDEX; Schema: public; Owner: -
--

CREATE INDEX inventario__codigo_6c29de_idx ON public.inventario_app_recurso USING btree (codigo);


--
-- Name: inventario__condici_23d569_idx; Type: INDEX; Schema: public; Owner: -
--

CREATE INDEX inventario__condici_23d569_idx ON public.inventario_app_recurso USING btree (condicion_fisica);


--
-- Name: inventario__estado_8fc611_idx; Type: INDEX; Schema: public; Owner: -
--

CREATE INDEX inventario__estado_8fc611_idx ON public.inventario_app_recurso USING btree (estado);


--
-- Name: inventario__numero__b3e00d_idx; Type: INDEX; Schema: public; Owner: -
--

CREATE INDEX inventario__numero__b3e00d_idx ON public.inventario_app_recurso USING btree (numero_serie);


--
-- Name: inventario_app_categoriarecurso_nombre_3312717d_like; Type: INDEX; Schema: public; Owner: -
--

CREATE INDEX inventario_app_categoriarecurso_nombre_3312717d_like ON public.inventario_app_categoriarecurso USING btree (nombre varchar_pattern_ops);


--
-- Name: inventario_app_movimientorecurso_recurso_id_71e17a71; Type: INDEX; Schema: public; Owner: -
--

CREATE INDEX inventario_app_movimientorecurso_recurso_id_71e17a71 ON public.inventario_app_movimientorecurso USING btree (recurso_id);


--
-- Name: inventario_app_movimientorecurso_ubicacion_destino_id_ce3c0672; Type: INDEX; Schema: public; Owner: -
--

CREATE INDEX inventario_app_movimientorecurso_ubicacion_destino_id_ce3c0672 ON public.inventario_app_movimientorecurso USING btree (ubicacion_destino_id);


--
-- Name: inventario_app_movimientorecurso_ubicacion_origen_id_2320769d; Type: INDEX; Schema: public; Owner: -
--

CREATE INDEX inventario_app_movimientorecurso_ubicacion_origen_id_2320769d ON public.inventario_app_movimientorecurso USING btree (ubicacion_origen_id);


--
-- Name: inventario_app_recurso_categoria_id_4c4a9907; Type: INDEX; Schema: public; Owner: -
--

CREATE INDEX inventario_app_recurso_categoria_id_4c4a9907 ON public.inventario_app_recurso USING btree (categoria_id);


--
-- Name: inventario_app_recurso_codigo_4f7ea235_like; Type: INDEX; Schema: public; Owner: -
--

CREATE INDEX inventario_app_recurso_codigo_4f7ea235_like ON public.inventario_app_recurso USING btree (codigo varchar_pattern_ops);


--
-- Name: inventario_app_recurso_ubicacion_id_11547a23; Type: INDEX; Schema: public; Owner: -
--

CREATE INDEX inventario_app_recurso_ubicacion_id_11547a23 ON public.inventario_app_recurso USING btree (ubicacion_id);


--
-- Name: inventario_app_ubicacion_nombre_2fc13eb8_like; Type: INDEX; Schema: public; Owner: -
--

CREATE INDEX inventario_app_ubicacion_nombre_2fc13eb8_like ON public.inventario_app_ubicacion USING btree (nombre varchar_pattern_ops);


--
-- Name: miembros_ap_miembro_0ce784_idx; Type: INDEX; Schema: public; Owner: -
--

CREATE INDEX miembros_ap_miembro_0ce784_idx ON public.miembros_app_timelineevent USING btree (miembro_id, fecha DESC);


--
-- Name: miembros_ap_tipo_b45e4d_idx; Type: INDEX; Schema: public; Owner: -
--

CREATE INDEX miembros_ap_tipo_b45e4d_idx ON public.miembros_app_timelineevent USING btree (tipo, fecha DESC);


--
-- Name: miembros_app_hogarfamiliar_clan_id_8a9c9c49; Type: INDEX; Schema: public; Owner: -
--

CREATE INDEX miembros_app_hogarfamiliar_clan_id_8a9c9c49 ON public.miembros_app_hogarfamiliar USING btree (clan_id);


--
-- Name: miembros_app_hogarmiembro_hogar_id_7cc656f6; Type: INDEX; Schema: public; Owner: -
--

CREATE INDEX miembros_app_hogarmiembro_hogar_id_7cc656f6 ON public.miembros_app_hogarmiembro USING btree (hogar_id);


--
-- Name: miembros_app_hogarmiembro_miembro_id_3a34f3a9; Type: INDEX; Schema: public; Owner: -
--

CREATE INDEX miembros_app_hogarmiembro_miembro_id_3a34f3a9 ON public.miembros_app_hogarmiembro USING btree (miembro_id);


--
-- Name: miembros_app_miembro_codigo_miembro_9329c025_like; Type: INDEX; Schema: public; Owner: -
--

CREATE INDEX miembros_app_miembro_codigo_miembro_9329c025_like ON public.miembros_app_miembro USING btree (codigo_miembro varchar_pattern_ops);


--
-- Name: miembros_app_miembro_codigo_seguimiento_07d7ed92_like; Type: INDEX; Schema: public; Owner: -
--

CREATE INDEX miembros_app_miembro_codigo_seguimiento_07d7ed92_like ON public.miembros_app_miembro USING btree (codigo_seguimiento varchar_pattern_ops);


--
-- Name: miembros_app_miembro_etapa_actual_839e617c; Type: INDEX; Schema: public; Owner: -
--

CREATE INDEX miembros_app_miembro_etapa_actual_839e617c ON public.miembros_app_miembro USING btree (etapa_actual);


--
-- Name: miembros_app_miembro_etapa_actual_839e617c_like; Type: INDEX; Schema: public; Owner: -
--

CREATE INDEX miembros_app_miembro_etapa_actual_839e617c_like ON public.miembros_app_miembro USING btree (etapa_actual varchar_pattern_ops);


--
-- Name: miembros_app_miembro_padre_from_miembro_id_be293202; Type: INDEX; Schema: public; Owner: -
--

CREATE INDEX miembros_app_miembro_padre_from_miembro_id_be293202 ON public.miembros_app_miembro_padres_espirituales USING btree (from_miembro_id);


--
-- Name: miembros_app_miembro_padres_espirituales_to_miembro_id_c7e970ae; Type: INDEX; Schema: public; Owner: -
--

CREATE INDEX miembros_app_miembro_padres_espirituales_to_miembro_id_c7e970ae ON public.miembros_app_miembro_padres_espirituales USING btree (to_miembro_id);


--
-- Name: miembros_app_miembro_razon_salida_id_dd625f85; Type: INDEX; Schema: public; Owner: -
--

CREATE INDEX miembros_app_miembro_razon_salida_id_dd625f85 ON public.miembros_app_miembro USING btree (razon_salida_id);


--
-- Name: miembros_app_miembro_telefono_norm_6d78c78a; Type: INDEX; Schema: public; Owner: -
--

CREATE INDEX miembros_app_miembro_telefono_norm_6d78c78a ON public.miembros_app_miembro USING btree (telefono_norm);


--
-- Name: miembros_app_miembro_telefono_norm_6d78c78a_like; Type: INDEX; Schema: public; Owner: -
--

CREATE INDEX miembros_app_miembro_telefono_norm_6d78c78a_like ON public.miembros_app_miembro USING btree (telefono_norm varchar_pattern_ops);


--
-- Name: miembros_app_miembrobitacora_creado_por_id_b8ba66d5; Type: INDEX; Schema: public; Owner: -
--

CREATE INDEX miembros_app_miembrobitacora_creado_por_id_b8ba66d5 ON public.miembros_app_miembrobitacora USING btree (creado_por_id);


--
-- Name: miembros_app_miembrobitacora_fecha_fe70249e; Type: INDEX; Schema: public; Owner: -
--

CREATE INDEX miembros_app_miembrobitacora_fecha_fe70249e ON public.miembros_app_miembrobitacora USING btree (fecha);


--
-- Name: miembros_app_miembrobitacora_miembro_id_a6469010; Type: INDEX; Schema: public; Owner: -
--

CREATE INDEX miembros_app_miembrobitacora_miembro_id_a6469010 ON public.miembros_app_miembrobitacora USING btree (miembro_id);


--
-- Name: miembros_app_miembrorelacion_familiar_id_a7adbeb6; Type: INDEX; Schema: public; Owner: -
--

CREATE INDEX miembros_app_miembrorelacion_familiar_id_a7adbeb6 ON public.miembros_app_miembrorelacion USING btree (familiar_id);


--
-- Name: miembros_app_miembrorelacion_miembro_id_9a9691c0; Type: INDEX; Schema: public; Owner: -
--

CREATE INDEX miembros_app_miembrorelacion_miembro_id_9a9691c0 ON public.miembros_app_miembrorelacion USING btree (miembro_id);


--
-- Name: miembros_app_razonsalidamiembro_nombre_7af8f47c_like; Type: INDEX; Schema: public; Owner: -
--

CREATE INDEX miembros_app_razonsalidamiembro_nombre_7af8f47c_like ON public.miembros_app_razonsalidamiembro USING btree (nombre varchar_pattern_ops);


--
-- Name: miembros_app_timelineevent_fecha_b6b0f854; Type: INDEX; Schema: public; Owner: -
--

CREATE INDEX miembros_app_timelineevent_fecha_b6b0f854 ON public.miembros_app_timelineevent USING btree (fecha);


--
-- Name: miembros_app_timelineevent_miembro_id_5ed71b3e; Type: INDEX; Schema: public; Owner: -
--

CREATE INDEX miembros_app_timelineevent_miembro_id_5ed71b3e ON public.miembros_app_timelineevent USING btree (miembro_id);


--
-- Name: miembros_app_timelineevent_tipo_53fcc131; Type: INDEX; Schema: public; Owner: -
--

CREATE INDEX miembros_app_timelineevent_tipo_53fcc131 ON public.miembros_app_timelineevent USING btree (tipo);


--
-- Name: miembros_app_timelineevent_tipo_53fcc131_like; Type: INDEX; Schema: public; Owner: -
--

CREATE INDEX miembros_app_timelineevent_tipo_53fcc131_like ON public.miembros_app_timelineevent USING btree (tipo varchar_pattern_ops);


--
-- Name: miembros_app_timelineevent_usuario_id_d494f0df; Type: INDEX; Schema: public; Owner: -
--

CREATE INDEX miembros_app_timelineevent_usuario_id_d494f0df ON public.miembros_app_timelineevent USING btree (usuario_id);


--
-- Name: notificacio_user_id_0a0895_idx; Type: INDEX; Schema: public; Owner: -
--

CREATE INDEX notificacio_user_id_0a0895_idx ON public.notificaciones_app_pushsubscription USING btree (user_id, activo);


--
-- Name: notificaciones_app_notification_usuario_id_a134b40e; Type: INDEX; Schema: public; Owner: -
--

CREATE INDEX notificaciones_app_notification_usuario_id_a134b40e ON public.notificaciones_app_notification USING btree (usuario_id);


--
-- Name: notificaciones_app_pushsubscription_endpoint_218d2067_like; Type: INDEX; Schema: public; Owner: -
--

CREATE INDEX notificaciones_app_pushsubscription_endpoint_218d2067_like ON public.notificaciones_app_pushsubscription USING btree (endpoint text_pattern_ops);


--
-- Name: notificaciones_app_pushsubscription_user_id_97c21d0c; Type: INDEX; Schema: public; Owner: -
--

CREATE INDEX notificaciones_app_pushsubscription_user_id_97c21d0c ON public.notificaciones_app_pushsubscription USING btree (user_id);


--
-- Name: nuevo_creyente_app_nuevocr_expediente_id_af4c4d5f; Type: INDEX; Schema: public; Owner: -
--

CREATE INDEX nuevo_creyente_app_nuevocr_expediente_id_af4c4d5f ON public.nuevo_creyente_app_nuevocreyentepadreespiritual USING btree (expediente_id);


--
-- Name: nuevo_creyente_app_nuevocr_padre_id_d939554e; Type: INDEX; Schema: public; Owner: -
--

CREATE INDEX nuevo_creyente_app_nuevocr_padre_id_d939554e ON public.nuevo_creyente_app_nuevocreyentepadreespiritual USING btree (padre_id);


--
-- Name: nuevo_creyente_app_nuevocr_responsable_id_884180b4; Type: INDEX; Schema: public; Owner: -
--

CREATE INDEX nuevo_creyente_app_nuevocr_responsable_id_884180b4 ON public.nuevo_creyente_app_nuevocreyenteexpediente USING btree (responsable_id);


--
-- Name: nuevo_creyente_app_nuevocr_unidad_responsable_id_b17b035f; Type: INDEX; Schema: public; Owner: -
--

CREATE INDEX nuevo_creyente_app_nuevocr_unidad_responsable_id_b17b035f ON public.nuevo_creyente_app_nuevocreyenteexpediente USING btree (unidad_responsable_id);


--
-- Name: nuevo_creyente_app_nuevocreyentebitacora_creado_por_id_5df02055; Type: INDEX; Schema: public; Owner: -
--

CREATE INDEX nuevo_creyente_app_nuevocreyentebitacora_creado_por_id_5df02055 ON public.nuevo_creyente_app_nuevocreyentebitacora USING btree (creado_por_id);


--
-- Name: nuevo_creyente_app_nuevocreyentebitacora_expediente_id_2869b416; Type: INDEX; Schema: public; Owner: -
--

CREATE INDEX nuevo_creyente_app_nuevocreyentebitacora_expediente_id_2869b416 ON public.nuevo_creyente_app_nuevocreyentebitacora USING btree (expediente_id);


--
-- Name: nuevo_creyente_app_nuevocreyentebitacora_fecha_787584ad; Type: INDEX; Schema: public; Owner: -
--

CREATE INDEX nuevo_creyente_app_nuevocreyentebitacora_fecha_787584ad ON public.nuevo_creyente_app_nuevocreyentebitacora USING btree (fecha);


--
-- Name: nuevo_creyente_app_nuevocreyenteexpediente_estado_bc1ff002; Type: INDEX; Schema: public; Owner: -
--

CREATE INDEX nuevo_creyente_app_nuevocreyenteexpediente_estado_bc1ff002 ON public.nuevo_creyente_app_nuevocreyenteexpediente USING btree (estado);


--
-- Name: nuevo_creyente_app_nuevocreyenteexpediente_estado_bc1ff002_like; Type: INDEX; Schema: public; Owner: -
--

CREATE INDEX nuevo_creyente_app_nuevocreyenteexpediente_estado_bc1ff002_like ON public.nuevo_creyente_app_nuevocreyenteexpediente USING btree (estado varchar_pattern_ops);


--
-- Name: nuevo_creyente_app_nuevocreyenteexpediente_etapa_e88bc0e5; Type: INDEX; Schema: public; Owner: -
--

CREATE INDEX nuevo_creyente_app_nuevocreyenteexpediente_etapa_e88bc0e5 ON public.nuevo_creyente_app_nuevocreyenteexpediente USING btree (etapa);


--
-- Name: nuevo_creyente_app_nuevocreyenteexpediente_etapa_e88bc0e5_like; Type: INDEX; Schema: public; Owner: -
--

CREATE INDEX nuevo_creyente_app_nuevocreyenteexpediente_etapa_e88bc0e5_like ON public.nuevo_creyente_app_nuevocreyenteexpediente USING btree (etapa varchar_pattern_ops);


--
-- Name: nuevo_creyente_app_nuevocreyenteexpediente_fecha_envio_fa172a7b; Type: INDEX; Schema: public; Owner: -
--

CREATE INDEX nuevo_creyente_app_nuevocreyenteexpediente_fecha_envio_fa172a7b ON public.nuevo_creyente_app_nuevocreyenteexpediente USING btree (fecha_envio);


--
-- Name: unique_cedula_miembro; Type: INDEX; Schema: public; Owner: -
--

CREATE UNIQUE INDEX unique_cedula_miembro ON public.miembros_app_miembro USING btree (cedula) WHERE (cedula IS NOT NULL);


--
-- Name: uq_proveedor_tipo_doc_documento; Type: INDEX; Schema: public; Owner: -
--

CREATE UNIQUE INDEX uq_proveedor_tipo_doc_documento ON public.finanzas_app_proveedorfinanciero USING btree (tipo_documento, documento) WHERE ((documento IS NOT NULL) AND (NOT (((documento)::text = ''::text) AND (documento IS NOT NULL))));


--
-- Name: votacion_app_candidato_miembro_id_02e5b935; Type: INDEX; Schema: public; Owner: -
--

CREATE INDEX votacion_app_candidato_miembro_id_02e5b935 ON public.votacion_app_candidato USING btree (miembro_id);


--
-- Name: votacion_app_candidato_votacion_id_c1925688; Type: INDEX; Schema: public; Owner: -
--

CREATE INDEX votacion_app_candidato_votacion_id_c1925688 ON public.votacion_app_candidato USING btree (votacion_id);


--
-- Name: votacion_app_listacandidatos_codigo_lista_2b6608fd_like; Type: INDEX; Schema: public; Owner: -
--

CREATE INDEX votacion_app_listacandidatos_codigo_lista_2b6608fd_like ON public.votacion_app_listacandidatos USING btree (codigo_lista varchar_pattern_ops);


--
-- Name: votacion_app_listacandidatositem_lista_id_5c8495e7; Type: INDEX; Schema: public; Owner: -
--

CREATE INDEX votacion_app_listacandidatositem_lista_id_5c8495e7 ON public.votacion_app_listacandidatositem USING btree (lista_id);


--
-- Name: votacion_app_listacandidatositem_miembro_id_3be744c2; Type: INDEX; Schema: public; Owner: -
--

CREATE INDEX votacion_app_listacandidatositem_miembro_id_3be744c2 ON public.votacion_app_listacandidatositem USING btree (miembro_id);


--
-- Name: votacion_app_ronda_votacion_id_a492cbaf; Type: INDEX; Schema: public; Owner: -
--

CREATE INDEX votacion_app_ronda_votacion_id_a492cbaf ON public.votacion_app_ronda USING btree (votacion_id);


--
-- Name: votacion_app_voto_candidato_id_140b5400; Type: INDEX; Schema: public; Owner: -
--

CREATE INDEX votacion_app_voto_candidato_id_140b5400 ON public.votacion_app_voto USING btree (candidato_id);


--
-- Name: votacion_app_voto_miembro_id_add18b81; Type: INDEX; Schema: public; Owner: -
--

CREATE INDEX votacion_app_voto_miembro_id_add18b81 ON public.votacion_app_voto USING btree (miembro_id);


--
-- Name: votacion_app_voto_ronda_id_a3097ca2; Type: INDEX; Schema: public; Owner: -
--

CREATE INDEX votacion_app_voto_ronda_id_a3097ca2 ON public.votacion_app_voto USING btree (ronda_id);


--
-- Name: votacion_app_voto_votacion_id_c513a2cf; Type: INDEX; Schema: public; Owner: -
--

CREATE INDEX votacion_app_voto_votacion_id_c513a2cf ON public.votacion_app_voto USING btree (votacion_id);


--
-- Name: actualizacion_datos_miembros_altafamilialog actualizacion_datos__acceso_id_e06b9aa8_fk_actualiza; Type: FK CONSTRAINT; Schema: public; Owner: -
--

ALTER TABLE ONLY public.actualizacion_datos_miembros_altafamilialog
    ADD CONSTRAINT actualizacion_datos__acceso_id_e06b9aa8_fk_actualiza FOREIGN KEY (acceso_id) REFERENCES public.actualizacion_datos_miembros_accesoaltafamilia(id) DEFERRABLE INITIALLY DEFERRED;


--
-- Name: actualizacion_datos_miembros_solicitudactualizacionmiembro actualizacion_datos__miembro_id_3af81af9_fk_miembros_; Type: FK CONSTRAINT; Schema: public; Owner: -
--

ALTER TABLE ONLY public.actualizacion_datos_miembros_solicitudactualizacionmiembro
    ADD CONSTRAINT actualizacion_datos__miembro_id_3af81af9_fk_miembros_ FOREIGN KEY (miembro_id) REFERENCES public.miembros_app_miembro(id) DEFERRABLE INITIALLY DEFERRED;


--
-- Name: actualizacion_datos_miembros_accesoactualizaciondatos actualizacion_datos__miembro_id_7fbdbf60_fk_miembros_; Type: FK CONSTRAINT; Schema: public; Owner: -
--

ALTER TABLE ONLY public.actualizacion_datos_miembros_accesoactualizaciondatos
    ADD CONSTRAINT actualizacion_datos__miembro_id_7fbdbf60_fk_miembros_ FOREIGN KEY (miembro_id) REFERENCES public.miembros_app_miembro(id) DEFERRABLE INITIALLY DEFERRED;


--
-- Name: actualizacion_datos_miembros_altafamilialog actualizacion_datos__principal_id_316c1165_fk_miembros_; Type: FK CONSTRAINT; Schema: public; Owner: -
--

ALTER TABLE ONLY public.actualizacion_datos_miembros_altafamilialog
    ADD CONSTRAINT actualizacion_datos__principal_id_316c1165_fk_miembros_ FOREIGN KEY (principal_id) REFERENCES public.miembros_app_miembro(id) DEFERRABLE INITIALLY DEFERRED;


--
-- Name: actualizacion_datos_miembros_altafamilialog actualizacion_datos__revisado_por_id_08aa27c3_fk_auth_user; Type: FK CONSTRAINT; Schema: public; Owner: -
--

ALTER TABLE ONLY public.actualizacion_datos_miembros_altafamilialog
    ADD CONSTRAINT actualizacion_datos__revisado_por_id_08aa27c3_fk_auth_user FOREIGN KEY (revisado_por_id) REFERENCES public.auth_user(id) DEFERRABLE INITIALLY DEFERRED;


--
-- Name: actualizacion_datos_miembros_solicitudaltamiembro actualizacion_datos__revisado_por_id_70da4552_fk_auth_user; Type: FK CONSTRAINT; Schema: public; Owner: -
--

ALTER TABLE ONLY public.actualizacion_datos_miembros_solicitudaltamiembro
    ADD CONSTRAINT actualizacion_datos__revisado_por_id_70da4552_fk_auth_user FOREIGN KEY (revisado_por_id) REFERENCES public.auth_user(id) DEFERRABLE INITIALLY DEFERRED;


--
-- Name: actualizacion_datos_miembros_solicitudactualizacionmiembro actualizacion_datos__revisado_por_id_b60cabd4_fk_auth_user; Type: FK CONSTRAINT; Schema: public; Owner: -
--

ALTER TABLE ONLY public.actualizacion_datos_miembros_solicitudactualizacionmiembro
    ADD CONSTRAINT actualizacion_datos__revisado_por_id_b60cabd4_fk_auth_user FOREIGN KEY (revisado_por_id) REFERENCES public.auth_user(id) DEFERRABLE INITIALLY DEFERRED;


--
-- Name: agenda_app_actividadrecordatorio agenda_app_actividad_actividad_id_5f4276ad_fk_agenda_ap; Type: FK CONSTRAINT; Schema: public; Owner: -
--

ALTER TABLE ONLY public.agenda_app_actividadrecordatorio
    ADD CONSTRAINT agenda_app_actividad_actividad_id_5f4276ad_fk_agenda_ap FOREIGN KEY (actividad_id) REFERENCES public.agenda_app_actividad(id) DEFERRABLE INITIALLY DEFERRED;


--
-- Name: agenda_app_actividad agenda_app_actividad_unidad_id_859c3bec_fk_estructur; Type: FK CONSTRAINT; Schema: public; Owner: -
--

ALTER TABLE ONLY public.agenda_app_actividad
    ADD CONSTRAINT agenda_app_actividad_unidad_id_859c3bec_fk_estructur FOREIGN KEY (unidad_id) REFERENCES public.estructura_app_unidad(id) DEFERRABLE INITIALLY DEFERRED;


--
-- Name: auth_group_permissions auth_group_permissio_permission_id_84c5c92e_fk_auth_perm; Type: FK CONSTRAINT; Schema: public; Owner: -
--

ALTER TABLE ONLY public.auth_group_permissions
    ADD CONSTRAINT auth_group_permissio_permission_id_84c5c92e_fk_auth_perm FOREIGN KEY (permission_id) REFERENCES public.auth_permission(id) DEFERRABLE INITIALLY DEFERRED;


--
-- Name: auth_group_permissions auth_group_permissions_group_id_b120cbf9_fk_auth_group_id; Type: FK CONSTRAINT; Schema: public; Owner: -
--

ALTER TABLE ONLY public.auth_group_permissions
    ADD CONSTRAINT auth_group_permissions_group_id_b120cbf9_fk_auth_group_id FOREIGN KEY (group_id) REFERENCES public.auth_group(id) DEFERRABLE INITIALLY DEFERRED;


--
-- Name: auth_permission auth_permission_content_type_id_2f476e4b_fk_django_co; Type: FK CONSTRAINT; Schema: public; Owner: -
--

ALTER TABLE ONLY public.auth_permission
    ADD CONSTRAINT auth_permission_content_type_id_2f476e4b_fk_django_co FOREIGN KEY (content_type_id) REFERENCES public.django_content_type(id) DEFERRABLE INITIALLY DEFERRED;


--
-- Name: auth_user_groups auth_user_groups_group_id_97559544_fk_auth_group_id; Type: FK CONSTRAINT; Schema: public; Owner: -
--

ALTER TABLE ONLY public.auth_user_groups
    ADD CONSTRAINT auth_user_groups_group_id_97559544_fk_auth_group_id FOREIGN KEY (group_id) REFERENCES public.auth_group(id) DEFERRABLE INITIALLY DEFERRED;


--
-- Name: auth_user_groups auth_user_groups_user_id_6a12ed8b_fk_auth_user_id; Type: FK CONSTRAINT; Schema: public; Owner: -
--

ALTER TABLE ONLY public.auth_user_groups
    ADD CONSTRAINT auth_user_groups_user_id_6a12ed8b_fk_auth_user_id FOREIGN KEY (user_id) REFERENCES public.auth_user(id) DEFERRABLE INITIALLY DEFERRED;


--
-- Name: auth_user_user_permissions auth_user_user_permi_permission_id_1fbb5f2c_fk_auth_perm; Type: FK CONSTRAINT; Schema: public; Owner: -
--

ALTER TABLE ONLY public.auth_user_user_permissions
    ADD CONSTRAINT auth_user_user_permi_permission_id_1fbb5f2c_fk_auth_perm FOREIGN KEY (permission_id) REFERENCES public.auth_permission(id) DEFERRABLE INITIALLY DEFERRED;


--
-- Name: auth_user_user_permissions auth_user_user_permissions_user_id_a95ead1b_fk_auth_user_id; Type: FK CONSTRAINT; Schema: public; Owner: -
--

ALTER TABLE ONLY public.auth_user_user_permissions
    ADD CONSTRAINT auth_user_user_permissions_user_id_a95ead1b_fk_auth_user_id FOREIGN KEY (user_id) REFERENCES public.auth_user(id) DEFERRABLE INITIALLY DEFERRED;


--
-- Name: codigo_qr_qrenvio codigo_qr_qrenvio_creado_por_id_8c47496b_fk_auth_user_id; Type: FK CONSTRAINT; Schema: public; Owner: -
--

ALTER TABLE ONLY public.codigo_qr_qrenvio
    ADD CONSTRAINT codigo_qr_qrenvio_creado_por_id_8c47496b_fk_auth_user_id FOREIGN KEY (creado_por_id) REFERENCES public.auth_user(id) DEFERRABLE INITIALLY DEFERRED;


--
-- Name: codigo_qr_qrenvio codigo_qr_qrenvio_enviado_por_id_5910ccd2_fk_auth_user_id; Type: FK CONSTRAINT; Schema: public; Owner: -
--

ALTER TABLE ONLY public.codigo_qr_qrenvio
    ADD CONSTRAINT codigo_qr_qrenvio_enviado_por_id_5910ccd2_fk_auth_user_id FOREIGN KEY (enviado_por_id) REFERENCES public.auth_user(id) DEFERRABLE INITIALLY DEFERRED;


--
-- Name: codigo_qr_qrenvio codigo_qr_qrenvio_miembro_id_114babc4_fk_miembros_; Type: FK CONSTRAINT; Schema: public; Owner: -
--

ALTER TABLE ONLY public.codigo_qr_qrenvio
    ADD CONSTRAINT codigo_qr_qrenvio_miembro_id_114babc4_fk_miembros_ FOREIGN KEY (miembro_id) REFERENCES public.miembros_app_miembro(id) DEFERRABLE INITIALLY DEFERRED;


--
-- Name: codigo_qr_qrenvio codigo_qr_qrenvio_token_id_ecde1309_fk_codigo_qr_qrtoken_id; Type: FK CONSTRAINT; Schema: public; Owner: -
--

ALTER TABLE ONLY public.codigo_qr_qrenvio
    ADD CONSTRAINT codigo_qr_qrenvio_token_id_ecde1309_fk_codigo_qr_qrtoken_id FOREIGN KEY (token_id) REFERENCES public.codigo_qr_qrtoken(id) DEFERRABLE INITIALLY DEFERRED;


--
-- Name: codigo_qr_qrscanlog codigo_qr_qrscanlog_escaneado_por_id_f21b9493_fk_auth_user_id; Type: FK CONSTRAINT; Schema: public; Owner: -
--

ALTER TABLE ONLY public.codigo_qr_qrscanlog
    ADD CONSTRAINT codigo_qr_qrscanlog_escaneado_por_id_f21b9493_fk_auth_user_id FOREIGN KEY (escaneado_por_id) REFERENCES public.auth_user(id) DEFERRABLE INITIALLY DEFERRED;


--
-- Name: codigo_qr_qrscanlog codigo_qr_qrscanlog_token_id_664c81b9_fk_codigo_qr_qrtoken_id; Type: FK CONSTRAINT; Schema: public; Owner: -
--

ALTER TABLE ONLY public.codigo_qr_qrscanlog
    ADD CONSTRAINT codigo_qr_qrscanlog_token_id_664c81b9_fk_codigo_qr_qrtoken_id FOREIGN KEY (token_id) REFERENCES public.codigo_qr_qrtoken(id) DEFERRABLE INITIALLY DEFERRED;


--
-- Name: codigo_qr_qrtoken codigo_qr_qrtoken_miembro_id_2e694ca9_fk_miembros_; Type: FK CONSTRAINT; Schema: public; Owner: -
--

ALTER TABLE ONLY public.codigo_qr_qrtoken
    ADD CONSTRAINT codigo_qr_qrtoken_miembro_id_2e694ca9_fk_miembros_ FOREIGN KEY (miembro_id) REFERENCES public.miembros_app_miembro(id) DEFERRABLE INITIALLY DEFERRED;


--
-- Name: core_documentocompartido core_documentocompartido_creado_por_id_2a054826_fk_auth_user_id; Type: FK CONSTRAINT; Schema: public; Owner: -
--

ALTER TABLE ONLY public.core_documentocompartido
    ADD CONSTRAINT core_documentocompartido_creado_por_id_2a054826_fk_auth_user_id FOREIGN KEY (creado_por_id) REFERENCES public.auth_user(id) DEFERRABLE INITIALLY DEFERRED;


--
-- Name: core_userengagement core_userengagement_user_id_1e3b1978_fk_auth_user_id; Type: FK CONSTRAINT; Schema: public; Owner: -
--

ALTER TABLE ONLY public.core_userengagement
    ADD CONSTRAINT core_userengagement_user_id_1e3b1978_fk_auth_user_id FOREIGN KEY (user_id) REFERENCES public.auth_user(id) DEFERRABLE INITIALLY DEFERRED;


--
-- Name: core_userloginhistory core_userloginhistory_user_id_23c48a21_fk_auth_user_id; Type: FK CONSTRAINT; Schema: public; Owner: -
--

ALTER TABLE ONLY public.core_userloginhistory
    ADD CONSTRAINT core_userloginhistory_user_id_23c48a21_fk_auth_user_id FOREIGN KEY (user_id) REFERENCES public.auth_user(id) DEFERRABLE INITIALLY DEFERRED;


--
-- Name: core_usuariotemporal core_usuariotemporal_creado_por_id_c223759e_fk_auth_user_id; Type: FK CONSTRAINT; Schema: public; Owner: -
--

ALTER TABLE ONLY public.core_usuariotemporal
    ADD CONSTRAINT core_usuariotemporal_creado_por_id_c223759e_fk_auth_user_id FOREIGN KEY (creado_por_id) REFERENCES public.auth_user(id) DEFERRABLE INITIALLY DEFERRED;


--
-- Name: core_usuariotemporal core_usuariotemporal_user_id_7a12b187_fk_auth_user_id; Type: FK CONSTRAINT; Schema: public; Owner: -
--

ALTER TABLE ONLY public.core_usuariotemporal
    ADD CONSTRAINT core_usuariotemporal_user_id_7a12b187_fk_auth_user_id FOREIGN KEY (user_id) REFERENCES public.auth_user(id) DEFERRABLE INITIALLY DEFERRED;


--
-- Name: django_admin_log django_admin_log_content_type_id_c4bce8eb_fk_django_co; Type: FK CONSTRAINT; Schema: public; Owner: -
--

ALTER TABLE ONLY public.django_admin_log
    ADD CONSTRAINT django_admin_log_content_type_id_c4bce8eb_fk_django_co FOREIGN KEY (content_type_id) REFERENCES public.django_content_type(id) DEFERRABLE INITIALLY DEFERRED;


--
-- Name: django_admin_log django_admin_log_user_id_c564eba6_fk_auth_user_id; Type: FK CONSTRAINT; Schema: public; Owner: -
--

ALTER TABLE ONLY public.django_admin_log
    ADD CONSTRAINT django_admin_log_user_id_c564eba6_fk_auth_user_id FOREIGN KEY (user_id) REFERENCES public.auth_user(id) DEFERRABLE INITIALLY DEFERRED;


--
-- Name: estructura_app_actividadunidad_participantes estructura_app_activ_actividadunidad_id_fa20a43b_fk_estructur; Type: FK CONSTRAINT; Schema: public; Owner: -
--

ALTER TABLE ONLY public.estructura_app_actividadunidad_participantes
    ADD CONSTRAINT estructura_app_activ_actividadunidad_id_fa20a43b_fk_estructur FOREIGN KEY (actividadunidad_id) REFERENCES public.estructura_app_actividadunidad(id) DEFERRABLE INITIALLY DEFERRED;


--
-- Name: estructura_app_actividadunidad estructura_app_activ_creado_por_id_266f945b_fk_auth_user; Type: FK CONSTRAINT; Schema: public; Owner: -
--

ALTER TABLE ONLY public.estructura_app_actividadunidad
    ADD CONSTRAINT estructura_app_activ_creado_por_id_266f945b_fk_auth_user FOREIGN KEY (creado_por_id) REFERENCES public.auth_user(id) DEFERRABLE INITIALLY DEFERRED;


--
-- Name: estructura_app_actividadunidad_participantes estructura_app_activ_miembro_id_e0ca95c5_fk_miembros_; Type: FK CONSTRAINT; Schema: public; Owner: -
--

ALTER TABLE ONLY public.estructura_app_actividadunidad_participantes
    ADD CONSTRAINT estructura_app_activ_miembro_id_e0ca95c5_fk_miembros_ FOREIGN KEY (miembro_id) REFERENCES public.miembros_app_miembro(id) DEFERRABLE INITIALLY DEFERRED;


--
-- Name: estructura_app_actividadunidad estructura_app_activ_responsable_id_d66b3744_fk_miembros_; Type: FK CONSTRAINT; Schema: public; Owner: -
--

ALTER TABLE ONLY public.estructura_app_actividadunidad
    ADD CONSTRAINT estructura_app_activ_responsable_id_d66b3744_fk_miembros_ FOREIGN KEY (responsable_id) REFERENCES public.miembros_app_miembro(id) DEFERRABLE INITIALLY DEFERRED;


--
-- Name: estructura_app_actividadunidad estructura_app_activ_unidad_id_3c3ad6fb_fk_estructur; Type: FK CONSTRAINT; Schema: public; Owner: -
--

ALTER TABLE ONLY public.estructura_app_actividadunidad
    ADD CONSTRAINT estructura_app_activ_unidad_id_3c3ad6fb_fk_estructur FOREIGN KEY (unidad_id) REFERENCES public.estructura_app_unidad(id) DEFERRABLE INITIALLY DEFERRED;


--
-- Name: estructura_app_movimientounidad estructura_app_movim_actualizado_por_id_94de4fc1_fk_auth_user; Type: FK CONSTRAINT; Schema: public; Owner: -
--

ALTER TABLE ONLY public.estructura_app_movimientounidad
    ADD CONSTRAINT estructura_app_movim_actualizado_por_id_94de4fc1_fk_auth_user FOREIGN KEY (actualizado_por_id) REFERENCES public.auth_user(id) DEFERRABLE INITIALLY DEFERRED;


--
-- Name: estructura_app_movimientounidad estructura_app_movim_creado_por_id_7cd15e41_fk_auth_user; Type: FK CONSTRAINT; Schema: public; Owner: -
--

ALTER TABLE ONLY public.estructura_app_movimientounidad
    ADD CONSTRAINT estructura_app_movim_creado_por_id_7cd15e41_fk_auth_user FOREIGN KEY (creado_por_id) REFERENCES public.auth_user(id) DEFERRABLE INITIALLY DEFERRED;


--
-- Name: estructura_app_movimientounidadlog estructura_app_movim_movimiento_id_5ef7680b_fk_estructur; Type: FK CONSTRAINT; Schema: public; Owner: -
--

ALTER TABLE ONLY public.estructura_app_movimientounidadlog
    ADD CONSTRAINT estructura_app_movim_movimiento_id_5ef7680b_fk_estructur FOREIGN KEY (movimiento_id) REFERENCES public.estructura_app_movimientounidad(id) DEFERRABLE INITIALLY DEFERRED;


--
-- Name: estructura_app_movimientounidad estructura_app_movim_unidad_id_33cc3b33_fk_estructur; Type: FK CONSTRAINT; Schema: public; Owner: -
--

ALTER TABLE ONLY public.estructura_app_movimientounidad
    ADD CONSTRAINT estructura_app_movim_unidad_id_33cc3b33_fk_estructur FOREIGN KEY (unidad_id) REFERENCES public.estructura_app_unidad(id) DEFERRABLE INITIALLY DEFERRED;


--
-- Name: estructura_app_movimientounidadlog estructura_app_movim_usuario_id_5d775fcb_fk_auth_user; Type: FK CONSTRAINT; Schema: public; Owner: -
--

ALTER TABLE ONLY public.estructura_app_movimientounidadlog
    ADD CONSTRAINT estructura_app_movim_usuario_id_5d775fcb_fk_auth_user FOREIGN KEY (usuario_id) REFERENCES public.auth_user(id) DEFERRABLE INITIALLY DEFERRED;


--
-- Name: estructura_app_reporteunidadperiodo estructura_app_repor_creado_por_id_6a77f3e1_fk_auth_user; Type: FK CONSTRAINT; Schema: public; Owner: -
--

ALTER TABLE ONLY public.estructura_app_reporteunidadperiodo
    ADD CONSTRAINT estructura_app_repor_creado_por_id_6a77f3e1_fk_auth_user FOREIGN KEY (creado_por_id) REFERENCES public.auth_user(id) DEFERRABLE INITIALLY DEFERRED;


--
-- Name: estructura_app_reporteunidadcierre estructura_app_repor_creado_por_id_72991e3f_fk_auth_user; Type: FK CONSTRAINT; Schema: public; Owner: -
--

ALTER TABLE ONLY public.estructura_app_reporteunidadcierre
    ADD CONSTRAINT estructura_app_repor_creado_por_id_72991e3f_fk_auth_user FOREIGN KEY (creado_por_id) REFERENCES public.auth_user(id) DEFERRABLE INITIALLY DEFERRED;


--
-- Name: estructura_app_reporteunidadcierre estructura_app_repor_unidad_id_34c130c7_fk_estructur; Type: FK CONSTRAINT; Schema: public; Owner: -
--

ALTER TABLE ONLY public.estructura_app_reporteunidadcierre
    ADD CONSTRAINT estructura_app_repor_unidad_id_34c130c7_fk_estructur FOREIGN KEY (unidad_id) REFERENCES public.estructura_app_unidad(id) DEFERRABLE INITIALLY DEFERRED;


--
-- Name: estructura_app_reporteunidadperiodo estructura_app_repor_unidad_id_bf1b87f4_fk_estructur; Type: FK CONSTRAINT; Schema: public; Owner: -
--

ALTER TABLE ONLY public.estructura_app_reporteunidadperiodo
    ADD CONSTRAINT estructura_app_repor_unidad_id_bf1b87f4_fk_estructur FOREIGN KEY (unidad_id) REFERENCES public.estructura_app_unidad(id) DEFERRABLE INITIALLY DEFERRED;


--
-- Name: estructura_app_unidad estructura_app_unida_categoria_id_696ba436_fk_estructur; Type: FK CONSTRAINT; Schema: public; Owner: -
--

ALTER TABLE ONLY public.estructura_app_unidad
    ADD CONSTRAINT estructura_app_unida_categoria_id_696ba436_fk_estructur FOREIGN KEY (categoria_id) REFERENCES public.estructura_app_categoriaunidad(id) DEFERRABLE INITIALLY DEFERRED;


--
-- Name: estructura_app_unidadmembresia estructura_app_unida_miembo_fk_id_9ead35e7_fk_miembros_; Type: FK CONSTRAINT; Schema: public; Owner: -
--

ALTER TABLE ONLY public.estructura_app_unidadmembresia
    ADD CONSTRAINT estructura_app_unida_miembo_fk_id_9ead35e7_fk_miembros_ FOREIGN KEY (miembo_fk_id) REFERENCES public.miembros_app_miembro(id) DEFERRABLE INITIALLY DEFERRED;


--
-- Name: estructura_app_unidadcargo estructura_app_unida_miembo_fk_id_a77f2663_fk_miembros_; Type: FK CONSTRAINT; Schema: public; Owner: -
--

ALTER TABLE ONLY public.estructura_app_unidadcargo
    ADD CONSTRAINT estructura_app_unida_miembo_fk_id_a77f2663_fk_miembros_ FOREIGN KEY (miembo_fk_id) REFERENCES public.miembros_app_miembro(id) DEFERRABLE INITIALLY DEFERRED;


--
-- Name: estructura_app_unidad estructura_app_unida_padre_id_b0880b85_fk_estructur; Type: FK CONSTRAINT; Schema: public; Owner: -
--

ALTER TABLE ONLY public.estructura_app_unidad
    ADD CONSTRAINT estructura_app_unida_padre_id_b0880b85_fk_estructur FOREIGN KEY (padre_id) REFERENCES public.estructura_app_unidad(id) DEFERRABLE INITIALLY DEFERRED;


--
-- Name: estructura_app_unidadmembresia estructura_app_unida_rol_id_c1bbf15f_fk_estructur; Type: FK CONSTRAINT; Schema: public; Owner: -
--

ALTER TABLE ONLY public.estructura_app_unidadmembresia
    ADD CONSTRAINT estructura_app_unida_rol_id_c1bbf15f_fk_estructur FOREIGN KEY (rol_id) REFERENCES public.estructura_app_rolunidad(id) DEFERRABLE INITIALLY DEFERRED;


--
-- Name: estructura_app_unidadcargo estructura_app_unida_rol_id_e923924f_fk_estructur; Type: FK CONSTRAINT; Schema: public; Owner: -
--

ALTER TABLE ONLY public.estructura_app_unidadcargo
    ADD CONSTRAINT estructura_app_unida_rol_id_e923924f_fk_estructur FOREIGN KEY (rol_id) REFERENCES public.estructura_app_rolunidad(id) DEFERRABLE INITIALLY DEFERRED;


--
-- Name: estructura_app_unidad estructura_app_unida_tipo_id_516b566a_fk_estructur; Type: FK CONSTRAINT; Schema: public; Owner: -
--

ALTER TABLE ONLY public.estructura_app_unidad
    ADD CONSTRAINT estructura_app_unida_tipo_id_516b566a_fk_estructur FOREIGN KEY (tipo_id) REFERENCES public.estructura_app_tipounidad(id) DEFERRABLE INITIALLY DEFERRED;


--
-- Name: estructura_app_unidadmembresia estructura_app_unida_unidad_id_65a63cb2_fk_estructur; Type: FK CONSTRAINT; Schema: public; Owner: -
--

ALTER TABLE ONLY public.estructura_app_unidadmembresia
    ADD CONSTRAINT estructura_app_unida_unidad_id_65a63cb2_fk_estructur FOREIGN KEY (unidad_id) REFERENCES public.estructura_app_unidad(id) DEFERRABLE INITIALLY DEFERRED;


--
-- Name: estructura_app_unidadcargo estructura_app_unida_unidad_id_b3ec1743_fk_estructur; Type: FK CONSTRAINT; Schema: public; Owner: -
--

ALTER TABLE ONLY public.estructura_app_unidadcargo
    ADD CONSTRAINT estructura_app_unida_unidad_id_b3ec1743_fk_estructur FOREIGN KEY (unidad_id) REFERENCES public.estructura_app_unidad(id) DEFERRABLE INITIALLY DEFERRED;


--
-- Name: evaluaciones_app_evaluacionunidad evaluaciones_app_eva_creado_por_id_daef9521_fk_auth_user; Type: FK CONSTRAINT; Schema: public; Owner: -
--

ALTER TABLE ONLY public.evaluaciones_app_evaluacionunidad
    ADD CONSTRAINT evaluaciones_app_eva_creado_por_id_daef9521_fk_auth_user FOREIGN KEY (creado_por_id) REFERENCES public.auth_user(id) DEFERRABLE INITIALLY DEFERRED;


--
-- Name: evaluaciones_app_evaluacionmiembro evaluaciones_app_eva_evaluacion_id_925d73db_fk_evaluacio; Type: FK CONSTRAINT; Schema: public; Owner: -
--

ALTER TABLE ONLY public.evaluaciones_app_evaluacionmiembro
    ADD CONSTRAINT evaluaciones_app_eva_evaluacion_id_925d73db_fk_evaluacio FOREIGN KEY (evaluacion_id) REFERENCES public.evaluaciones_app_evaluacionunidad(id) DEFERRABLE INITIALLY DEFERRED;


--
-- Name: evaluaciones_app_evaluacionmiembro evaluaciones_app_eva_evaluado_por_id_a67bc449_fk_auth_user; Type: FK CONSTRAINT; Schema: public; Owner: -
--

ALTER TABLE ONLY public.evaluaciones_app_evaluacionmiembro
    ADD CONSTRAINT evaluaciones_app_eva_evaluado_por_id_a67bc449_fk_auth_user FOREIGN KEY (evaluado_por_id) REFERENCES public.auth_user(id) DEFERRABLE INITIALLY DEFERRED;


--
-- Name: evaluaciones_app_evaluacionmiembro evaluaciones_app_eva_miembro_id_3913df55_fk_miembros_; Type: FK CONSTRAINT; Schema: public; Owner: -
--

ALTER TABLE ONLY public.evaluaciones_app_evaluacionmiembro
    ADD CONSTRAINT evaluaciones_app_eva_miembro_id_3913df55_fk_miembros_ FOREIGN KEY (miembro_id) REFERENCES public.miembros_app_miembro(id) DEFERRABLE INITIALLY DEFERRED;


--
-- Name: evaluaciones_app_evaluacionunidad evaluaciones_app_eva_perfil_id_ee9de3a3_fk_evaluacio; Type: FK CONSTRAINT; Schema: public; Owner: -
--

ALTER TABLE ONLY public.evaluaciones_app_evaluacionunidad
    ADD CONSTRAINT evaluaciones_app_eva_perfil_id_ee9de3a3_fk_evaluacio FOREIGN KEY (perfil_id) REFERENCES public.evaluaciones_app_evaluacionperfilunidad(id) DEFERRABLE INITIALLY DEFERRED;


--
-- Name: evaluaciones_app_evaluacionunidad evaluaciones_app_eva_unidad_id_534e9540_fk_estructur; Type: FK CONSTRAINT; Schema: public; Owner: -
--

ALTER TABLE ONLY public.evaluaciones_app_evaluacionunidad
    ADD CONSTRAINT evaluaciones_app_eva_unidad_id_534e9540_fk_estructur FOREIGN KEY (unidad_id) REFERENCES public.estructura_app_unidad(id) DEFERRABLE INITIALLY DEFERRED;


--
-- Name: evaluaciones_app_evaluacionperfilunidad evaluaciones_app_eva_unidad_id_b9be1cff_fk_estructur; Type: FK CONSTRAINT; Schema: public; Owner: -
--

ALTER TABLE ONLY public.evaluaciones_app_evaluacionperfilunidad
    ADD CONSTRAINT evaluaciones_app_eva_unidad_id_b9be1cff_fk_estructur FOREIGN KEY (unidad_id) REFERENCES public.estructura_app_unidad(id) DEFERRABLE INITIALLY DEFERRED;


--
-- Name: finanzas_app_adjuntomovimiento finanzas_app_adjunto_movimiento_id_c586b00c_fk_finanzas_; Type: FK CONSTRAINT; Schema: public; Owner: -
--

ALTER TABLE ONLY public.finanzas_app_adjuntomovimiento
    ADD CONSTRAINT finanzas_app_adjunto_movimiento_id_c586b00c_fk_finanzas_ FOREIGN KEY (movimiento_id) REFERENCES public.finanzas_app_movimientofinanciero(id) DEFERRABLE INITIALLY DEFERRED;


--
-- Name: finanzas_app_adjuntomovimiento finanzas_app_adjunto_subido_por_id_1d00ffd8_fk_auth_user; Type: FK CONSTRAINT; Schema: public; Owner: -
--

ALTER TABLE ONLY public.finanzas_app_adjuntomovimiento
    ADD CONSTRAINT finanzas_app_adjunto_subido_por_id_1d00ffd8_fk_auth_user FOREIGN KEY (subido_por_id) REFERENCES public.auth_user(id) DEFERRABLE INITIALLY DEFERRED;


--
-- Name: finanzas_app_categoriamovimiento finanzas_app_categor_casilla_f001_id_7a65c672_fk_finanzas_; Type: FK CONSTRAINT; Schema: public; Owner: -
--

ALTER TABLE ONLY public.finanzas_app_categoriamovimiento
    ADD CONSTRAINT finanzas_app_categor_casilla_f001_id_7a65c672_fk_finanzas_ FOREIGN KEY (casilla_f001_id) REFERENCES public.finanzas_app_casillaf001(id) DEFERRABLE INITIALLY DEFERRED;


--
-- Name: finanzas_app_cuentaporpagar finanzas_app_cuentap_categoria_id_4296de59_fk_finanzas_; Type: FK CONSTRAINT; Schema: public; Owner: -
--

ALTER TABLE ONLY public.finanzas_app_cuentaporpagar
    ADD CONSTRAINT finanzas_app_cuentap_categoria_id_4296de59_fk_finanzas_ FOREIGN KEY (categoria_id) REFERENCES public.finanzas_app_categoriamovimiento(id) DEFERRABLE INITIALLY DEFERRED;


--
-- Name: finanzas_app_cuentaporpagar finanzas_app_cuentap_creado_por_id_48265f34_fk_auth_user; Type: FK CONSTRAINT; Schema: public; Owner: -
--

ALTER TABLE ONLY public.finanzas_app_cuentaporpagar
    ADD CONSTRAINT finanzas_app_cuentap_creado_por_id_48265f34_fk_auth_user FOREIGN KEY (creado_por_id) REFERENCES public.auth_user(id) DEFERRABLE INITIALLY DEFERRED;


--
-- Name: finanzas_app_cuentaporpagar finanzas_app_cuentap_cuenta_sugerida_id_52784a00_fk_finanzas_; Type: FK CONSTRAINT; Schema: public; Owner: -
--

ALTER TABLE ONLY public.finanzas_app_cuentaporpagar
    ADD CONSTRAINT finanzas_app_cuentap_cuenta_sugerida_id_52784a00_fk_finanzas_ FOREIGN KEY (cuenta_sugerida_id) REFERENCES public.finanzas_app_cuentafinanciera(id) DEFERRABLE INITIALLY DEFERRED;


--
-- Name: finanzas_app_cuentaporpagar finanzas_app_cuentap_proveedor_id_87e2a862_fk_finanzas_; Type: FK CONSTRAINT; Schema: public; Owner: -
--

ALTER TABLE ONLY public.finanzas_app_cuentaporpagar
    ADD CONSTRAINT finanzas_app_cuentap_proveedor_id_87e2a862_fk_finanzas_ FOREIGN KEY (proveedor_id) REFERENCES public.finanzas_app_proveedorfinanciero(id) DEFERRABLE INITIALLY DEFERRED;


--
-- Name: finanzas_app_movimientofinanciero finanzas_app_movimie_anulado_por_id_4b9bf4b6_fk_auth_user; Type: FK CONSTRAINT; Schema: public; Owner: -
--

ALTER TABLE ONLY public.finanzas_app_movimientofinanciero
    ADD CONSTRAINT finanzas_app_movimie_anulado_por_id_4b9bf4b6_fk_auth_user FOREIGN KEY (anulado_por_id) REFERENCES public.auth_user(id) DEFERRABLE INITIALLY DEFERRED;


--
-- Name: finanzas_app_movimientofinanciero finanzas_app_movimie_categoria_id_ee85dd81_fk_finanzas_; Type: FK CONSTRAINT; Schema: public; Owner: -
--

ALTER TABLE ONLY public.finanzas_app_movimientofinanciero
    ADD CONSTRAINT finanzas_app_movimie_categoria_id_ee85dd81_fk_finanzas_ FOREIGN KEY (categoria_id) REFERENCES public.finanzas_app_categoriamovimiento(id) DEFERRABLE INITIALLY DEFERRED;


--
-- Name: finanzas_app_movimientofinanciero finanzas_app_movimie_creado_por_id_fe4bc68f_fk_auth_user; Type: FK CONSTRAINT; Schema: public; Owner: -
--

ALTER TABLE ONLY public.finanzas_app_movimientofinanciero
    ADD CONSTRAINT finanzas_app_movimie_creado_por_id_fe4bc68f_fk_auth_user FOREIGN KEY (creado_por_id) REFERENCES public.auth_user(id) DEFERRABLE INITIALLY DEFERRED;


--
-- Name: finanzas_app_movimientofinanciero finanzas_app_movimie_cuenta_id_95f7f8c1_fk_finanzas_; Type: FK CONSTRAINT; Schema: public; Owner: -
--

ALTER TABLE ONLY public.finanzas_app_movimientofinanciero
    ADD CONSTRAINT finanzas_app_movimie_cuenta_id_95f7f8c1_fk_finanzas_ FOREIGN KEY (cuenta_id) REFERENCES public.finanzas_app_cuentafinanciera(id) DEFERRABLE INITIALLY DEFERRED;


--
-- Name: finanzas_app_movimientofinanciero finanzas_app_movimie_cuenta_por_pagar_id_5a08ac28_fk_finanzas_; Type: FK CONSTRAINT; Schema: public; Owner: -
--

ALTER TABLE ONLY public.finanzas_app_movimientofinanciero
    ADD CONSTRAINT finanzas_app_movimie_cuenta_por_pagar_id_5a08ac28_fk_finanzas_ FOREIGN KEY (cuenta_por_pagar_id) REFERENCES public.finanzas_app_cuentaporpagar(id) DEFERRABLE INITIALLY DEFERRED;


--
-- Name: finanzas_app_movimientofinanciero finanzas_app_movimie_persona_asociada_id_6db59fcb_fk_miembros_; Type: FK CONSTRAINT; Schema: public; Owner: -
--

ALTER TABLE ONLY public.finanzas_app_movimientofinanciero
    ADD CONSTRAINT finanzas_app_movimie_persona_asociada_id_6db59fcb_fk_miembros_ FOREIGN KEY (persona_asociada_id) REFERENCES public.miembros_app_miembro(id) DEFERRABLE INITIALLY DEFERRED;


--
-- Name: finanzas_app_movimientofinanciero finanzas_app_movimie_unidad_id_740d19d1_fk_estructur; Type: FK CONSTRAINT; Schema: public; Owner: -
--

ALTER TABLE ONLY public.finanzas_app_movimientofinanciero
    ADD CONSTRAINT finanzas_app_movimie_unidad_id_740d19d1_fk_estructur FOREIGN KEY (unidad_id) REFERENCES public.estructura_app_unidad(id) DEFERRABLE INITIALLY DEFERRED;


--
-- Name: finanzas_app_proveedorfinanciero finanzas_app_proveed_miembro_id_2a178035_fk_miembros_; Type: FK CONSTRAINT; Schema: public; Owner: -
--

ALTER TABLE ONLY public.finanzas_app_proveedorfinanciero
    ADD CONSTRAINT finanzas_app_proveed_miembro_id_2a178035_fk_miembros_ FOREIGN KEY (miembro_id) REFERENCES public.miembros_app_miembro(id) DEFERRABLE INITIALLY DEFERRED;


--
-- Name: formacion_app_asistenciasesion formacion_app_asiste_miembro_id_172eb7f5_fk_miembros_; Type: FK CONSTRAINT; Schema: public; Owner: -
--

ALTER TABLE ONLY public.formacion_app_asistenciasesion
    ADD CONSTRAINT formacion_app_asiste_miembro_id_172eb7f5_fk_miembros_ FOREIGN KEY (miembro_id) REFERENCES public.miembros_app_miembro(id) DEFERRABLE INITIALLY DEFERRED;


--
-- Name: formacion_app_asistenciasesion formacion_app_asiste_sesion_id_0d6f30be_fk_formacion; Type: FK CONSTRAINT; Schema: public; Owner: -
--

ALTER TABLE ONLY public.formacion_app_asistenciasesion
    ADD CONSTRAINT formacion_app_asiste_sesion_id_0d6f30be_fk_formacion FOREIGN KEY (sesion_id) REFERENCES public.formacion_app_sesiongrupo(id) DEFERRABLE INITIALLY DEFERRED;


--
-- Name: formacion_app_cicloprograma formacion_app_ciclop_programa_id_8ecf95f2_fk_formacion; Type: FK CONSTRAINT; Schema: public; Owner: -
--

ALTER TABLE ONLY public.formacion_app_cicloprograma
    ADD CONSTRAINT formacion_app_ciclop_programa_id_8ecf95f2_fk_formacion FOREIGN KEY (programa_id) REFERENCES public.formacion_app_programaeducativo(id) DEFERRABLE INITIALLY DEFERRED;


--
-- Name: formacion_app_grupoformativo formacion_app_grupof_ciclo_id_d0455e41_fk_formacion; Type: FK CONSTRAINT; Schema: public; Owner: -
--

ALTER TABLE ONLY public.formacion_app_grupoformativo
    ADD CONSTRAINT formacion_app_grupof_ciclo_id_d0455e41_fk_formacion FOREIGN KEY (ciclo_id) REFERENCES public.formacion_app_cicloprograma(id) DEFERRABLE INITIALLY DEFERRED;


--
-- Name: formacion_app_grupoformativo_maestros formacion_app_grupof_grupoformativo_id_27e6d150_fk_formacion; Type: FK CONSTRAINT; Schema: public; Owner: -
--

ALTER TABLE ONLY public.formacion_app_grupoformativo_maestros
    ADD CONSTRAINT formacion_app_grupof_grupoformativo_id_27e6d150_fk_formacion FOREIGN KEY (grupoformativo_id) REFERENCES public.formacion_app_grupoformativo(id) DEFERRABLE INITIALLY DEFERRED;


--
-- Name: formacion_app_grupoformativo_ayudantes formacion_app_grupof_grupoformativo_id_fa80a503_fk_formacion; Type: FK CONSTRAINT; Schema: public; Owner: -
--

ALTER TABLE ONLY public.formacion_app_grupoformativo_ayudantes
    ADD CONSTRAINT formacion_app_grupof_grupoformativo_id_fa80a503_fk_formacion FOREIGN KEY (grupoformativo_id) REFERENCES public.formacion_app_grupoformativo(id) DEFERRABLE INITIALLY DEFERRED;


--
-- Name: formacion_app_grupoformativo formacion_app_grupof_maestro_id_f9b21748_fk_auth_user; Type: FK CONSTRAINT; Schema: public; Owner: -
--

ALTER TABLE ONLY public.formacion_app_grupoformativo
    ADD CONSTRAINT formacion_app_grupof_maestro_id_f9b21748_fk_auth_user FOREIGN KEY (maestro_id) REFERENCES public.auth_user(id) DEFERRABLE INITIALLY DEFERRED;


--
-- Name: formacion_app_grupoformativo_ayudantes formacion_app_grupof_miembro_id_927cef7a_fk_miembros_; Type: FK CONSTRAINT; Schema: public; Owner: -
--

ALTER TABLE ONLY public.formacion_app_grupoformativo_ayudantes
    ADD CONSTRAINT formacion_app_grupof_miembro_id_927cef7a_fk_miembros_ FOREIGN KEY (miembro_id) REFERENCES public.miembros_app_miembro(id) DEFERRABLE INITIALLY DEFERRED;


--
-- Name: formacion_app_grupoformativo_maestros formacion_app_grupof_miembro_id_9558ad94_fk_miembros_; Type: FK CONSTRAINT; Schema: public; Owner: -
--

ALTER TABLE ONLY public.formacion_app_grupoformativo_maestros
    ADD CONSTRAINT formacion_app_grupof_miembro_id_9558ad94_fk_miembros_ FOREIGN KEY (miembro_id) REFERENCES public.miembros_app_miembro(id) DEFERRABLE INITIALLY DEFERRED;


--
-- Name: formacion_app_grupoformativo formacion_app_grupof_programa_id_15a899c4_fk_formacion; Type: FK CONSTRAINT; Schema: public; Owner: -
--

ALTER TABLE ONLY public.formacion_app_grupoformativo
    ADD CONSTRAINT formacion_app_grupof_programa_id_15a899c4_fk_formacion FOREIGN KEY (programa_id) REFERENCES public.formacion_app_programaeducativo(id) DEFERRABLE INITIALLY DEFERRED;


--
-- Name: formacion_app_inscripciongrupo formacion_app_inscri_grupo_id_31efe9fc_fk_formacion; Type: FK CONSTRAINT; Schema: public; Owner: -
--

ALTER TABLE ONLY public.formacion_app_inscripciongrupo
    ADD CONSTRAINT formacion_app_inscri_grupo_id_31efe9fc_fk_formacion FOREIGN KEY (grupo_id) REFERENCES public.formacion_app_grupoformativo(id) DEFERRABLE INITIALLY DEFERRED;


--
-- Name: formacion_app_inscripciongrupo formacion_app_inscri_miembro_id_04575a89_fk_miembros_; Type: FK CONSTRAINT; Schema: public; Owner: -
--

ALTER TABLE ONLY public.formacion_app_inscripciongrupo
    ADD CONSTRAINT formacion_app_inscri_miembro_id_04575a89_fk_miembros_ FOREIGN KEY (miembro_id) REFERENCES public.miembros_app_miembro(id) DEFERRABLE INITIALLY DEFERRED;


--
-- Name: formacion_app_programaeducativo formacion_app_progra_unidad_responsable_i_3f248700_fk_estructur; Type: FK CONSTRAINT; Schema: public; Owner: -
--

ALTER TABLE ONLY public.formacion_app_programaeducativo
    ADD CONSTRAINT formacion_app_progra_unidad_responsable_i_3f248700_fk_estructur FOREIGN KEY (unidad_responsable_id) REFERENCES public.estructura_app_unidad(id) DEFERRABLE INITIALLY DEFERRED;


--
-- Name: formacion_app_rolformativo formacion_app_rolfor_miembro_id_35ca378d_fk_miembros_; Type: FK CONSTRAINT; Schema: public; Owner: -
--

ALTER TABLE ONLY public.formacion_app_rolformativo
    ADD CONSTRAINT formacion_app_rolfor_miembro_id_35ca378d_fk_miembros_ FOREIGN KEY (miembro_id) REFERENCES public.miembros_app_miembro(id) DEFERRABLE INITIALLY DEFERRED;


--
-- Name: formacion_app_sesiongrupo formacion_app_sesion_creada_por_id_d81d71b1_fk_auth_user; Type: FK CONSTRAINT; Schema: public; Owner: -
--

ALTER TABLE ONLY public.formacion_app_sesiongrupo
    ADD CONSTRAINT formacion_app_sesion_creada_por_id_d81d71b1_fk_auth_user FOREIGN KEY (creada_por_id) REFERENCES public.auth_user(id) DEFERRABLE INITIALLY DEFERRED;


--
-- Name: formacion_app_sesiongrupo formacion_app_sesion_grupo_id_84164c2b_fk_formacion; Type: FK CONSTRAINT; Schema: public; Owner: -
--

ALTER TABLE ONLY public.formacion_app_sesiongrupo
    ADD CONSTRAINT formacion_app_sesion_grupo_id_84164c2b_fk_formacion FOREIGN KEY (grupo_id) REFERENCES public.formacion_app_grupoformativo(id) DEFERRABLE INITIALLY DEFERRED;


--
-- Name: inventario_app_movimientorecurso inventario_app_movim_recurso_id_71e17a71_fk_inventari; Type: FK CONSTRAINT; Schema: public; Owner: -
--

ALTER TABLE ONLY public.inventario_app_movimientorecurso
    ADD CONSTRAINT inventario_app_movim_recurso_id_71e17a71_fk_inventari FOREIGN KEY (recurso_id) REFERENCES public.inventario_app_recurso(id) DEFERRABLE INITIALLY DEFERRED;


--
-- Name: inventario_app_movimientorecurso inventario_app_movim_ubicacion_destino_id_ce3c0672_fk_inventari; Type: FK CONSTRAINT; Schema: public; Owner: -
--

ALTER TABLE ONLY public.inventario_app_movimientorecurso
    ADD CONSTRAINT inventario_app_movim_ubicacion_destino_id_ce3c0672_fk_inventari FOREIGN KEY (ubicacion_destino_id) REFERENCES public.inventario_app_ubicacion(id) DEFERRABLE INITIALLY DEFERRED;


--
-- Name: inventario_app_movimientorecurso inventario_app_movim_ubicacion_origen_id_2320769d_fk_inventari; Type: FK CONSTRAINT; Schema: public; Owner: -
--

ALTER TABLE ONLY public.inventario_app_movimientorecurso
    ADD CONSTRAINT inventario_app_movim_ubicacion_origen_id_2320769d_fk_inventari FOREIGN KEY (ubicacion_origen_id) REFERENCES public.inventario_app_ubicacion(id) DEFERRABLE INITIALLY DEFERRED;


--
-- Name: inventario_app_recurso inventario_app_recur_categoria_id_4c4a9907_fk_inventari; Type: FK CONSTRAINT; Schema: public; Owner: -
--

ALTER TABLE ONLY public.inventario_app_recurso
    ADD CONSTRAINT inventario_app_recur_categoria_id_4c4a9907_fk_inventari FOREIGN KEY (categoria_id) REFERENCES public.inventario_app_categoriarecurso(id) DEFERRABLE INITIALLY DEFERRED;


--
-- Name: inventario_app_recurso inventario_app_recur_ubicacion_id_11547a23_fk_inventari; Type: FK CONSTRAINT; Schema: public; Owner: -
--

ALTER TABLE ONLY public.inventario_app_recurso
    ADD CONSTRAINT inventario_app_recur_ubicacion_id_11547a23_fk_inventari FOREIGN KEY (ubicacion_id) REFERENCES public.inventario_app_ubicacion(id) DEFERRABLE INITIALLY DEFERRED;


--
-- Name: miembros_app_hogarfamiliar miembros_app_hogarfa_clan_id_8a9c9c49_fk_miembros_; Type: FK CONSTRAINT; Schema: public; Owner: -
--

ALTER TABLE ONLY public.miembros_app_hogarfamiliar
    ADD CONSTRAINT miembros_app_hogarfa_clan_id_8a9c9c49_fk_miembros_ FOREIGN KEY (clan_id) REFERENCES public.miembros_app_clanfamiliar(id) DEFERRABLE INITIALLY DEFERRED;


--
-- Name: miembros_app_hogarmiembro miembros_app_hogarmi_hogar_id_7cc656f6_fk_miembros_; Type: FK CONSTRAINT; Schema: public; Owner: -
--

ALTER TABLE ONLY public.miembros_app_hogarmiembro
    ADD CONSTRAINT miembros_app_hogarmi_hogar_id_7cc656f6_fk_miembros_ FOREIGN KEY (hogar_id) REFERENCES public.miembros_app_hogarfamiliar(id) DEFERRABLE INITIALLY DEFERRED;


--
-- Name: miembros_app_hogarmiembro miembros_app_hogarmi_miembro_id_3a34f3a9_fk_miembros_; Type: FK CONSTRAINT; Schema: public; Owner: -
--

ALTER TABLE ONLY public.miembros_app_hogarmiembro
    ADD CONSTRAINT miembros_app_hogarmi_miembro_id_3a34f3a9_fk_miembros_ FOREIGN KEY (miembro_id) REFERENCES public.miembros_app_miembro(id) DEFERRABLE INITIALLY DEFERRED;


--
-- Name: miembros_app_miembrobitacora miembros_app_miembro_creado_por_id_b8ba66d5_fk_auth_user; Type: FK CONSTRAINT; Schema: public; Owner: -
--

ALTER TABLE ONLY public.miembros_app_miembrobitacora
    ADD CONSTRAINT miembros_app_miembro_creado_por_id_b8ba66d5_fk_auth_user FOREIGN KEY (creado_por_id) REFERENCES public.auth_user(id) DEFERRABLE INITIALLY DEFERRED;


--
-- Name: miembros_app_miembrorelacion miembros_app_miembro_familiar_id_a7adbeb6_fk_miembros_; Type: FK CONSTRAINT; Schema: public; Owner: -
--

ALTER TABLE ONLY public.miembros_app_miembrorelacion
    ADD CONSTRAINT miembros_app_miembro_familiar_id_a7adbeb6_fk_miembros_ FOREIGN KEY (familiar_id) REFERENCES public.miembros_app_miembro(id) DEFERRABLE INITIALLY DEFERRED;


--
-- Name: miembros_app_miembro_padres_espirituales miembros_app_miembro_from_miembro_id_be293202_fk_miembros_; Type: FK CONSTRAINT; Schema: public; Owner: -
--

ALTER TABLE ONLY public.miembros_app_miembro_padres_espirituales
    ADD CONSTRAINT miembros_app_miembro_from_miembro_id_be293202_fk_miembros_ FOREIGN KEY (from_miembro_id) REFERENCES public.miembros_app_miembro(id) DEFERRABLE INITIALLY DEFERRED;


--
-- Name: miembros_app_miembrorelacion miembros_app_miembro_miembro_id_9a9691c0_fk_miembros_; Type: FK CONSTRAINT; Schema: public; Owner: -
--

ALTER TABLE ONLY public.miembros_app_miembrorelacion
    ADD CONSTRAINT miembros_app_miembro_miembro_id_9a9691c0_fk_miembros_ FOREIGN KEY (miembro_id) REFERENCES public.miembros_app_miembro(id) DEFERRABLE INITIALLY DEFERRED;


--
-- Name: miembros_app_miembrobitacora miembros_app_miembro_miembro_id_a6469010_fk_miembros_; Type: FK CONSTRAINT; Schema: public; Owner: -
--

ALTER TABLE ONLY public.miembros_app_miembrobitacora
    ADD CONSTRAINT miembros_app_miembro_miembro_id_a6469010_fk_miembros_ FOREIGN KEY (miembro_id) REFERENCES public.miembros_app_miembro(id) DEFERRABLE INITIALLY DEFERRED;


--
-- Name: miembros_app_miembro miembros_app_miembro_razon_salida_id_dd625f85_fk_miembros_; Type: FK CONSTRAINT; Schema: public; Owner: -
--

ALTER TABLE ONLY public.miembros_app_miembro
    ADD CONSTRAINT miembros_app_miembro_razon_salida_id_dd625f85_fk_miembros_ FOREIGN KEY (razon_salida_id) REFERENCES public.miembros_app_razonsalidamiembro(id) DEFERRABLE INITIALLY DEFERRED;


--
-- Name: miembros_app_miembro_padres_espirituales miembros_app_miembro_to_miembro_id_c7e970ae_fk_miembros_; Type: FK CONSTRAINT; Schema: public; Owner: -
--

ALTER TABLE ONLY public.miembros_app_miembro_padres_espirituales
    ADD CONSTRAINT miembros_app_miembro_to_miembro_id_c7e970ae_fk_miembros_ FOREIGN KEY (to_miembro_id) REFERENCES public.miembros_app_miembro(id) DEFERRABLE INITIALLY DEFERRED;


--
-- Name: miembros_app_miembro miembros_app_miembro_usuario_id_96d27e27_fk_auth_user_id; Type: FK CONSTRAINT; Schema: public; Owner: -
--

ALTER TABLE ONLY public.miembros_app_miembro
    ADD CONSTRAINT miembros_app_miembro_usuario_id_96d27e27_fk_auth_user_id FOREIGN KEY (usuario_id) REFERENCES public.auth_user(id) DEFERRABLE INITIALLY DEFERRED;


--
-- Name: miembros_app_timelineevent miembros_app_timelin_miembro_id_5ed71b3e_fk_miembros_; Type: FK CONSTRAINT; Schema: public; Owner: -
--

ALTER TABLE ONLY public.miembros_app_timelineevent
    ADD CONSTRAINT miembros_app_timelin_miembro_id_5ed71b3e_fk_miembros_ FOREIGN KEY (miembro_id) REFERENCES public.miembros_app_miembro(id) DEFERRABLE INITIALLY DEFERRED;


--
-- Name: miembros_app_timelineevent miembros_app_timelineevent_usuario_id_d494f0df_fk_auth_user_id; Type: FK CONSTRAINT; Schema: public; Owner: -
--

ALTER TABLE ONLY public.miembros_app_timelineevent
    ADD CONSTRAINT miembros_app_timelineevent_usuario_id_d494f0df_fk_auth_user_id FOREIGN KEY (usuario_id) REFERENCES public.auth_user(id) DEFERRABLE INITIALLY DEFERRED;


--
-- Name: notificaciones_app_notification notificaciones_app_n_usuario_id_a134b40e_fk_auth_user; Type: FK CONSTRAINT; Schema: public; Owner: -
--

ALTER TABLE ONLY public.notificaciones_app_notification
    ADD CONSTRAINT notificaciones_app_n_usuario_id_a134b40e_fk_auth_user FOREIGN KEY (usuario_id) REFERENCES public.auth_user(id) DEFERRABLE INITIALLY DEFERRED;


--
-- Name: notificaciones_app_pushsubscription notificaciones_app_p_user_id_97c21d0c_fk_auth_user; Type: FK CONSTRAINT; Schema: public; Owner: -
--

ALTER TABLE ONLY public.notificaciones_app_pushsubscription
    ADD CONSTRAINT notificaciones_app_p_user_id_97c21d0c_fk_auth_user FOREIGN KEY (user_id) REFERENCES public.auth_user(id) DEFERRABLE INITIALLY DEFERRED;


--
-- Name: nuevo_creyente_app_nuevocreyentebitacora nuevo_creyente_app_n_creado_por_id_5df02055_fk_auth_user; Type: FK CONSTRAINT; Schema: public; Owner: -
--

ALTER TABLE ONLY public.nuevo_creyente_app_nuevocreyentebitacora
    ADD CONSTRAINT nuevo_creyente_app_n_creado_por_id_5df02055_fk_auth_user FOREIGN KEY (creado_por_id) REFERENCES public.auth_user(id) DEFERRABLE INITIALLY DEFERRED;


--
-- Name: nuevo_creyente_app_nuevocreyentebitacora nuevo_creyente_app_n_expediente_id_2869b416_fk_nuevo_cre; Type: FK CONSTRAINT; Schema: public; Owner: -
--

ALTER TABLE ONLY public.nuevo_creyente_app_nuevocreyentebitacora
    ADD CONSTRAINT nuevo_creyente_app_n_expediente_id_2869b416_fk_nuevo_cre FOREIGN KEY (expediente_id) REFERENCES public.nuevo_creyente_app_nuevocreyenteexpediente(id) DEFERRABLE INITIALLY DEFERRED;


--
-- Name: nuevo_creyente_app_nuevocreyentepadreespiritual nuevo_creyente_app_n_expediente_id_af4c4d5f_fk_nuevo_cre; Type: FK CONSTRAINT; Schema: public; Owner: -
--

ALTER TABLE ONLY public.nuevo_creyente_app_nuevocreyentepadreespiritual
    ADD CONSTRAINT nuevo_creyente_app_n_expediente_id_af4c4d5f_fk_nuevo_cre FOREIGN KEY (expediente_id) REFERENCES public.nuevo_creyente_app_nuevocreyenteexpediente(id) DEFERRABLE INITIALLY DEFERRED;


--
-- Name: nuevo_creyente_app_nuevocreyenteexpediente nuevo_creyente_app_n_miembro_id_42c0b4b8_fk_miembros_; Type: FK CONSTRAINT; Schema: public; Owner: -
--

ALTER TABLE ONLY public.nuevo_creyente_app_nuevocreyenteexpediente
    ADD CONSTRAINT nuevo_creyente_app_n_miembro_id_42c0b4b8_fk_miembros_ FOREIGN KEY (miembro_id) REFERENCES public.miembros_app_miembro(id) DEFERRABLE INITIALLY DEFERRED;


--
-- Name: nuevo_creyente_app_nuevocreyentepadreespiritual nuevo_creyente_app_n_padre_id_d939554e_fk_miembros_; Type: FK CONSTRAINT; Schema: public; Owner: -
--

ALTER TABLE ONLY public.nuevo_creyente_app_nuevocreyentepadreespiritual
    ADD CONSTRAINT nuevo_creyente_app_n_padre_id_d939554e_fk_miembros_ FOREIGN KEY (padre_id) REFERENCES public.miembros_app_miembro(id) DEFERRABLE INITIALLY DEFERRED;


--
-- Name: nuevo_creyente_app_nuevocreyenteexpediente nuevo_creyente_app_n_responsable_id_884180b4_fk_auth_user; Type: FK CONSTRAINT; Schema: public; Owner: -
--

ALTER TABLE ONLY public.nuevo_creyente_app_nuevocreyenteexpediente
    ADD CONSTRAINT nuevo_creyente_app_n_responsable_id_884180b4_fk_auth_user FOREIGN KEY (responsable_id) REFERENCES public.auth_user(id) DEFERRABLE INITIALLY DEFERRED;


--
-- Name: nuevo_creyente_app_nuevocreyenteexpediente nuevo_creyente_app_n_unidad_responsable_i_b17b035f_fk_estructur; Type: FK CONSTRAINT; Schema: public; Owner: -
--

ALTER TABLE ONLY public.nuevo_creyente_app_nuevocreyenteexpediente
    ADD CONSTRAINT nuevo_creyente_app_n_unidad_responsable_i_b17b035f_fk_estructur FOREIGN KEY (unidad_responsable_id) REFERENCES public.estructura_app_unidad(id) DEFERRABLE INITIALLY DEFERRED;


--
-- Name: votacion_app_candidato votacion_app_candida_miembro_id_02e5b935_fk_miembros_; Type: FK CONSTRAINT; Schema: public; Owner: -
--

ALTER TABLE ONLY public.votacion_app_candidato
    ADD CONSTRAINT votacion_app_candida_miembro_id_02e5b935_fk_miembros_ FOREIGN KEY (miembro_id) REFERENCES public.miembros_app_miembro(id) DEFERRABLE INITIALLY DEFERRED;


--
-- Name: votacion_app_candidato votacion_app_candida_votacion_id_c1925688_fk_votacion_; Type: FK CONSTRAINT; Schema: public; Owner: -
--

ALTER TABLE ONLY public.votacion_app_candidato
    ADD CONSTRAINT votacion_app_candida_votacion_id_c1925688_fk_votacion_ FOREIGN KEY (votacion_id) REFERENCES public.votacion_app_votacion(id) DEFERRABLE INITIALLY DEFERRED;


--
-- Name: votacion_app_listacandidatositem votacion_app_listaca_lista_id_5c8495e7_fk_votacion_; Type: FK CONSTRAINT; Schema: public; Owner: -
--

ALTER TABLE ONLY public.votacion_app_listacandidatositem
    ADD CONSTRAINT votacion_app_listaca_lista_id_5c8495e7_fk_votacion_ FOREIGN KEY (lista_id) REFERENCES public.votacion_app_listacandidatos(id) DEFERRABLE INITIALLY DEFERRED;


--
-- Name: votacion_app_listacandidatositem votacion_app_listaca_miembro_id_3be744c2_fk_miembros_; Type: FK CONSTRAINT; Schema: public; Owner: -
--

ALTER TABLE ONLY public.votacion_app_listacandidatositem
    ADD CONSTRAINT votacion_app_listaca_miembro_id_3be744c2_fk_miembros_ FOREIGN KEY (miembro_id) REFERENCES public.miembros_app_miembro(id) DEFERRABLE INITIALLY DEFERRED;


--
-- Name: votacion_app_ronda votacion_app_ronda_votacion_id_a492cbaf_fk_votacion_; Type: FK CONSTRAINT; Schema: public; Owner: -
--

ALTER TABLE ONLY public.votacion_app_ronda
    ADD CONSTRAINT votacion_app_ronda_votacion_id_a492cbaf_fk_votacion_ FOREIGN KEY (votacion_id) REFERENCES public.votacion_app_votacion(id) DEFERRABLE INITIALLY DEFERRED;


--
-- Name: votacion_app_voto votacion_app_voto_candidato_id_140b5400_fk_votacion_; Type: FK CONSTRAINT; Schema: public; Owner: -
--

ALTER TABLE ONLY public.votacion_app_voto
    ADD CONSTRAINT votacion_app_voto_candidato_id_140b5400_fk_votacion_ FOREIGN KEY (candidato_id) REFERENCES public.votacion_app_candidato(id) DEFERRABLE INITIALLY DEFERRED;


--
-- Name: votacion_app_voto votacion_app_voto_miembro_id_add18b81_fk_miembros_; Type: FK CONSTRAINT; Schema: public; Owner: -
--

ALTER TABLE ONLY public.votacion_app_voto
    ADD CONSTRAINT votacion_app_voto_miembro_id_add18b81_fk_miembros_ FOREIGN KEY (miembro_id) REFERENCES public.miembros_app_miembro(id) DEFERRABLE INITIALLY DEFERRED;


--
-- Name: votacion_app_voto votacion_app_voto_ronda_id_a3097ca2_fk_votacion_app_ronda_id; Type: FK CONSTRAINT; Schema: public; Owner: -
--

ALTER TABLE ONLY public.votacion_app_voto
    ADD CONSTRAINT votacion_app_voto_ronda_id_a3097ca2_fk_votacion_app_ronda_id FOREIGN KEY (ronda_id) REFERENCES public.votacion_app_ronda(id) DEFERRABLE INITIALLY DEFERRED;


--
-- Name: votacion_app_voto votacion_app_voto_votacion_id_c513a2cf_fk_votacion_; Type: FK CONSTRAINT; Schema: public; Owner: -
--

ALTER TABLE ONLY public.votacion_app_voto
    ADD CONSTRAINT votacion_app_voto_votacion_id_c513a2cf_fk_votacion_ FOREIGN KEY (votacion_id) REFERENCES public.votacion_app_votacion(id) DEFERRABLE INITIALLY DEFERRED;


--
-- PostgreSQL database dump complete
--

\unrestrict T1WubeVDtVmMalJ7MjpLnKTy1gIBNQg4Air4eqT8QEd3LI5LLML7GwL4yjdhG1u

